# Blender 4.2.0
# www.blender.org
mtllib Player.mtl
o hand
v -0.504565 -0.072925 -0.042293
v -0.504565 -0.102542 -0.071910
v -0.504565 -0.141239 -0.087938
v -0.504565 -0.162181 -0.090001
v -0.504565 -0.183123 -0.087938
v -0.504565 -0.221820 -0.071910
v -0.500479 -0.056896 -0.003194
v -0.496551 -0.063005 -0.022945
v -0.492930 -0.072925 -0.041147
v -0.489756 -0.086275 -0.057101
v -0.487152 -0.102542 -0.070195
v -0.485217 -0.121101 -0.079924
v -0.484025 -0.141239 -0.085915
v -0.483623 -0.162181 -0.087938
v -0.484025 -0.183123 -0.085915
v -0.485217 -0.203261 -0.079924
v -0.487152 -0.221820 -0.070195
v -0.489756 -0.238087 -0.057101
v -0.492930 -0.251437 -0.041147
v -0.496551 -0.261357 -0.022945
v -0.500479 -0.267466 -0.003194
v -0.496551 -0.056896 -0.002002
v -0.488844 -0.063005 -0.020607
v -0.481742 -0.072925 -0.037753
v -0.475517 -0.086275 -0.052782
v -0.470408 -0.102542 -0.065116
v -0.466612 -0.121101 -0.074280
v -0.464274 -0.141239 -0.079924
v -0.463485 -0.162181 -0.081830
v -0.464274 -0.183123 -0.079924
v -0.466612 -0.203261 -0.074280
v -0.470408 -0.221820 -0.065116
v -0.475517 -0.238087 -0.052782
v -0.481742 -0.251437 -0.037753
v -0.488844 -0.261357 -0.020607
v -0.496551 -0.267466 -0.002002
v -0.492930 -0.056896 -0.000067
v -0.481742 -0.063005 -0.016811
v -0.471431 -0.072925 -0.032242
v -0.462394 -0.086275 -0.045767
v -0.454977 -0.102542 -0.056867
v -0.449466 -0.121101 -0.065116
v -0.446072 -0.141239 -0.070195
v -0.444926 -0.162181 -0.071910
v -0.446072 -0.183123 -0.070195
v -0.449466 -0.203261 -0.065116
v -0.454977 -0.221820 -0.056867
v -0.462394 -0.238087 -0.045767
v -0.471431 -0.251437 -0.032242
v -0.481742 -0.261357 -0.016811
v -0.492930 -0.267466 -0.000067
v -0.489756 -0.056896 0.002538
v -0.475517 -0.063005 -0.011702
v -0.462394 -0.072925 -0.024825
v -0.450891 -0.086275 -0.036327
v -0.441451 -0.102542 -0.045767
v -0.434437 -0.121101 -0.052782
v -0.430118 -0.141239 -0.057101
v -0.428659 -0.162181 -0.058560
v -0.430118 -0.183123 -0.057101
v -0.434437 -0.203261 -0.052782
v -0.441451 -0.221820 -0.045767
v -0.450891 -0.238087 -0.036327
v -0.462394 -0.251437 -0.024825
v -0.475517 -0.261357 -0.011702
v -0.489756 -0.267466 0.002538
v -0.487152 -0.056896 0.005711
v -0.470408 -0.063005 -0.005477
v -0.454977 -0.072925 -0.015787
v -0.441451 -0.086275 -0.024825
v -0.430351 -0.102542 -0.032242
v -0.422103 -0.121101 -0.037753
v -0.417024 -0.141239 -0.041147
v -0.415309 -0.162181 -0.042293
v -0.417024 -0.183123 -0.041147
v -0.422103 -0.203261 -0.037753
v -0.430351 -0.221820 -0.032242
v -0.441451 -0.238087 -0.024825
v -0.454977 -0.251437 -0.015787
v -0.470408 -0.261357 -0.005477
v -0.487152 -0.267466 0.005711
v -0.504565 -0.054834 0.017346
v -0.485217 -0.056896 0.009332
v -0.466612 -0.063005 0.001625
v -0.449466 -0.072925 -0.005477
v -0.434437 -0.086275 -0.011702
v -0.422103 -0.102542 -0.016811
v -0.412938 -0.121101 -0.020607
v -0.407295 -0.141239 -0.022945
v -0.405389 -0.162181 -0.023734
v -0.407295 -0.183123 -0.022945
v -0.412938 -0.203261 -0.020607
v -0.422103 -0.221820 -0.016811
v -0.434437 -0.238087 -0.011702
v -0.449466 -0.251437 -0.005477
v -0.466612 -0.261357 0.001625
v -0.485217 -0.267466 0.009332
v -0.484025 -0.056896 0.013260
v -0.464274 -0.063005 0.009332
v -0.446072 -0.072925 0.005711
v -0.430118 -0.086275 0.002538
v -0.417024 -0.102542 -0.000067
v -0.407295 -0.121101 -0.002002
v -0.401303 -0.141239 -0.003194
v -0.399280 -0.162181 -0.003596
v -0.401303 -0.183123 -0.003194
v -0.407295 -0.203261 -0.002002
v -0.417024 -0.221820 -0.000067
v -0.430118 -0.238087 0.002538
v -0.446072 -0.251437 0.005711
v -0.464274 -0.261357 0.009332
v -0.484025 -0.267466 0.013260
v -0.483623 -0.056896 0.017346
v -0.463485 -0.063005 0.017346
v -0.444926 -0.072925 0.017346
v -0.428659 -0.086275 0.017346
v -0.415309 -0.102542 0.017346
v -0.405389 -0.121101 0.017346
v -0.399280 -0.141239 0.017346
v -0.397218 -0.162181 0.017346
v -0.399280 -0.183123 0.017346
v -0.405389 -0.203261 0.017346
v -0.415309 -0.221820 0.017346
v -0.428659 -0.238087 0.017346
v -0.444926 -0.251437 0.017346
v -0.463485 -0.261357 0.017346
v -0.483623 -0.267466 0.017346
v -0.484025 -0.056896 0.021432
v -0.464274 -0.063005 0.025360
v -0.446072 -0.072925 0.028981
v -0.430118 -0.086275 0.032155
v -0.417024 -0.102542 0.034759
v -0.407295 -0.121101 0.036694
v -0.401303 -0.141239 0.037886
v -0.399280 -0.162181 0.038288
v -0.401303 -0.183123 0.037886
v -0.407295 -0.203261 0.036694
v -0.417024 -0.221820 0.034759
v -0.430118 -0.238087 0.032155
v -0.446072 -0.251437 0.028981
v -0.464274 -0.261357 0.025360
v -0.484025 -0.267466 0.021432
v -0.485217 -0.056896 0.025360
v -0.466612 -0.063005 0.033067
v -0.449466 -0.072925 0.040169
v -0.434437 -0.086275 0.046394
v -0.422103 -0.102542 0.051503
v -0.412938 -0.121101 0.055299
v -0.407295 -0.141239 0.057637
v -0.405389 -0.162181 0.058426
v -0.407295 -0.183123 0.057637
v -0.412938 -0.203261 0.055299
v -0.422103 -0.221820 0.051503
v -0.434437 -0.238087 0.046394
v -0.449466 -0.251437 0.040169
v -0.466612 -0.261357 0.033067
v -0.485217 -0.267466 0.025360
v -0.487152 -0.056896 0.028981
v -0.470408 -0.063005 0.040169
v -0.454977 -0.072925 0.050480
v -0.441451 -0.086275 0.059517
v -0.430351 -0.102542 0.066934
v -0.422103 -0.121101 0.072445
v -0.417024 -0.141239 0.075839
v -0.415309 -0.162181 0.076985
v -0.417024 -0.183123 0.075839
v -0.422103 -0.203261 0.072445
v -0.430351 -0.221820 0.066934
v -0.441451 -0.238087 0.059517
v -0.454977 -0.251437 0.050480
v -0.470408 -0.261357 0.040169
v -0.487152 -0.267466 0.028981
v -0.489756 -0.056896 0.032155
v -0.475517 -0.063005 0.046394
v -0.462394 -0.072925 0.059517
v -0.450891 -0.086275 0.071020
v -0.441452 -0.102542 0.080460
v -0.434437 -0.121101 0.087474
v -0.430118 -0.141239 0.091793
v -0.428659 -0.162181 0.093252
v -0.430118 -0.183123 0.091793
v -0.434437 -0.203261 0.087474
v -0.441452 -0.221820 0.080460
v -0.450891 -0.238087 0.071020
v -0.462394 -0.251437 0.059517
v -0.475517 -0.261357 0.046394
v -0.489756 -0.267466 0.032155
v -0.492930 -0.056896 0.034759
v -0.481742 -0.063005 0.051503
v -0.471431 -0.072925 0.066934
v -0.462394 -0.086275 0.080460
v -0.454977 -0.102542 0.091560
v -0.449466 -0.121101 0.099808
v -0.446072 -0.141239 0.104887
v -0.444926 -0.162181 0.106602
v -0.446072 -0.183123 0.104887
v -0.449466 -0.203261 0.099808
v -0.454977 -0.221820 0.091560
v -0.462394 -0.238087 0.080460
v -0.471431 -0.251437 0.066934
v -0.481742 -0.261357 0.051503
v -0.492930 -0.267466 0.034759
v -0.496551 -0.056896 0.036694
v -0.488844 -0.063005 0.055299
v -0.481742 -0.072925 0.072445
v -0.475517 -0.086275 0.087474
v -0.470408 -0.102542 0.099808
v -0.466612 -0.121101 0.108973
v -0.464274 -0.141239 0.114616
v -0.463485 -0.162181 0.116522
v -0.464274 -0.183123 0.114616
v -0.466612 -0.203261 0.108973
v -0.470408 -0.221820 0.099808
v -0.475517 -0.238087 0.087474
v -0.481742 -0.251437 0.072445
v -0.488844 -0.261357 0.055299
v -0.496551 -0.267466 0.036694
v -0.500479 -0.056896 0.037886
v -0.496551 -0.063005 0.057637
v -0.492930 -0.072925 0.075839
v -0.489756 -0.086275 0.091793
v -0.487152 -0.102542 0.104887
v -0.485217 -0.121101 0.114616
v -0.484025 -0.141239 0.120608
v -0.483623 -0.162181 0.122631
v -0.484025 -0.183123 0.120608
v -0.485217 -0.203261 0.114616
v -0.487152 -0.221820 0.104887
v -0.489756 -0.238087 0.091793
v -0.492930 -0.251437 0.075839
v -0.496551 -0.261357 0.057637
v -0.500479 -0.267466 0.037886
v -0.504565 -0.056896 0.038288
v -0.504565 -0.063005 0.058426
v -0.504565 -0.072925 0.076985
v -0.504565 -0.086275 0.093252
v -0.504565 -0.102542 0.106602
v -0.504565 -0.121101 0.116522
v -0.504565 -0.141239 0.122631
v -0.504565 -0.162181 0.124693
v -0.504565 -0.183123 0.122631
v -0.504565 -0.203261 0.116522
v -0.504565 -0.221820 0.106602
v -0.504565 -0.238087 0.093252
v -0.504565 -0.251437 0.076985
v -0.504565 -0.261357 0.058426
v -0.504565 -0.267466 0.038288
v -0.508651 -0.056896 0.037886
v -0.512579 -0.063005 0.057637
v -0.516200 -0.072925 0.075839
v -0.519373 -0.086275 0.091793
v -0.521978 -0.102542 0.104887
v -0.523913 -0.121101 0.114616
v -0.525105 -0.141239 0.120608
v -0.525507 -0.162181 0.122631
v -0.525105 -0.183123 0.120608
v -0.523913 -0.203261 0.114616
v -0.521978 -0.221820 0.104887
v -0.519373 -0.238087 0.091793
v -0.516200 -0.251437 0.075839
v -0.512579 -0.261357 0.057637
v -0.508651 -0.267466 0.037886
v -0.512579 -0.056896 0.036694
v -0.520286 -0.063005 0.055299
v -0.527388 -0.072925 0.072445
v -0.533613 -0.086275 0.087474
v -0.538722 -0.102542 0.099808
v -0.542518 -0.121101 0.108973
v -0.544856 -0.141239 0.114616
v -0.545645 -0.162181 0.116522
v -0.544856 -0.183123 0.114616
v -0.542518 -0.203261 0.108973
v -0.538722 -0.221820 0.099808
v -0.533613 -0.238087 0.087474
v -0.527388 -0.251437 0.072445
v -0.520286 -0.261357 0.055299
v -0.512579 -0.267466 0.036694
v -0.516200 -0.056896 0.034759
v -0.527388 -0.063005 0.051503
v -0.537699 -0.072925 0.066934
v -0.546736 -0.086275 0.080460
v -0.554153 -0.102542 0.091560
v -0.559664 -0.121101 0.099808
v -0.563058 -0.141239 0.104887
v -0.564204 -0.162181 0.106602
v -0.563058 -0.183123 0.104887
v -0.559664 -0.203261 0.099808
v -0.554153 -0.221820 0.091560
v -0.546736 -0.238087 0.080460
v -0.537699 -0.251437 0.066934
v -0.527388 -0.261357 0.051503
v -0.516200 -0.267466 0.034759
v -0.519373 -0.056896 0.032155
v -0.533613 -0.063005 0.046394
v -0.546736 -0.072925 0.059517
v -0.558239 -0.086275 0.071020
v -0.567678 -0.102542 0.080460
v -0.574693 -0.121101 0.087474
v -0.579012 -0.141239 0.091793
v -0.580471 -0.162181 0.093252
v -0.579012 -0.183123 0.091793
v -0.574693 -0.203261 0.087474
v -0.567678 -0.221820 0.080460
v -0.558239 -0.238087 0.071020
v -0.546736 -0.251437 0.059517
v -0.533613 -0.261357 0.046394
v -0.519373 -0.267466 0.032155
v -0.504565 -0.269528 0.017346
v -0.521978 -0.056896 0.028981
v -0.538722 -0.063005 0.040169
v -0.554153 -0.072925 0.050480
v -0.567678 -0.086275 0.059517
v -0.578778 -0.102542 0.066934
v -0.587027 -0.121101 0.072445
v -0.592106 -0.141239 0.075839
v -0.593821 -0.162181 0.076985
v -0.592106 -0.183123 0.075839
v -0.587027 -0.203261 0.072445
v -0.578778 -0.221820 0.066934
v -0.567678 -0.238087 0.059517
v -0.554153 -0.251437 0.050480
v -0.538722 -0.261357 0.040169
v -0.521978 -0.267466 0.028981
v -0.523913 -0.056896 0.025360
v -0.542518 -0.063005 0.033067
v -0.559664 -0.072925 0.040169
v -0.574693 -0.086275 0.046394
v -0.587027 -0.102542 0.051503
v -0.596191 -0.121101 0.055299
v -0.601835 -0.141239 0.057637
v -0.603741 -0.162181 0.058426
v -0.601835 -0.183123 0.057637
v -0.596191 -0.203261 0.055299
v -0.587027 -0.221820 0.051503
v -0.574693 -0.238087 0.046394
v -0.559664 -0.251437 0.040169
v -0.542518 -0.261357 0.033067
v -0.523913 -0.267466 0.025360
v -0.525105 -0.056896 0.021432
v -0.544856 -0.063005 0.025360
v -0.563058 -0.072925 0.028981
v -0.579012 -0.086275 0.032155
v -0.592106 -0.102542 0.034759
v -0.601835 -0.121101 0.036694
v -0.607826 -0.141239 0.037886
v -0.609849 -0.162181 0.038288
v -0.607826 -0.183123 0.037886
v -0.601835 -0.203261 0.036694
v -0.592106 -0.221820 0.034759
v -0.579012 -0.238087 0.032155
v -0.563058 -0.251437 0.028981
v -0.544856 -0.261357 0.025360
v -0.525105 -0.267466 0.021432
v -0.525507 -0.056896 0.017346
v -0.545645 -0.063005 0.017346
v -0.564204 -0.072925 0.017346
v -0.580471 -0.086275 0.017346
v -0.593821 -0.102542 0.017346
v -0.603741 -0.121101 0.017346
v -0.609849 -0.141239 0.017346
v -0.611912 -0.162181 0.017346
v -0.609849 -0.183123 0.017346
v -0.603741 -0.203261 0.017346
v -0.593821 -0.221820 0.017346
v -0.580471 -0.238087 0.017346
v -0.564204 -0.251437 0.017346
v -0.545645 -0.261357 0.017346
v -0.525507 -0.267466 0.017346
v -0.525105 -0.056896 0.013260
v -0.544856 -0.063005 0.009332
v -0.563058 -0.072925 0.005711
v -0.579012 -0.086275 0.002538
v -0.592106 -0.102542 -0.000067
v -0.601835 -0.121101 -0.002002
v -0.607826 -0.141239 -0.003194
v -0.609849 -0.162181 -0.003596
v -0.607826 -0.183123 -0.003194
v -0.601835 -0.203261 -0.002002
v -0.592106 -0.221820 -0.000067
v -0.579012 -0.238087 0.002538
v -0.563058 -0.251437 0.005711
v -0.544856 -0.261357 0.009332
v -0.525105 -0.267466 0.013260
v -0.523913 -0.056896 0.009332
v -0.542518 -0.063005 0.001625
v -0.559664 -0.072925 -0.005477
v -0.574693 -0.086275 -0.011702
v -0.587027 -0.102542 -0.016811
v -0.596191 -0.121101 -0.020607
v -0.601835 -0.141239 -0.022945
v -0.603741 -0.162181 -0.023734
v -0.601835 -0.183123 -0.022945
v -0.596191 -0.203261 -0.020607
v -0.587027 -0.221820 -0.016811
v -0.574693 -0.238087 -0.011702
v -0.559664 -0.251437 -0.005477
v -0.542518 -0.261357 0.001625
v -0.523913 -0.267466 0.009332
v -0.521978 -0.056896 0.005711
v -0.538722 -0.063005 -0.005477
v -0.554153 -0.072925 -0.015787
v -0.567678 -0.086275 -0.024825
v -0.578778 -0.102542 -0.032242
v -0.587027 -0.121101 -0.037753
v -0.592106 -0.141239 -0.041147
v -0.593821 -0.162181 -0.042293
v -0.592106 -0.183123 -0.041147
v -0.587027 -0.203261 -0.037753
v -0.578778 -0.221820 -0.032242
v -0.567678 -0.238087 -0.024825
v -0.554153 -0.251437 -0.015787
v -0.538722 -0.261357 -0.005477
v -0.521978 -0.267466 0.005711
v -0.519373 -0.056896 0.002538
v -0.533613 -0.063005 -0.011702
v -0.546736 -0.072925 -0.024825
v -0.558239 -0.086275 -0.036327
v -0.567678 -0.102542 -0.045767
v -0.574693 -0.121101 -0.052782
v -0.579012 -0.141239 -0.057101
v -0.580471 -0.162181 -0.058560
v -0.579012 -0.183123 -0.057101
v -0.574693 -0.203261 -0.052782
v -0.567678 -0.221820 -0.045767
v -0.558239 -0.238087 -0.036327
v -0.546736 -0.251437 -0.024825
v -0.533613 -0.261357 -0.011702
v -0.519373 -0.267466 0.002538
v -0.516200 -0.056896 -0.000067
v -0.527388 -0.063005 -0.016811
v -0.537699 -0.072925 -0.032242
v -0.546736 -0.086275 -0.045767
v -0.554153 -0.102542 -0.056867
v -0.559664 -0.121101 -0.065116
v -0.563058 -0.141239 -0.070195
v -0.564204 -0.162181 -0.071910
v -0.563058 -0.183123 -0.070195
v -0.559664 -0.203261 -0.065116
v -0.554153 -0.221820 -0.056867
v -0.546736 -0.238087 -0.045767
v -0.537699 -0.251437 -0.032242
v -0.527388 -0.261357 -0.016811
v -0.516200 -0.267466 -0.000067
v -0.512579 -0.056896 -0.002002
v -0.520286 -0.063005 -0.020607
v -0.527388 -0.072925 -0.037753
v -0.533613 -0.086275 -0.052782
v -0.538722 -0.102542 -0.065116
v -0.542518 -0.121101 -0.074280
v -0.544856 -0.141239 -0.079924
v -0.545645 -0.162181 -0.081830
v -0.544856 -0.183123 -0.079924
v -0.542518 -0.203261 -0.074280
v -0.538722 -0.221820 -0.065116
v -0.533613 -0.238087 -0.052782
v -0.527388 -0.251437 -0.037753
v -0.520286 -0.261357 -0.020607
v -0.512579 -0.267466 -0.002002
v -0.508651 -0.056896 -0.003194
v -0.512579 -0.063005 -0.022945
v -0.516200 -0.072925 -0.041147
v -0.519373 -0.086275 -0.057101
v -0.521978 -0.102542 -0.070195
v -0.523913 -0.121101 -0.079924
v -0.525105 -0.141239 -0.085915
v -0.525507 -0.162181 -0.087938
v -0.525105 -0.183123 -0.085915
v -0.523913 -0.203261 -0.079924
v -0.521978 -0.221820 -0.070195
v -0.519373 -0.238087 -0.057101
v -0.516200 -0.251437 -0.041147
v -0.512579 -0.261357 -0.022945
v -0.508651 -0.267466 -0.003194
v -0.504565 -0.056896 -0.003596
v -0.504565 -0.063005 -0.023734
v -0.504565 -0.086275 -0.058560
v -0.504565 -0.121101 -0.081830
v -0.504565 -0.203261 -0.081830
v -0.504565 -0.238087 -0.058560
v -0.504565 -0.251437 -0.042293
v -0.504565 -0.261357 -0.023734
v -0.504565 -0.267466 -0.003596
v 0.504565 -0.072925 -0.042293
v 0.504565 -0.102542 -0.071910
v 0.504565 -0.141239 -0.087938
v 0.504565 -0.162181 -0.090001
v 0.504565 -0.183123 -0.087938
v 0.504565 -0.221820 -0.071910
v 0.500479 -0.056896 -0.003194
v 0.496551 -0.063005 -0.022945
v 0.492930 -0.072925 -0.041147
v 0.489756 -0.086275 -0.057101
v 0.487152 -0.102542 -0.070195
v 0.485217 -0.121101 -0.079924
v 0.484025 -0.141239 -0.085915
v 0.483623 -0.162181 -0.087938
v 0.484025 -0.183123 -0.085915
v 0.485217 -0.203261 -0.079924
v 0.487152 -0.221820 -0.070195
v 0.489756 -0.238087 -0.057101
v 0.492930 -0.251437 -0.041147
v 0.496551 -0.261357 -0.022945
v 0.500479 -0.267466 -0.003194
v 0.496551 -0.056896 -0.002002
v 0.488844 -0.063005 -0.020607
v 0.481742 -0.072925 -0.037753
v 0.475517 -0.086275 -0.052782
v 0.470408 -0.102542 -0.065116
v 0.466612 -0.121101 -0.074280
v 0.464274 -0.141239 -0.079924
v 0.463485 -0.162181 -0.081830
v 0.464274 -0.183123 -0.079924
v 0.466612 -0.203261 -0.074280
v 0.470408 -0.221820 -0.065116
v 0.475517 -0.238087 -0.052782
v 0.481742 -0.251437 -0.037753
v 0.488844 -0.261357 -0.020607
v 0.496551 -0.267466 -0.002002
v 0.492930 -0.056896 -0.000067
v 0.481742 -0.063005 -0.016811
v 0.471431 -0.072925 -0.032242
v 0.462394 -0.086275 -0.045767
v 0.454977 -0.102542 -0.056867
v 0.449466 -0.121101 -0.065116
v 0.446072 -0.141239 -0.070195
v 0.444926 -0.162181 -0.071910
v 0.446072 -0.183123 -0.070195
v 0.449466 -0.203261 -0.065116
v 0.454977 -0.221820 -0.056867
v 0.462394 -0.238087 -0.045767
v 0.471431 -0.251437 -0.032242
v 0.481742 -0.261357 -0.016811
v 0.492930 -0.267466 -0.000067
v 0.489756 -0.056896 0.002538
v 0.475517 -0.063005 -0.011702
v 0.462394 -0.072925 -0.024825
v 0.450891 -0.086275 -0.036327
v 0.441452 -0.102542 -0.045767
v 0.434437 -0.121101 -0.052782
v 0.430118 -0.141239 -0.057101
v 0.428659 -0.162181 -0.058560
v 0.430118 -0.183123 -0.057101
v 0.434437 -0.203261 -0.052782
v 0.441452 -0.221820 -0.045767
v 0.450891 -0.238087 -0.036327
v 0.462394 -0.251437 -0.024825
v 0.475517 -0.261357 -0.011702
v 0.489756 -0.267466 0.002538
v 0.487152 -0.056896 0.005711
v 0.470408 -0.063005 -0.005477
v 0.454977 -0.072925 -0.015787
v 0.441452 -0.086275 -0.024825
v 0.430351 -0.102542 -0.032242
v 0.422103 -0.121101 -0.037753
v 0.417024 -0.141239 -0.041147
v 0.415309 -0.162181 -0.042293
v 0.417024 -0.183123 -0.041147
v 0.422103 -0.203261 -0.037753
v 0.430351 -0.221820 -0.032242
v 0.441452 -0.238087 -0.024825
v 0.454977 -0.251437 -0.015787
v 0.470408 -0.261357 -0.005477
v 0.487152 -0.267466 0.005711
v 0.504565 -0.054834 0.017346
v 0.485217 -0.056896 0.009332
v 0.466612 -0.063005 0.001625
v 0.449466 -0.072925 -0.005477
v 0.434437 -0.086275 -0.011702
v 0.422103 -0.102542 -0.016811
v 0.412938 -0.121101 -0.020607
v 0.407295 -0.141239 -0.022945
v 0.405389 -0.162181 -0.023734
v 0.407295 -0.183123 -0.022945
v 0.412938 -0.203261 -0.020607
v 0.422103 -0.221820 -0.016811
v 0.434437 -0.238087 -0.011702
v 0.449466 -0.251437 -0.005477
v 0.466612 -0.261357 0.001625
v 0.485217 -0.267466 0.009332
v 0.484025 -0.056896 0.013260
v 0.464274 -0.063005 0.009332
v 0.446072 -0.072925 0.005711
v 0.430118 -0.086275 0.002538
v 0.417024 -0.102542 -0.000067
v 0.407295 -0.121101 -0.002002
v 0.401303 -0.141239 -0.003194
v 0.399280 -0.162181 -0.003596
v 0.401303 -0.183123 -0.003194
v 0.407295 -0.203261 -0.002002
v 0.417024 -0.221820 -0.000067
v 0.430118 -0.238087 0.002538
v 0.446072 -0.251437 0.005711
v 0.464274 -0.261357 0.009332
v 0.484025 -0.267466 0.013260
v 0.483623 -0.056896 0.017346
v 0.463485 -0.063005 0.017346
v 0.444926 -0.072925 0.017346
v 0.428659 -0.086275 0.017346
v 0.415309 -0.102542 0.017346
v 0.405389 -0.121101 0.017346
v 0.399280 -0.141239 0.017346
v 0.397218 -0.162181 0.017346
v 0.399280 -0.183123 0.017346
v 0.405389 -0.203261 0.017346
v 0.415309 -0.221820 0.017346
v 0.428659 -0.238087 0.017346
v 0.444926 -0.251437 0.017346
v 0.463485 -0.261357 0.017346
v 0.483623 -0.267466 0.017346
v 0.484025 -0.056896 0.021432
v 0.464274 -0.063005 0.025360
v 0.446072 -0.072925 0.028981
v 0.430118 -0.086275 0.032155
v 0.417024 -0.102542 0.034759
v 0.407295 -0.121101 0.036694
v 0.401303 -0.141239 0.037886
v 0.399280 -0.162181 0.038288
v 0.401303 -0.183123 0.037886
v 0.407295 -0.203261 0.036694
v 0.417024 -0.221820 0.034759
v 0.430118 -0.238087 0.032155
v 0.446072 -0.251437 0.028981
v 0.464274 -0.261357 0.025360
v 0.484025 -0.267466 0.021432
v 0.485217 -0.056896 0.025360
v 0.466612 -0.063005 0.033067
v 0.449466 -0.072925 0.040169
v 0.434437 -0.086275 0.046394
v 0.422103 -0.102542 0.051503
v 0.412938 -0.121101 0.055299
v 0.407295 -0.141239 0.057637
v 0.405389 -0.162181 0.058426
v 0.407295 -0.183123 0.057637
v 0.412938 -0.203261 0.055299
v 0.422103 -0.221820 0.051503
v 0.434437 -0.238087 0.046394
v 0.449466 -0.251437 0.040169
v 0.466612 -0.261357 0.033067
v 0.485217 -0.267466 0.025360
v 0.487152 -0.056896 0.028981
v 0.470408 -0.063005 0.040169
v 0.454977 -0.072925 0.050480
v 0.441452 -0.086275 0.059517
v 0.430351 -0.102542 0.066934
v 0.422103 -0.121101 0.072445
v 0.417024 -0.141239 0.075839
v 0.415309 -0.162181 0.076985
v 0.417024 -0.183123 0.075839
v 0.422103 -0.203261 0.072445
v 0.430351 -0.221820 0.066934
v 0.441452 -0.238087 0.059517
v 0.454977 -0.251437 0.050480
v 0.470408 -0.261357 0.040169
v 0.487152 -0.267466 0.028981
v 0.489756 -0.056896 0.032155
v 0.475517 -0.063005 0.046394
v 0.462394 -0.072925 0.059517
v 0.450891 -0.086275 0.071020
v 0.441452 -0.102542 0.080460
v 0.434437 -0.121101 0.087474
v 0.430118 -0.141239 0.091793
v 0.428659 -0.162181 0.093252
v 0.430118 -0.183123 0.091793
v 0.434437 -0.203261 0.087474
v 0.441452 -0.221820 0.080460
v 0.450891 -0.238087 0.071020
v 0.462394 -0.251437 0.059517
v 0.475517 -0.261357 0.046394
v 0.489756 -0.267466 0.032155
v 0.492930 -0.056896 0.034759
v 0.481742 -0.063005 0.051503
v 0.471431 -0.072925 0.066934
v 0.462394 -0.086275 0.080460
v 0.454977 -0.102542 0.091560
v 0.449466 -0.121101 0.099808
v 0.446072 -0.141239 0.104887
v 0.444926 -0.162181 0.106602
v 0.446072 -0.183123 0.104887
v 0.449466 -0.203261 0.099808
v 0.454977 -0.221820 0.091560
v 0.462394 -0.238087 0.080460
v 0.471431 -0.251437 0.066934
v 0.481742 -0.261357 0.051503
v 0.492930 -0.267466 0.034759
v 0.496551 -0.056896 0.036694
v 0.488844 -0.063005 0.055299
v 0.481742 -0.072925 0.072445
v 0.475517 -0.086275 0.087474
v 0.470408 -0.102542 0.099808
v 0.466612 -0.121101 0.108973
v 0.464274 -0.141239 0.114616
v 0.463485 -0.162181 0.116522
v 0.464274 -0.183123 0.114616
v 0.466612 -0.203261 0.108973
v 0.470408 -0.221820 0.099808
v 0.475517 -0.238087 0.087474
v 0.481742 -0.251437 0.072445
v 0.488844 -0.261357 0.055299
v 0.496551 -0.267466 0.036694
v 0.500479 -0.056896 0.037886
v 0.496551 -0.063005 0.057637
v 0.492930 -0.072925 0.075839
v 0.489756 -0.086275 0.091793
v 0.487152 -0.102542 0.104887
v 0.485217 -0.121101 0.114616
v 0.484025 -0.141239 0.120608
v 0.483623 -0.162181 0.122631
v 0.484025 -0.183123 0.120608
v 0.485217 -0.203261 0.114616
v 0.487152 -0.221820 0.104887
v 0.489756 -0.238087 0.091793
v 0.492930 -0.251437 0.075839
v 0.496551 -0.261357 0.057637
v 0.500479 -0.267466 0.037886
v 0.504565 -0.056896 0.038288
v 0.504565 -0.063005 0.058426
v 0.504565 -0.072925 0.076985
v 0.504565 -0.086275 0.093252
v 0.504565 -0.102542 0.106602
v 0.504565 -0.121101 0.116522
v 0.504565 -0.141239 0.122631
v 0.504565 -0.162181 0.124693
v 0.504565 -0.183123 0.122631
v 0.504565 -0.203261 0.116522
v 0.504565 -0.221820 0.106602
v 0.504565 -0.238087 0.093252
v 0.504565 -0.251437 0.076985
v 0.504565 -0.261357 0.058426
v 0.504565 -0.267466 0.038288
v 0.508651 -0.056896 0.037886
v 0.512579 -0.063005 0.057637
v 0.516200 -0.072925 0.075839
v 0.519373 -0.086275 0.091793
v 0.521978 -0.102542 0.104887
v 0.523913 -0.121101 0.114616
v 0.525105 -0.141239 0.120608
v 0.525507 -0.162181 0.122631
v 0.525105 -0.183123 0.120608
v 0.523913 -0.203261 0.114616
v 0.521978 -0.221820 0.104887
v 0.519373 -0.238087 0.091793
v 0.516200 -0.251437 0.075839
v 0.512579 -0.261357 0.057637
v 0.508651 -0.267466 0.037886
v 0.512579 -0.056896 0.036694
v 0.520286 -0.063005 0.055299
v 0.527388 -0.072925 0.072445
v 0.533613 -0.086275 0.087474
v 0.538722 -0.102542 0.099808
v 0.542518 -0.121101 0.108973
v 0.544856 -0.141239 0.114616
v 0.545645 -0.162181 0.116522
v 0.544856 -0.183123 0.114616
v 0.542518 -0.203261 0.108973
v 0.538722 -0.221820 0.099808
v 0.533613 -0.238087 0.087474
v 0.527388 -0.251437 0.072445
v 0.520286 -0.261357 0.055299
v 0.512579 -0.267466 0.036694
v 0.516200 -0.056896 0.034759
v 0.527388 -0.063005 0.051503
v 0.537699 -0.072925 0.066934
v 0.546736 -0.086275 0.080460
v 0.554153 -0.102542 0.091560
v 0.559664 -0.121101 0.099808
v 0.563058 -0.141239 0.104887
v 0.564204 -0.162181 0.106602
v 0.563058 -0.183123 0.104887
v 0.559664 -0.203261 0.099808
v 0.554153 -0.221820 0.091560
v 0.546736 -0.238087 0.080460
v 0.537699 -0.251437 0.066934
v 0.527388 -0.261357 0.051503
v 0.516200 -0.267466 0.034759
v 0.519373 -0.056896 0.032155
v 0.533613 -0.063005 0.046394
v 0.546736 -0.072925 0.059517
v 0.558239 -0.086275 0.071020
v 0.567678 -0.102542 0.080460
v 0.574693 -0.121101 0.087474
v 0.579012 -0.141239 0.091793
v 0.580471 -0.162181 0.093252
v 0.579012 -0.183123 0.091793
v 0.574693 -0.203261 0.087474
v 0.567678 -0.221820 0.080460
v 0.558239 -0.238087 0.071020
v 0.546736 -0.251437 0.059517
v 0.533613 -0.261357 0.046394
v 0.519373 -0.267466 0.032155
v 0.504565 -0.269528 0.017346
v 0.521978 -0.056896 0.028981
v 0.538722 -0.063005 0.040169
v 0.554153 -0.072925 0.050480
v 0.567678 -0.086275 0.059517
v 0.578779 -0.102542 0.066934
v 0.587027 -0.121101 0.072445
v 0.592106 -0.141239 0.075839
v 0.593821 -0.162181 0.076985
v 0.592106 -0.183123 0.075839
v 0.587027 -0.203261 0.072445
v 0.578779 -0.221820 0.066934
v 0.567678 -0.238087 0.059517
v 0.554153 -0.251437 0.050480
v 0.538722 -0.261357 0.040169
v 0.521978 -0.267466 0.028981
v 0.523913 -0.056896 0.025360
v 0.542518 -0.063005 0.033067
v 0.559664 -0.072925 0.040169
v 0.574693 -0.086275 0.046394
v 0.587027 -0.102542 0.051503
v 0.596191 -0.121101 0.055299
v 0.601835 -0.141239 0.057637
v 0.603741 -0.162181 0.058426
v 0.601835 -0.183123 0.057637
v 0.596191 -0.203261 0.055299
v 0.587027 -0.221820 0.051503
v 0.574693 -0.238087 0.046394
v 0.559664 -0.251437 0.040169
v 0.542518 -0.261357 0.033067
v 0.523913 -0.267466 0.025360
v 0.525105 -0.056896 0.021432
v 0.544856 -0.063005 0.025360
v 0.563058 -0.072925 0.028981
v 0.579012 -0.086275 0.032155
v 0.592106 -0.102542 0.034759
v 0.601835 -0.121101 0.036694
v 0.607826 -0.141239 0.037886
v 0.609849 -0.162181 0.038288
v 0.607826 -0.183123 0.037886
v 0.601835 -0.203261 0.036694
v 0.592106 -0.221820 0.034759
v 0.579012 -0.238087 0.032155
v 0.563058 -0.251437 0.028981
v 0.544856 -0.261357 0.025360
v 0.525105 -0.267466 0.021432
v 0.525507 -0.056896 0.017346
v 0.545645 -0.063005 0.017346
v 0.564204 -0.072925 0.017346
v 0.580471 -0.086275 0.017346
v 0.593821 -0.102542 0.017346
v 0.603741 -0.121101 0.017346
v 0.609849 -0.141239 0.017346
v 0.611912 -0.162181 0.017346
v 0.609849 -0.183123 0.017346
v 0.603741 -0.203261 0.017346
v 0.593821 -0.221820 0.017346
v 0.580471 -0.238087 0.017346
v 0.564204 -0.251437 0.017346
v 0.545645 -0.261357 0.017346
v 0.525507 -0.267466 0.017346
v 0.525105 -0.056896 0.013260
v 0.544856 -0.063005 0.009332
v 0.563058 -0.072925 0.005711
v 0.579012 -0.086275 0.002538
v 0.592106 -0.102542 -0.000067
v 0.601835 -0.121101 -0.002002
v 0.607826 -0.141239 -0.003194
v 0.609849 -0.162181 -0.003596
v 0.607826 -0.183123 -0.003194
v 0.601835 -0.203261 -0.002002
v 0.592106 -0.221820 -0.000067
v 0.579012 -0.238087 0.002538
v 0.563058 -0.251437 0.005711
v 0.544856 -0.261357 0.009332
v 0.525105 -0.267466 0.013260
v 0.523913 -0.056896 0.009332
v 0.542518 -0.063005 0.001625
v 0.559664 -0.072925 -0.005477
v 0.574693 -0.086275 -0.011702
v 0.587027 -0.102542 -0.016811
v 0.596191 -0.121101 -0.020607
v 0.601835 -0.141239 -0.022945
v 0.603741 -0.162181 -0.023734
v 0.601835 -0.183123 -0.022945
v 0.596191 -0.203261 -0.020607
v 0.587027 -0.221820 -0.016811
v 0.574693 -0.238087 -0.011702
v 0.559664 -0.251437 -0.005477
v 0.542518 -0.261357 0.001625
v 0.523913 -0.267466 0.009332
v 0.521978 -0.056896 0.005711
v 0.538722 -0.063005 -0.005477
v 0.554153 -0.072925 -0.015787
v 0.567678 -0.086275 -0.024825
v 0.578779 -0.102542 -0.032242
v 0.587027 -0.121101 -0.037753
v 0.592106 -0.141239 -0.041147
v 0.593821 -0.162181 -0.042293
v 0.592106 -0.183123 -0.041147
v 0.587027 -0.203261 -0.037753
v 0.578779 -0.221820 -0.032242
v 0.567678 -0.238087 -0.024825
v 0.554153 -0.251437 -0.015787
v 0.538722 -0.261357 -0.005477
v 0.521978 -0.267466 0.005711
v 0.519373 -0.056896 0.002538
v 0.533613 -0.063005 -0.011702
v 0.546736 -0.072925 -0.024825
v 0.558239 -0.086275 -0.036327
v 0.567678 -0.102542 -0.045767
v 0.574693 -0.121101 -0.052782
v 0.579012 -0.141239 -0.057101
v 0.580471 -0.162181 -0.058560
v 0.579012 -0.183123 -0.057101
v 0.574693 -0.203261 -0.052782
v 0.567678 -0.221820 -0.045767
v 0.558239 -0.238087 -0.036327
v 0.546736 -0.251437 -0.024825
v 0.533613 -0.261357 -0.011702
v 0.519373 -0.267466 0.002538
v 0.516200 -0.056896 -0.000067
v 0.527388 -0.063005 -0.016811
v 0.537699 -0.072925 -0.032242
v 0.546736 -0.086275 -0.045767
v 0.554153 -0.102542 -0.056867
v 0.559664 -0.121101 -0.065116
v 0.563058 -0.141239 -0.070195
v 0.564204 -0.162181 -0.071910
v 0.563058 -0.183123 -0.070195
v 0.559664 -0.203261 -0.065116
v 0.554153 -0.221820 -0.056867
v 0.546736 -0.238087 -0.045767
v 0.537699 -0.251437 -0.032242
v 0.527388 -0.261357 -0.016811
v 0.516200 -0.267466 -0.000067
v 0.512579 -0.056896 -0.002002
v 0.520286 -0.063005 -0.020607
v 0.527388 -0.072925 -0.037753
v 0.533613 -0.086275 -0.052782
v 0.538722 -0.102542 -0.065116
v 0.542518 -0.121101 -0.074280
v 0.544856 -0.141239 -0.079924
v 0.545645 -0.162181 -0.081830
v 0.544856 -0.183123 -0.079924
v 0.542518 -0.203261 -0.074280
v 0.538722 -0.221820 -0.065116
v 0.533613 -0.238087 -0.052782
v 0.527388 -0.251437 -0.037753
v 0.520286 -0.261357 -0.020607
v 0.512579 -0.267466 -0.002002
v 0.508651 -0.056896 -0.003194
v 0.512579 -0.063005 -0.022945
v 0.516200 -0.072925 -0.041147
v 0.519373 -0.086275 -0.057101
v 0.521978 -0.102542 -0.070195
v 0.523913 -0.121101 -0.079924
v 0.525105 -0.141239 -0.085915
v 0.525507 -0.162181 -0.087938
v 0.525105 -0.183123 -0.085915
v 0.523913 -0.203261 -0.079924
v 0.521978 -0.221820 -0.070195
v 0.519373 -0.238087 -0.057101
v 0.516200 -0.251437 -0.041147
v 0.512579 -0.261357 -0.022945
v 0.508651 -0.267466 -0.003194
v 0.504565 -0.056896 -0.003596
v 0.504565 -0.063005 -0.023734
v 0.504565 -0.086275 -0.058560
v 0.504565 -0.121101 -0.081830
v 0.504565 -0.203261 -0.081830
v 0.504565 -0.238087 -0.058560
v 0.504565 -0.251437 -0.042293
v 0.504565 -0.261357 -0.023734
v 0.504565 -0.267466 -0.003596
v 0.208993 0.257421 -0.208993
v 0.152413 -0.199753 -0.198961
v 0.208993 0.257421 0.208993
v 0.146356 -0.204411 0.241081
v -0.208993 0.257421 -0.208993
v -0.152413 -0.199753 -0.198961
v -0.208993 0.257421 0.208993
v -0.146356 -0.204411 0.241081
v -0.216441 -0.191610 -0.122140
v -0.230280 -0.205450 -0.010072
v -0.216441 -0.191610 0.101995
v 0.090426 -0.191610 -0.226513
v 0.000000 -0.205450 -0.240353
v -0.090426 -0.191610 -0.226513
v 0.239478 0.172423 -0.239478
v 0.267266 0.048352 -0.263343
v 0.252514 -0.073361 -0.234492
v -0.236769 -0.029336 0.291701
v -0.253619 0.131664 0.273984
v -0.239478 0.172423 0.239478
v 0.239478 0.172423 0.239478
v 0.253579 0.128617 0.284091
v 0.238199 -0.029336 0.291701
v -0.239478 0.172423 -0.239478
v -0.267189 0.048352 -0.263343
v -0.252514 -0.073361 -0.234492
v 0.123996 0.287906 0.239478
v 0.000000 0.513411 0.014029
v -0.123996 0.287906 0.239478
v 0.239478 0.287906 -0.123996
v 0.254791 0.303219 -0.000000
v 0.239478 0.287906 0.123996
v 0.110873 -0.016583 0.302643
v 0.000000 -0.272298 0.249344
v -0.110874 -0.016615 0.301532
v -0.239478 0.287906 0.123996
v -0.254791 0.303219 -0.000000
v -0.239478 0.287906 -0.123996
v -0.123996 0.287906 -0.239478
v 0.000000 0.303219 -0.254791
v 0.123996 0.287906 -0.239478
v 0.216441 -0.191610 0.101995
v 0.230280 -0.205450 -0.010072
v 0.216441 -0.191610 -0.122140
v 0.132149 0.353136 -0.132150
v 0.000000 0.375222 -0.139248
v -0.132149 0.353136 -0.132149
v 0.139248 0.375222 -0.000000
v 0.000000 0.399330 -0.000000
v -0.139248 0.375222 -0.000000
v 0.132149 0.353136 0.132149
v 0.000000 0.375222 0.139248
v -0.132149 0.353136 0.132149
v 0.104513 0.073324 0.340047
v 0.132149 0.180577 0.378202
v 0.000000 -0.065234 0.393521
v 0.000000 0.073324 0.394696
v 0.000000 0.201464 0.427149
v -0.104513 0.073181 0.335604
v -0.132149 0.180577 0.378202
v -0.321295 -0.080410 0.120415
v -0.342706 0.048352 0.149929
v -0.304708 0.180577 0.132149
v -0.344583 -0.086548 -0.005789
v -0.367991 0.048352 0.003884
v -0.326794 0.187676 -0.000000
v -0.321295 -0.080410 -0.131992
v -0.342706 0.048352 -0.142160
v -0.304708 0.180577 -0.132149
v -0.132149 -0.256280 -0.132149
v 0.000000 -0.278366 -0.139248
v 0.132149 -0.256280 -0.132149
v -0.139248 -0.278366 0.000000
v 0.000000 -0.287925 0.000000
v 0.139248 -0.278366 0.000000
v -0.132149 -0.256280 0.132149
v 0.000000 -0.278366 0.139248
v 0.132149 -0.256280 0.132149
v 0.321295 -0.080410 -0.131992
v 0.342783 0.048352 -0.142160
v 0.304708 0.180577 -0.132149
v 0.344583 -0.086548 -0.005789
v 0.368068 0.048352 0.003884
v 0.326794 0.187676 -0.000000
v 0.321295 -0.080410 0.120415
v 0.342783 0.048352 0.149929
v 0.304708 0.180577 0.132149
v -0.139343 -0.080410 -0.296787
v -0.146006 0.048352 -0.338860
v -0.132149 0.180577 -0.304708
v 0.000000 -0.086548 -0.317879
v 0.000038 0.048352 -0.364145
v 0.000000 0.187676 -0.326794
v 0.139343 -0.080410 -0.296787
v 0.146083 0.048352 -0.338860
v 0.132149 0.180577 -0.304708
v 0.000000 0.350948 0.344016
v 0.403614 0.271021 0.041260
v 0.255317 0.491487 0.052783
v -0.403614 0.271020 0.041259
v -0.255317 0.491487 0.052783
v -0.166495 0.272664 0.342566
v 0.166495 0.272664 0.342566
v -0.237596 0.142732 0.359560
v 0.237597 0.142732 0.359560
v 0.112390 0.146809 0.420015
v 0.000000 0.150358 0.443112
v -0.102160 0.146809 0.420015
v 0.315751 0.114502 0.135699
v -0.315751 0.114502 0.135699
v 0.247135 0.110426 -0.247135
v -0.247135 0.110426 -0.247135
v -0.338848 0.118052 -0.000000
v -0.315751 0.114502 -0.135699
v 0.315751 0.114502 -0.135699
v 0.338848 0.118052 -0.000000
v -0.135699 0.114502 -0.315751
v 0.000000 0.118052 -0.338848
v 0.135699 0.114502 -0.315751
v -0.275310 0.152044 0.238500
v 0.275289 0.150520 0.243554
v 0.247135 -0.016881 -0.247135
v -0.221748 -0.013195 0.242974
v 0.221746 -0.013131 0.245196
v -0.247135 -0.016881 -0.247135
v 0.000000 0.000250 0.360091
v -0.315751 -0.020572 0.135699
v -0.338848 -0.023785 0.000000
v -0.315751 -0.020572 -0.135699
v 0.315751 -0.020572 -0.135699
v 0.338848 -0.023785 0.000000
v 0.315751 -0.020572 0.135699
v -0.135699 -0.020572 -0.315751
v 0.000000 -0.023785 -0.338848
v 0.135699 -0.020572 -0.315751
v -0.292047 0.059686 0.253913
v 0.281373 0.058122 0.256748
v 0.346540 0.147540 0.141656
v -0.346540 0.147540 0.141656
v -0.371776 0.152864 0.003822
v -0.346540 0.147540 -0.134013
v 0.346540 0.147540 -0.134012
v 0.371776 0.152864 0.003822
v -0.149599 0.147540 -0.353122
v 0.000000 0.152864 -0.376373
v 0.149599 0.147540 -0.353122
v 0.271784 0.141425 -0.246588
v -0.271784 0.141425 -0.246588
v 0.000000 -0.168766 0.348011
v 0.119100 -0.047285 0.342611
v -0.118384 -0.047285 0.342611
v -0.262144 -0.331632 0.274236
v -0.253538 -0.411496 0.251927
v -0.258127 -0.309214 -0.146925
v -0.255245 -0.408859 -0.147341
v -0.089164 -0.331632 0.274236
v -0.097771 -0.411496 0.251927
v -0.093182 -0.309214 -0.146925
v -0.096064 -0.408859 -0.147341
v -0.272300 -0.296593 0.047884
v -0.270574 -0.422431 0.050052
v -0.272780 -0.346054 -0.172235
v -0.175654 -0.320651 -0.209203
v -0.175654 -0.409855 -0.183420
v -0.078529 -0.346054 -0.172235
v -0.079009 -0.296593 0.047884
v -0.080735 -0.422431 0.050052
v -0.175654 -0.296949 0.304298
v -0.175654 -0.422695 0.295351
v -0.306196 -0.347208 0.045845
v -0.045112 -0.347208 0.045845
v -0.175654 -0.345773 0.387737
v -0.175654 -0.270435 0.050959
v -0.175654 -0.427254 0.050040
v 0.262144 -0.331632 0.274236
v 0.253538 -0.411496 0.251927
v 0.258127 -0.309214 -0.146925
v 0.255245 -0.408859 -0.147341
v 0.089164 -0.331632 0.274236
v 0.097771 -0.411496 0.251927
v 0.093182 -0.309214 -0.146925
v 0.096064 -0.408859 -0.147341
v 0.272300 -0.296593 0.047884
v 0.270574 -0.422431 0.050052
v 0.272780 -0.346054 -0.172235
v 0.175654 -0.320651 -0.209203
v 0.175654 -0.409855 -0.183420
v 0.078529 -0.346054 -0.172235
v 0.079009 -0.296593 0.047884
v 0.080735 -0.422431 0.050052
v 0.175654 -0.296949 0.304298
v 0.175654 -0.422695 0.295351
v 0.306196 -0.347208 0.045845
v 0.045112 -0.347208 0.045845
v 0.175654 -0.345773 0.387737
v 0.175654 -0.270435 0.050959
v 0.175654 -0.427254 0.050040
v -0.266636 -0.301329 -0.071181
v -0.271084 -0.304600 0.167947
v -0.265083 -0.419859 0.171493
v -0.265966 -0.418872 -0.070675
v -0.266242 -0.382399 -0.166589
v -0.270418 -0.321929 -0.165208
v -0.122111 -0.307694 -0.175189
v -0.229198 -0.307694 -0.175189
v -0.223391 -0.411226 -0.172998
v -0.127918 -0.411226 -0.172998
v -0.085067 -0.382399 -0.166589
v -0.080891 -0.321929 -0.165208
v -0.080225 -0.304600 0.167947
v -0.084673 -0.301329 -0.071181
v -0.085342 -0.418872 -0.070675
v -0.086226 -0.419859 0.171493
v -0.219909 -0.342843 0.362305
v -0.221244 -0.304645 0.297877
v -0.130065 -0.304645 0.297877
v -0.128801 -0.419892 0.281762
v -0.222508 -0.419892 0.281762
v -0.296866 -0.388981 0.049544
v -0.297782 -0.348139 -0.075678
v -0.298898 -0.317301 0.040973
v -0.131399 -0.342843 0.362305
v -0.055156 -0.343022 0.164232
v -0.088946 -0.380677 0.274802
v -0.053526 -0.348139 -0.075678
v -0.054442 -0.388981 0.049544
v -0.296153 -0.343022 0.164232
v -0.052411 -0.317301 0.040973
v -0.262362 -0.380677 0.274802
v -0.175654 -0.387901 0.362404
v -0.175654 -0.316787 0.372936
v -0.175654 -0.284747 -0.087254
v -0.122753 -0.278685 0.051232
v -0.175654 -0.278090 0.189410
v -0.228555 -0.278685 0.051232
v -0.175654 -0.423854 -0.083296
v -0.227700 -0.430013 0.050042
v -0.175654 -0.431575 0.184858
v -0.123609 -0.430013 0.050042
v -0.233307 -0.339219 -0.218464
v -0.175654 -0.373149 -0.225929
v -0.118002 -0.339219 -0.218464
v 0.266636 -0.301329 -0.071181
v 0.271084 -0.304600 0.167947
v 0.265083 -0.419859 0.171493
v 0.265966 -0.418872 -0.070675
v 0.266242 -0.382399 -0.166589
v 0.270418 -0.321929 -0.165208
v 0.122111 -0.307694 -0.175189
v 0.229198 -0.307694 -0.175189
v 0.223391 -0.411226 -0.172998
v 0.127918 -0.411226 -0.172998
v 0.085067 -0.382399 -0.166589
v 0.080891 -0.321929 -0.165208
v 0.080225 -0.304600 0.167947
v 0.084673 -0.301329 -0.071181
v 0.085342 -0.418872 -0.070675
v 0.086226 -0.419859 0.171493
v 0.219909 -0.342843 0.362305
v 0.221244 -0.304645 0.297877
v 0.130065 -0.304645 0.297877
v 0.128801 -0.419892 0.281762
v 0.222508 -0.419892 0.281762
v 0.296866 -0.388981 0.049544
v 0.297782 -0.348139 -0.075678
v 0.298898 -0.317301 0.040973
v 0.131400 -0.342843 0.362305
v 0.055156 -0.343022 0.164232
v 0.088946 -0.380677 0.274802
v 0.053526 -0.348139 -0.075678
v 0.054442 -0.388981 0.049544
v 0.296153 -0.343022 0.164232
v 0.052411 -0.317301 0.040973
v 0.262362 -0.380677 0.274802
v 0.175654 -0.387901 0.362404
v 0.175654 -0.316787 0.372936
v 0.175654 -0.284747 -0.087254
v 0.122753 -0.278685 0.051232
v 0.175654 -0.278090 0.189410
v 0.228555 -0.278686 0.051232
v 0.175654 -0.423854 -0.083296
v 0.227700 -0.430013 0.050042
v 0.175654 -0.431575 0.184858
v 0.123609 -0.430013 0.050042
v 0.233307 -0.339219 -0.218464
v 0.175654 -0.373149 -0.225929
v 0.118002 -0.339219 -0.218464
v -0.295180 -0.318684 0.132972
v -0.287616 -0.384943 0.172844
v -0.289758 -0.387734 -0.072898
v -0.290545 -0.319664 -0.073831
v -0.244502 -0.321119 -0.204928
v -0.226302 -0.377046 -0.214292
v -0.125007 -0.377046 -0.214292
v -0.106806 -0.321119 -0.204928
v -0.060763 -0.319665 -0.073831
v -0.061551 -0.387734 -0.072898
v -0.063692 -0.384943 0.172844
v -0.056128 -0.318684 0.132972
v -0.143005 -0.318588 0.360514
v -0.128256 -0.384808 0.340034
v -0.223053 -0.384808 0.340034
v -0.208303 -0.318588 0.360514
v -0.226428 -0.288928 -0.079694
v -0.124881 -0.288928 -0.079694
v -0.123600 -0.286700 0.185388
v -0.227708 -0.286700 0.185388
v -0.125521 -0.426156 -0.078303
v -0.225787 -0.426156 -0.078303
v -0.225598 -0.431549 0.179490
v -0.125711 -0.431549 0.179490
v 0.295180 -0.318684 0.132972
v 0.287616 -0.384943 0.172844
v 0.289758 -0.387734 -0.072898
v 0.290545 -0.319664 -0.073831
v 0.244502 -0.321119 -0.204928
v 0.226302 -0.377046 -0.214292
v 0.125007 -0.377046 -0.214292
v 0.106806 -0.321119 -0.204928
v 0.060763 -0.319664 -0.073831
v 0.061551 -0.387734 -0.072898
v 0.063692 -0.384943 0.172844
v 0.056128 -0.318684 0.132972
v 0.143005 -0.318588 0.360514
v 0.128256 -0.384808 0.340034
v 0.223053 -0.384808 0.340034
v 0.208303 -0.318588 0.360514
v 0.226428 -0.288928 -0.079694
v 0.124881 -0.288928 -0.079694
v 0.123600 -0.286700 0.185388
v 0.227708 -0.286700 0.185388
v 0.125521 -0.426156 -0.078303
v 0.225787 -0.426156 -0.078303
v 0.225598 -0.431549 0.179490
v 0.125711 -0.431548 0.179490
vn 0.0866 0.4696 -0.8786
vn 0.0464 -0.8810 -0.4709
vn 0.0938 0.2890 -0.9527
vn 0.0285 -0.9565 -0.2902
vn 0.0976 0.0976 -0.9904
vn 0.0096 0.9951 -0.0980
vn 0.0096 -0.9951 -0.0980
vn 0.0975 -0.0975 -0.9904
vn 0.0286 0.9565 -0.2902
vn 0.0939 -0.2890 -0.9527
vn 0.0464 0.8810 -0.4709
vn 0.0865 -0.4696 -0.8786
vn 0.0624 0.7715 -0.6332
vn 0.0759 -0.6326 -0.7708
vn 0.0759 0.6326 -0.7708
vn 0.0624 -0.7715 -0.6332
vn 0.2248 -0.6326 -0.7412
vn 0.2248 0.6326 -0.7412
vn 0.1847 -0.7715 -0.6088
vn 0.2563 0.4696 -0.8449
vn 0.1374 -0.8810 -0.4528
vn 0.2779 0.2890 -0.9161
vn 0.0847 -0.9565 -0.2790
vn 0.2889 0.0975 -0.9524
vn 0.0286 0.9951 -0.0942
vn 0.0286 -0.9951 -0.0942
vn 0.2889 -0.0976 -0.9524
vn 0.0846 0.9565 -0.2790
vn 0.2779 -0.2890 -0.9161
vn 0.1374 0.8810 -0.4528
vn 0.2563 -0.4696 -0.8449
vn 0.1847 0.7715 -0.6088
vn 0.0464 -0.9951 -0.0868
vn 0.4691 -0.0976 -0.8777
vn 0.1374 0.9565 -0.2572
vn 0.4513 -0.2890 -0.8443
vn 0.2230 0.8810 -0.4173
vn 0.4162 -0.4696 -0.7786
vn 0.2999 0.7715 -0.5611
vn 0.3651 -0.6326 -0.6830
vn 0.3651 0.6326 -0.6830
vn 0.2999 -0.7715 -0.5611
vn 0.4161 0.4696 -0.7786
vn 0.2230 -0.8810 -0.4173
vn 0.4513 0.2890 -0.8443
vn 0.1374 -0.9565 -0.2572
vn 0.4691 0.0976 -0.8777
vn 0.0464 0.9951 -0.0868
vn 0.4036 -0.7715 -0.4918
vn 0.5601 0.4696 -0.6825
vn 0.3002 -0.8810 -0.3658
vn 0.6073 0.2890 -0.7400
vn 0.1850 -0.9565 -0.2254
vn 0.6314 0.0976 -0.7693
vn 0.0625 0.9951 -0.0761
vn 0.0625 -0.9951 -0.0761
vn 0.6314 -0.0976 -0.7693
vn 0.1850 0.9565 -0.2254
vn 0.6073 -0.2890 -0.7400
vn 0.3002 0.8810 -0.3658
vn 0.5601 -0.4696 -0.6825
vn 0.4036 0.7715 -0.4918
vn 0.4913 -0.6326 -0.5987
vn 0.4913 0.6326 -0.5987
vn 0.2254 0.9565 -0.1850
vn 0.7400 -0.2890 -0.6073
vn 0.3658 0.8810 -0.3002
vn 0.6825 -0.4696 -0.5601
vn 0.4918 0.7715 -0.4036
vn 0.5987 -0.6326 -0.4914
vn 0.5987 0.6326 -0.4914
vn 0.4918 -0.7715 -0.4036
vn 0.6825 0.4696 -0.5601
vn 0.3658 -0.8810 -0.3002
vn 0.7400 0.2890 -0.6073
vn 0.2254 -0.9565 -0.1850
vn 0.7693 0.0976 -0.6314
vn 0.0761 0.9951 -0.0625
vn 0.0761 -0.9951 -0.0625
vn 0.7693 -0.0976 -0.6314
vn 0.7786 0.4696 -0.4162
vn 0.4173 -0.8810 -0.2230
vn 0.8443 0.2890 -0.4513
vn 0.2572 -0.9565 -0.1374
vn 0.8777 0.0976 -0.4691
vn 0.0868 0.9951 -0.0464
vn 0.0868 -0.9951 -0.0464
vn 0.8777 -0.0975 -0.4691
vn 0.2572 0.9565 -0.1374
vn 0.8443 -0.2890 -0.4513
vn 0.4173 0.8810 -0.2231
vn 0.7786 -0.4696 -0.4162
vn 0.5611 0.7715 -0.2999
vn 0.6831 -0.6326 -0.3651
vn 0.6831 0.6326 -0.3651
vn 0.5611 -0.7715 -0.2999
vn 0.9161 -0.2890 -0.2779
vn 0.4528 0.8810 -0.1374
vn 0.8449 -0.4696 -0.2563
vn 0.6088 0.7715 -0.1847
vn 0.7412 -0.6326 -0.2248
vn 0.7411 0.6326 -0.2248
vn 0.6088 -0.7715 -0.1847
vn 0.8449 0.4696 -0.2563
vn 0.4528 -0.8810 -0.1374
vn 0.9161 0.2890 -0.2779
vn 0.2790 -0.9565 -0.0847
vn 0.9524 0.0975 -0.2889
vn 0.0942 0.9951 -0.0286
vn 0.0942 -0.9951 -0.0286
vn 0.9524 -0.0976 -0.2889
vn 0.2790 0.9565 -0.0846
vn 0.4709 -0.8810 -0.0464
vn 0.9527 0.2890 -0.0938
vn 0.2902 -0.9565 -0.0285
vn 0.9904 0.0975 -0.0975
vn 0.0980 0.9951 -0.0096
vn 0.0980 -0.9951 -0.0096
vn 0.9904 -0.0975 -0.0975
vn 0.2902 0.9565 -0.0286
vn 0.9527 -0.2890 -0.0939
vn 0.4709 0.8810 -0.0464
vn 0.8786 -0.4696 -0.0865
vn 0.6332 0.7715 -0.0624
vn 0.7708 -0.6326 -0.0759
vn 0.7708 0.6326 -0.0759
vn 0.6332 -0.7715 -0.0624
vn 0.8786 0.4696 -0.0866
vn 0.4709 0.8810 0.0464
vn 0.8786 -0.4696 0.0865
vn 0.6332 0.7715 0.0624
vn 0.7708 -0.6326 0.0759
vn 0.7708 0.6326 0.0759
vn 0.6332 -0.7715 0.0624
vn 0.8786 0.4696 0.0866
vn 0.4709 -0.8810 0.0464
vn 0.9527 0.2890 0.0938
vn 0.2902 -0.9565 0.0285
vn 0.9904 0.0976 0.0975
vn 0.0980 0.9951 0.0096
vn 0.0980 -0.9951 0.0096
vn 0.9904 -0.0975 0.0975
vn 0.2902 0.9565 0.0286
vn 0.9527 -0.2890 0.0939
vn 0.9161 0.2890 0.2779
vn 0.2790 -0.9565 0.0847
vn 0.9524 0.0976 0.2889
vn 0.0942 0.9951 0.0286
vn 0.0942 -0.9951 0.0286
vn 0.9524 -0.0975 0.2889
vn 0.2790 0.9565 0.0846
vn 0.9161 -0.2890 0.2779
vn 0.4528 0.8810 0.1374
vn 0.8449 -0.4696 0.2563
vn 0.6088 0.7715 0.1847
vn 0.7412 -0.6326 0.2248
vn 0.7412 0.6326 0.2248
vn 0.6088 -0.7715 0.1847
vn 0.8449 0.4696 0.2563
vn 0.4528 -0.8810 0.1374
vn 0.7786 -0.4696 0.4162
vn 0.5611 0.7715 0.2999
vn 0.6831 -0.6326 0.3651
vn 0.6831 0.6326 0.3651
vn 0.5611 -0.7715 0.2999
vn 0.7786 0.4696 0.4162
vn 0.4173 -0.8810 0.2230
vn 0.8443 0.2890 0.4513
vn 0.2572 -0.9565 0.1374
vn 0.8777 0.0976 0.4691
vn 0.0868 0.9951 0.0464
vn 0.0868 -0.9951 0.0464
vn 0.8777 -0.0976 0.4691
vn 0.2571 0.9565 0.1374
vn 0.8443 -0.2890 0.4513
vn 0.4173 0.8810 0.2230
vn 0.2254 -0.9565 0.1849
vn 0.7693 0.0976 0.6314
vn 0.0761 0.9951 0.0624
vn 0.0761 -0.9951 0.0625
vn 0.7693 -0.0975 0.6314
vn 0.2254 0.9565 0.1850
vn 0.7400 -0.2890 0.6073
vn 0.3658 0.8810 0.3002
vn 0.6824 -0.4696 0.5601
vn 0.4918 0.7715 0.4036
vn 0.5987 -0.6326 0.4913
vn 0.5987 0.6325 0.4914
vn 0.4918 -0.7715 0.4036
vn 0.6825 0.4696 0.5601
vn 0.3658 -0.8810 0.3002
vn 0.7400 0.2890 0.6074
vn 0.4913 -0.6326 0.5987
vn 0.4914 0.6326 0.5987
vn 0.4036 -0.7715 0.4918
vn 0.5601 0.4696 0.6825
vn 0.3002 -0.8810 0.3658
vn 0.6073 0.2890 0.7400
vn 0.1850 -0.9565 0.2254
vn 0.6314 0.0976 0.7693
vn 0.0624 0.9951 0.0761
vn 0.0624 -0.9951 0.0761
vn 0.6314 -0.0976 0.7693
vn 0.1850 0.9565 0.2254
vn 0.6073 -0.2890 0.7400
vn 0.3002 0.8810 0.3658
vn 0.5601 -0.4696 0.6825
vn 0.4036 0.7715 0.4918
vn 0.0464 0.9951 0.0868
vn 0.0464 -0.9951 0.0868
vn 0.4691 -0.0976 0.8777
vn 0.1374 0.9565 0.2572
vn 0.4513 -0.2890 0.8443
vn 0.2230 0.8810 0.4173
vn 0.4162 -0.4696 0.7786
vn 0.2999 0.7715 0.5611
vn 0.3651 -0.6326 0.6831
vn 0.3651 0.6326 0.6831
vn 0.2999 -0.7715 0.5611
vn 0.4162 0.4696 0.7786
vn 0.2230 -0.8810 0.4173
vn 0.4513 0.2890 0.8443
vn 0.1374 -0.9565 0.2572
vn 0.4691 0.0976 0.8777
vn 0.2248 0.6326 0.7412
vn 0.1847 -0.7715 0.6088
vn 0.2563 0.4696 0.8449
vn 0.1374 -0.8810 0.4528
vn 0.2779 0.2890 0.9161
vn 0.0847 -0.9565 0.2790
vn 0.2889 0.0976 0.9524
vn 0.0286 0.9951 0.0942
vn 0.0286 -0.9951 0.0942
vn 0.2889 -0.0975 0.9524
vn 0.0846 0.9565 0.2790
vn 0.2779 -0.2890 0.9161
vn 0.1374 0.8810 0.4528
vn 0.2563 -0.4696 0.8449
vn 0.1847 0.7715 0.6088
vn 0.2248 -0.6326 0.7412
vn 0.0975 -0.0975 0.9904
vn 0.0286 0.9565 0.2902
vn 0.0939 -0.2890 0.9527
vn 0.0464 0.8810 0.4709
vn 0.0865 -0.4696 0.8786
vn 0.0624 0.7715 0.6332
vn 0.0759 -0.6326 0.7708
vn 0.0759 0.6326 0.7708
vn 0.0624 -0.7715 0.6332
vn 0.0866 0.4696 0.8786
vn 0.0464 -0.8810 0.4709
vn 0.0938 0.2890 0.9527
vn 0.0285 -0.9565 0.2902
vn 0.0975 0.0975 0.9904
vn 0.0096 0.9951 0.0980
vn 0.0096 -0.9951 0.0980
vn -0.0624 -0.7715 0.6332
vn -0.0866 0.4696 0.8786
vn -0.0464 -0.8810 0.4709
vn -0.0938 0.2890 0.9527
vn -0.0285 -0.9565 0.2902
vn -0.0975 0.0975 0.9904
vn -0.0096 0.9951 0.0980
vn -0.0096 -0.9951 0.0980
vn -0.0975 -0.0975 0.9904
vn -0.0286 0.9565 0.2902
vn -0.0939 -0.2890 0.9527
vn -0.0464 0.8810 0.4709
vn -0.0865 -0.4696 0.8786
vn -0.0624 0.7715 0.6332
vn -0.0759 -0.6326 0.7708
vn -0.0759 0.6326 0.7708
vn -0.0846 0.9565 0.2790
vn -0.2779 -0.2890 0.9161
vn -0.1374 0.8810 0.4528
vn -0.2563 -0.4696 0.8449
vn -0.1847 0.7715 0.6088
vn -0.2248 -0.6326 0.7412
vn -0.2248 0.6326 0.7412
vn -0.1847 -0.7715 0.6088
vn -0.2563 0.4696 0.8449
vn -0.1374 -0.8810 0.4528
vn -0.2779 0.2890 0.9161
vn -0.0847 -0.9565 0.2790
vn -0.2889 0.0975 0.9524
vn -0.0286 0.9951 0.0942
vn -0.0286 -0.9951 0.0942
vn -0.2889 -0.0976 0.9524
vn -0.4162 0.4696 0.7786
vn -0.2231 -0.8810 0.4173
vn -0.4513 0.2890 0.8443
vn -0.1374 -0.9565 0.2572
vn -0.4691 0.0976 0.8777
vn -0.0464 0.9951 0.0868
vn -0.0464 -0.9951 0.0868
vn -0.4691 -0.0976 0.8777
vn -0.1374 0.9565 0.2571
vn -0.4513 -0.2890 0.8443
vn -0.2230 0.8810 0.4173
vn -0.4162 -0.4696 0.7786
vn -0.2999 0.7715 0.5611
vn -0.3651 -0.6326 0.6831
vn -0.3651 0.6326 0.6831
vn -0.2999 -0.7715 0.5611
vn -0.6073 -0.2890 0.7400
vn -0.3002 0.8810 0.3658
vn -0.5601 -0.4696 0.6825
vn -0.4036 0.7715 0.4918
vn -0.4913 -0.6325 0.5987
vn -0.4914 0.6326 0.5987
vn -0.4036 -0.7715 0.4918
vn -0.5601 0.4696 0.6825
vn -0.3002 -0.8810 0.3658
vn -0.6074 0.2890 0.7400
vn -0.1850 -0.9565 0.2254
vn -0.6314 0.0976 0.7693
vn -0.0625 0.9951 0.0761
vn -0.0625 -0.9951 0.0761
vn -0.6314 -0.0975 0.7693
vn -0.1850 0.9565 0.2254
vn -0.3658 -0.8810 0.3002
vn -0.7400 0.2890 0.6074
vn -0.2254 -0.9565 0.1850
vn -0.7693 0.0976 0.6314
vn -0.0761 0.9951 0.0625
vn -0.0761 -0.9951 0.0625
vn -0.7693 -0.0976 0.6314
vn -0.2254 0.9565 0.1850
vn -0.7400 -0.2890 0.6073
vn -0.3658 0.8810 0.3002
vn -0.6825 -0.4696 0.5601
vn -0.4918 0.7715 0.4036
vn -0.5987 -0.6326 0.4913
vn -0.5987 0.6325 0.4913
vn -0.4918 -0.7715 0.4036
vn -0.6825 0.4696 0.5601
vn -0.7786 -0.4696 0.4162
vn -0.5611 0.7715 0.2999
vn -0.6830 -0.6326 0.3651
vn -0.6830 0.6326 0.3651
vn -0.5611 -0.7715 0.2999
vn -0.7786 0.4696 0.4161
vn -0.4173 -0.8810 0.2230
vn -0.8443 0.2890 0.4513
vn -0.2572 -0.9565 0.1374
vn -0.8777 0.0976 0.4691
vn -0.0868 0.9951 0.0464
vn -0.0868 -0.9951 0.0464
vn -0.8777 -0.0976 0.4691
vn -0.2572 0.9565 0.1374
vn -0.8443 -0.2890 0.4513
vn -0.4173 0.8810 0.2230
vn -0.2790 -0.9565 0.0847
vn -0.9524 0.0975 0.2889
vn -0.0942 0.9951 0.0286
vn -0.0942 -0.9951 0.0286
vn -0.9524 -0.0976 0.2889
vn -0.2790 0.9565 0.0846
vn -0.9161 -0.2890 0.2779
vn -0.4528 0.8810 0.1374
vn -0.8449 -0.4696 0.2563
vn -0.6088 0.7715 0.1847
vn -0.7412 -0.6326 0.2248
vn -0.7412 0.6326 0.2248
vn -0.6088 -0.7715 0.1847
vn -0.8449 0.4696 0.2563
vn -0.4528 -0.8810 0.1374
vn -0.9161 0.2890 0.2779
vn -0.6332 0.7715 0.0624
vn -0.7708 -0.6326 0.0759
vn -0.7708 0.6326 0.0759
vn -0.6332 -0.7715 0.0624
vn -0.8786 0.4696 0.0866
vn -0.4709 -0.8810 0.0464
vn -0.9527 0.2890 0.0938
vn -0.2902 -0.9565 0.0285
vn -0.9904 0.0976 0.0976
vn -0.0980 0.9951 0.0096
vn -0.0980 -0.9951 0.0096
vn -0.9904 -0.0975 0.0975
vn -0.2902 0.9565 0.0286
vn -0.9527 -0.2890 0.0939
vn -0.4709 0.8810 0.0464
vn -0.8786 -0.4696 0.0865
vn -0.9904 0.0975 -0.0976
vn -0.0980 0.9951 -0.0096
vn -0.0980 -0.9951 -0.0096
vn -0.9904 -0.0976 -0.0975
vn -0.2902 0.9565 -0.0286
vn -0.9527 -0.2890 -0.0939
vn -0.4709 0.8810 -0.0464
vn -0.8786 -0.4696 -0.0865
vn -0.6332 0.7715 -0.0624
vn -0.7708 -0.6326 -0.0759
vn -0.7708 0.6326 -0.0759
vn -0.6332 -0.7715 -0.0624
vn -0.8786 0.4696 -0.0866
vn -0.4709 -0.8810 -0.0464
vn -0.9527 0.2890 -0.0938
vn -0.2902 -0.9565 -0.0285
vn -0.7412 -0.6326 -0.2248
vn -0.7412 0.6326 -0.2248
vn -0.6088 -0.7715 -0.1847
vn -0.8449 0.4696 -0.2563
vn -0.4528 -0.8810 -0.1374
vn -0.9161 0.2890 -0.2779
vn -0.2790 -0.9565 -0.0847
vn -0.9524 0.0976 -0.2889
vn -0.0942 0.9951 -0.0286
vn -0.0942 -0.9951 -0.0286
vn -0.9524 -0.0975 -0.2889
vn -0.2790 0.9565 -0.0846
vn -0.9161 -0.2890 -0.2779
vn -0.4528 0.8810 -0.1374
vn -0.8449 -0.4696 -0.2563
vn -0.6088 0.7715 -0.1847
vn -0.0868 0.9951 -0.0464
vn -0.0868 -0.9951 -0.0464
vn -0.8777 -0.0976 -0.4691
vn -0.2572 0.9565 -0.1375
vn -0.8443 -0.2890 -0.4512
vn -0.4173 0.8810 -0.2231
vn -0.7786 -0.4697 -0.4162
vn -0.5611 0.7715 -0.2999
vn -0.6830 -0.6326 -0.3651
vn -0.6830 0.6326 -0.3651
vn -0.5611 -0.7715 -0.2999
vn -0.7786 0.4696 -0.4162
vn -0.4173 -0.8810 -0.2230
vn -0.8443 0.2890 -0.4513
vn -0.2572 -0.9565 -0.1374
vn -0.8777 0.0975 -0.4691
vn -0.5987 0.6325 -0.4914
vn -0.4918 -0.7715 -0.4036
vn -0.6825 0.4696 -0.5601
vn -0.3658 -0.8810 -0.3002
vn -0.7400 0.2890 -0.6074
vn -0.2254 -0.9565 -0.1850
vn -0.7693 0.0976 -0.6314
vn -0.0761 0.9951 -0.0625
vn -0.0761 -0.9951 -0.0625
vn -0.7693 -0.0975 -0.6314
vn -0.2254 0.9565 -0.1850
vn -0.7400 -0.2890 -0.6073
vn -0.3658 0.8810 -0.3002
vn -0.6824 -0.4697 -0.5601
vn -0.4918 0.7715 -0.4036
vn -0.5987 -0.6326 -0.4913
vn -0.6314 -0.0976 -0.7693
vn -0.1850 0.9565 -0.2254
vn -0.6073 -0.2890 -0.7400
vn -0.3002 0.8810 -0.3658
vn -0.5601 -0.4696 -0.6824
vn -0.4036 0.7715 -0.4918
vn -0.4913 -0.6326 -0.5987
vn -0.4914 0.6326 -0.5987
vn -0.4036 -0.7715 -0.4918
vn -0.5601 0.4697 -0.6825
vn -0.3002 -0.8810 -0.3658
vn -0.6073 0.2890 -0.7400
vn -0.1850 -0.9565 -0.2254
vn -0.6314 0.0976 -0.7693
vn -0.0625 0.9951 -0.0761
vn -0.0625 -0.9951 -0.0761
vn -0.2999 -0.7715 -0.5611
vn -0.4162 0.4696 -0.7786
vn -0.2231 -0.8810 -0.4173
vn -0.4513 0.2890 -0.8443
vn -0.1374 -0.9565 -0.2572
vn -0.4691 0.0976 -0.8777
vn -0.0464 0.9951 -0.0868
vn -0.0464 -0.9951 -0.0868
vn -0.4691 -0.0976 -0.8777
vn -0.1374 0.9565 -0.2571
vn -0.4513 -0.2890 -0.8443
vn -0.2230 0.8810 -0.4173
vn -0.4162 -0.4697 -0.7786
vn -0.2999 0.7715 -0.5611
vn -0.3651 -0.6326 -0.6830
vn -0.3651 0.6326 -0.6830
vn -0.2779 -0.2890 -0.9161
vn -0.1374 0.8810 -0.4528
vn -0.2563 -0.4696 -0.8449
vn -0.1847 0.7715 -0.6088
vn -0.2248 -0.6326 -0.7412
vn -0.2248 0.6326 -0.7412
vn -0.1847 -0.7715 -0.6088
vn -0.2563 0.4696 -0.8449
vn -0.1374 -0.8810 -0.4528
vn -0.2779 0.2890 -0.9161
vn -0.0847 -0.9565 -0.2790
vn -0.2889 0.0975 -0.9524
vn -0.0286 0.9951 -0.0942
vn -0.0286 -0.9951 -0.0942
vn -0.2889 -0.0976 -0.9524
vn -0.0846 0.9565 -0.2790
vn -0.0464 -0.8810 -0.4709
vn -0.0938 0.2890 -0.9527
vn -0.0285 -0.9565 -0.2902
vn -0.0976 0.0976 -0.9904
vn -0.0096 0.9951 -0.0980
vn -0.0096 -0.9951 -0.0980
vn -0.0975 -0.0975 -0.9904
vn -0.0286 0.9565 -0.2902
vn -0.0939 -0.2890 -0.9527
vn -0.0464 0.8810 -0.4709
vn -0.0865 -0.4696 -0.8786
vn -0.0624 0.7715 -0.6332
vn -0.0759 -0.6326 -0.7708
vn -0.0759 0.6326 -0.7708
vn -0.0624 -0.7715 -0.6332
vn -0.0866 0.4696 -0.8786
vn -0.0939 0.2890 -0.9527
vn -0.0975 0.0976 -0.9904
vn -0.0975 -0.0976 -0.9904
vn -0.0285 0.9565 -0.2902
vn -0.0866 -0.4696 -0.8786
vn -0.2889 -0.0975 -0.9524
vn -0.0847 0.9565 -0.2790
vn -0.1374 0.9565 -0.2572
vn -0.4162 -0.4696 -0.7786
vn -0.2230 -0.8810 -0.4173
vn -0.5601 0.4696 -0.6825
vn -0.5601 -0.4696 -0.6825
vn -0.4913 0.6326 -0.5987
vn -0.7400 -0.2890 -0.6074
vn -0.5987 -0.6325 -0.4914
vn -0.6824 0.4697 -0.5601
vn -0.7693 -0.0976 -0.6314
vn -0.2572 0.9565 -0.1374
vn -0.8443 -0.2890 -0.4513
vn -0.4173 0.8810 -0.2230
vn -0.7786 -0.4696 -0.4162
vn -0.2790 -0.9565 -0.0846
vn -0.9524 -0.0976 -0.2889
vn -0.9527 0.2890 -0.0939
vn -0.9904 0.0975 -0.0975
vn -0.9904 -0.0975 -0.0975
vn -0.2902 0.9565 -0.0285
vn -0.8786 0.4696 -0.0865
vn -0.8786 -0.4696 0.0866
vn -0.9527 0.2890 0.0939
vn -0.2902 -0.9565 0.0286
vn -0.9904 0.0975 0.0975
vn -0.9524 -0.0975 0.2889
vn -0.2790 0.9565 0.0847
vn -0.7786 0.4696 0.4162
vn -0.2571 -0.9565 0.1374
vn -0.2254 -0.9565 0.1849
vn -0.7693 0.0975 0.6314
vn -0.0761 0.9951 0.0624
vn -0.2254 0.9565 0.1849
vn -0.5987 0.6326 0.4913
vn -0.7400 0.2890 0.6073
vn -0.4914 -0.6325 0.5987
vn -0.4914 0.6325 0.5987
vn -0.0624 0.9951 0.0761
vn -0.0624 -0.9951 0.0761
vn -0.6314 -0.0976 0.7693
vn -0.6074 -0.2890 0.7400
vn -0.1374 0.9565 0.2572
vn -0.2230 -0.8810 0.4173
vn -0.0846 -0.9565 0.2790
vn -0.2889 0.0976 0.9524
vn -0.0285 0.9565 0.2902
vn -0.0938 -0.2890 0.9527
vn -0.0865 0.4696 0.8786
vn 0.0865 0.4696 0.8786
vn 0.0285 0.9565 0.2902
vn 0.0938 -0.2890 0.9527
vn 0.2248 -0.6326 0.7411
vn 0.2248 0.6326 0.7411
vn 0.0846 -0.9565 0.2790
vn 0.2889 0.0975 0.9524
vn 0.2231 -0.8810 0.4173
vn 0.4914 -0.6326 0.5987
vn 0.6314 0.0975 0.7693
vn 0.0625 0.9951 0.0761
vn 0.0625 -0.9951 0.0761
vn 0.6314 -0.0975 0.7693
vn 0.2254 -0.9565 0.1850
vn 0.0761 0.9951 0.0625
vn 0.7693 -0.0976 0.6314
vn 0.7400 -0.2890 0.6074
vn 0.6825 -0.4696 0.5601
vn 0.5987 -0.6325 0.4914
vn 0.6830 -0.6326 0.3651
vn 0.6830 0.6326 0.3651
vn 0.2572 -0.9565 0.1375
vn 0.2572 0.9565 0.1375
vn 0.9524 -0.0976 0.2889
vn 0.2790 0.9565 0.0847
vn 0.8786 0.4696 0.0865
vn 0.9527 0.2890 0.0939
vn 0.2902 -0.9565 0.0286
vn 0.9904 0.0975 0.0975
vn 0.9904 0.0976 -0.0975
vn 0.9904 -0.0976 -0.0975
vn 0.2902 0.9565 -0.0285
vn 0.8786 -0.4696 -0.0866
vn 0.9527 0.2890 -0.0939
vn 0.7412 0.6326 -0.2248
vn 0.9524 -0.0975 -0.2889
vn 0.8777 -0.0976 -0.4691
vn 0.8443 -0.2890 -0.4512
vn 0.6830 -0.6326 -0.3651
vn 0.6830 0.6326 -0.3651
vn 0.8443 0.2890 -0.4512
vn 0.5987 0.6326 -0.4913
vn 0.7693 0.0975 -0.6314
vn 0.7693 -0.0975 -0.6314
vn 0.5987 -0.6326 -0.4913
vn 0.1850 0.9566 -0.2253
vn 0.5601 -0.4697 -0.6825
vn 0.4913 0.6325 -0.5987
vn 0.5601 0.4697 -0.6825
vn 0.1850 -0.9566 -0.2253
vn 0.4161 -0.4696 -0.7786
vn 0.2889 0.0976 -0.9524
vn 0.0847 0.9565 -0.2790
vn 0.0939 0.2890 -0.9527
vn 0.0286 -0.9565 -0.2902
vn 0.0975 0.0975 -0.9904
vn 0.0865 0.4696 -0.8786
vn 0.0976 -0.0976 -0.9904
vn 0.0285 0.9565 -0.2902
vn 0.0938 -0.2890 -0.9527
vn 0.0866 -0.4696 -0.8786
vn 0.0846 -0.9565 -0.2790
vn 0.2889 -0.0975 -0.9524
vn 0.4162 0.4696 -0.7786
vn 0.4173 -0.8810 -0.2231
vn 0.8777 0.0975 -0.4691
vn 0.4173 0.8810 -0.2230
vn 0.7411 -0.6326 -0.2248
vn 0.2790 -0.9565 -0.0846
vn 0.9524 0.0976 -0.2889
vn 0.2790 0.9565 -0.0847
vn 0.2902 -0.9565 -0.0286
vn 0.9527 -0.2890 -0.0938
vn 0.8786 0.4696 -0.0865
vn 0.8786 -0.4696 0.0866
vn 0.9904 -0.0976 0.0975
vn 0.2902 0.9565 0.0285
vn 0.9527 -0.2890 0.0938
vn 0.2790 -0.9565 0.0846
vn 0.9524 0.0975 0.2889
vn 0.2571 -0.9565 0.1374
vn 0.2572 0.9565 0.1374
vn 0.7693 0.0975 0.6314
vn 0.2254 0.9565 0.1849
vn 0.5987 0.6326 0.4913
vn 0.6824 0.4696 0.5601
vn 0.7400 0.2890 0.6073
vn 0.4913 0.6325 0.5987
vn 0.2889 -0.0976 0.9524
vn 0.0847 0.9565 0.2790
vn 0.0866 -0.4696 0.8786
vn 0.0939 0.2890 0.9527
vn 0.0286 -0.9565 0.2902
vn -0.0939 0.2890 0.9527
vn -0.0286 -0.9565 0.2902
vn -0.0866 -0.4696 0.8786
vn -0.0847 0.9565 0.2790
vn -0.2889 -0.0975 0.9524
vn -0.1374 -0.9565 0.2571
vn -0.4914 -0.6326 0.5987
vn -0.4913 0.6325 0.5987
vn -0.6073 0.2890 0.7400
vn -0.6314 0.0975 0.7693
vn -0.7400 -0.2890 0.6074
vn -0.5987 -0.6325 0.4913
vn -0.7786 -0.4696 0.4161
vn -0.2572 -0.9565 0.1375
vn -0.4173 0.8810 0.2231
vn -0.2790 -0.9565 0.0846
vn -0.9524 0.0976 0.2889
vn -0.8786 0.4696 0.0865
vn -0.9904 -0.0976 0.0976
vn -0.2902 0.9565 0.0285
vn -0.9527 -0.2890 0.0938
vn -0.9904 0.0976 -0.0975
vn -0.9904 -0.0975 -0.0976
vn -0.9527 -0.2890 -0.0938
vn -0.8786 -0.4696 -0.0866
vn -0.2902 -0.9565 -0.0286
vn -0.9524 0.0975 -0.2889
vn -0.2790 0.9565 -0.0847
vn -0.8777 -0.0975 -0.4691
vn -0.4173 -0.8810 -0.2231
vn -0.8443 0.2890 -0.4512
vn -0.8777 0.0976 -0.4691
vn -0.5987 0.6326 -0.4913
vn -0.7400 0.2890 -0.6073
vn -0.7693 0.0975 -0.6314
vn -0.6825 -0.4696 -0.5601
vn -0.5601 -0.4697 -0.6825
vn -0.4914 -0.6326 -0.5987
vn -0.4913 0.6325 -0.5987
vn -0.5601 0.4696 -0.6824
vn -0.4162 0.4697 -0.7786
vn -0.1374 -0.9565 -0.2571
vn -0.2231 0.8810 -0.4173
vn -0.0846 -0.9565 -0.2790
vn -0.2889 0.0976 -0.9524
vn -0.0286 -0.9565 -0.2902
vn -0.0975 0.0975 -0.9904
vn -0.0976 -0.0976 -0.9904
vn -0.0938 -0.2890 -0.9527
vn -0.0865 0.4696 -0.8786
vn -0.0976 0.0975 -0.9904
vn -0.0976 -0.0975 -0.9904
vn -0.5601 0.4697 -0.6824
vn -0.6074 0.2890 -0.7400
vn -0.6074 -0.2890 -0.7400
vn -0.5601 -0.4697 -0.6824
vn -0.4914 -0.6325 -0.5987
vn -0.4914 0.6325 -0.5987
vn -0.2571 -0.9565 -0.1374
vn -0.2571 0.9565 -0.1374
vn -0.6831 -0.6326 -0.3651
vn -0.6831 0.6326 -0.3651
vn -0.9904 0.0976 0.0975
vn -0.6824 -0.4696 0.5601
vn -0.5987 -0.6325 0.4914
vn -0.5987 0.6325 0.4914
vn -0.6824 0.4696 0.5601
vn -0.4913 -0.6326 0.5987
vn -0.4913 0.6326 0.5987
vn -0.1849 -0.9565 0.2254
vn -0.1849 0.9565 0.2254
vn 0.4913 -0.6325 0.5987
vn 0.4173 0.8810 0.2231
vn 0.9904 0.0976 0.0976
vn 0.9904 -0.0976 0.0976
vn 0.9904 0.0975 -0.0976
vn 0.9904 -0.0975 -0.0976
vn 0.2572 0.9565 -0.1375
vn 0.2572 -0.9565 -0.1375
vn 0.5987 0.6325 -0.4914
vn 0.6824 0.4697 -0.5601
vn 0.7400 0.2890 -0.6074
vn 0.7400 -0.2890 -0.6074
vn 0.6824 -0.4697 -0.5601
vn 0.5987 -0.6325 -0.4914
vn 0.6314 -0.0975 -0.7693
vn 0.5601 -0.4696 -0.6824
vn 0.4914 -0.6326 -0.5987
vn 0.4914 0.6326 -0.5987
vn 0.5601 0.4696 -0.6824
vn 0.6314 0.0975 -0.7693
vn 0.2231 -0.8810 -0.4173
vn 0.2231 0.8810 -0.4173
vn 0.1681 0.9708 -0.1713
vn -0.1713 0.9708 -0.1681
vn 0.1681 0.9708 0.1713
vn -0.1713 0.9708 0.1681
vn 0.4896 0.7501 -0.4446
vn 0.1678 0.8367 -0.5213
vn -0.1677 0.8367 -0.5214
vn -0.4446 0.7501 -0.4896
vn -0.5213 0.8367 -0.1678
vn -0.5213 0.8367 0.1678
vn 0.4446 0.7501 0.4896
vn -0.1678 0.8367 0.5213
vn 0.1252 -0.6662 -0.7352
vn 0.4385 -0.4373 -0.7852
vn 0.5214 0.8367 0.1677
vn 0.5214 0.8367 -0.1677
vn 0.4656 -0.4219 0.7779
vn 0.2014 0.2920 0.9350
vn -0.4665 -0.4200 0.7785
vn -0.2206 0.2908 0.9310
vn 0.3822 0.7692 0.5122
vn 0.1723 -0.2964 0.9394
vn 0.3507 0.6406 0.6831
vn -0.6035 0.7143 0.3544
vn 0.6380 0.6909 0.3401
vn -0.6380 0.6909 0.3401
vn -0.9533 0.0128 0.3018
vn -0.3423 0.5957 0.7266
vn -0.0834 -0.2261 0.9705
vn -0.1266 0.8058 0.5785
vn -0.9115 -0.3771 0.1641
vn -0.5940 0.7923 0.1394
vn -0.9133 -0.3726 -0.1643
vn -0.6133 0.7769 -0.1423
vn -0.6756 -0.6830 0.2776
vn 0.8031 0.4193 0.4234
vn -0.8831 -0.2048 0.4222
vn -0.8367 0.5213 0.1678
vn -0.8367 0.5213 -0.1678
vn -0.7501 0.4446 -0.4896
vn -0.5547 0.7253 -0.4077
vn -0.7872 -0.3654 -0.4968
vn -0.6296 -0.6274 -0.4582
vn -0.7091 -0.6838 -0.1720
vn -0.7071 -0.6859 0.1720
vn -0.0675 -0.9835 -0.1680
vn 0.1680 -0.9835 -0.0675
vn -0.0675 -0.9835 0.1680
vn 0.1680 -0.9835 0.0675
vn -0.5847 -0.6981 -0.4133
vn -0.1627 -0.7789 -0.6057
vn 0.2089 -0.7932 -0.5720
vn 0.1676 -0.7771 -0.6067
vn 0.6058 -0.7788 -0.1627
vn 0.6363 -0.7546 0.1603
vn -0.4106 -0.8429 0.3478
vn -0.6274 -0.7596 0.1713
vn -0.6124 -0.7718 -0.1709
vn 0.9130 -0.3735 -0.1642
vn 0.6133 0.7769 -0.1423
vn 0.9112 -0.3779 0.1640
vn 0.5940 0.7923 0.1394
vn 0.6296 -0.6274 -0.4582
vn 0.7869 -0.3662 -0.4967
vn 0.5547 0.7253 -0.4077
vn 0.7501 0.4446 -0.4896
vn 0.8367 0.5213 -0.1678
vn 0.8367 0.5213 0.1678
vn 0.5646 -0.4505 -0.6916
vn 0.4914 0.8437 0.2163
vn 0.6756 -0.6830 0.2776
vn 0.7071 -0.6859 0.1720
vn 0.7091 -0.6838 -0.1720
vn -0.1661 -0.3262 -0.9306
vn -0.1126 0.8392 -0.5321
vn 0.1661 -0.3264 -0.9305
vn 0.1126 0.8392 -0.5321
vn -0.2599 -0.5950 -0.7606
vn -0.5010 -0.3415 -0.7952
vn -0.5123 0.6599 -0.5496
vn -0.4896 0.4446 -0.7501
vn -0.1678 0.5213 -0.8367
vn 0.1678 0.5213 -0.8367
vn 0.4896 0.4446 -0.7501
vn 0.5123 0.6599 -0.5496
vn 0.5009 -0.3420 -0.7951
vn 0.2599 -0.5950 -0.7606
vn 0.2072 -0.5343 -0.8195
vn -0.2072 -0.5343 -0.8195
vn -0.7013 0.3465 0.6230
vn 0.7013 0.3465 0.6230
vn 0.1678 0.8367 0.5213
vn -0.1252 -0.6662 -0.7352
vn -0.3290 0.7561 0.5657
vn 0.3290 0.7561 0.5657
vn 0.3981 0.7536 0.5230
vn -0.3981 0.7536 0.5230
vn -0.4896 0.7501 0.4446
vn -0.4385 -0.4373 -0.7852
vn 0.7994 0.4515 0.3963
vn 0.9219 -0.2206 0.3185
vn 0.6035 0.7143 0.3544
vn -0.9219 -0.2206 0.3185
vn -0.7994 0.4515 0.3963
vn 0.9533 0.0128 0.3018
vn -0.4267 -0.8833 0.1941
vn 0.4182 -0.8727 0.2518
vn -0.3503 -0.7010 0.6212
vn 0.3254 -0.7120 0.6222
vn -0.8352 -0.5033 0.2215
vn 0.8821 -0.3927 0.2602
vn 0.4922 0.3659 -0.7899
vn -0.4923 0.3653 -0.7900
vn 0.1599 0.3478 -0.9238
vn -0.1600 0.3477 -0.9239
vn 0.7884 0.3702 -0.4913
vn 0.9137 0.3742 -0.1582
vn -0.7887 0.3694 -0.4915
vn -0.9141 0.3734 -0.1583
vn 0.9021 0.4022 0.1562
vn -0.9025 0.4014 0.1563
vn 0.5308 0.7725 0.3486
vn -0.4871 0.8460 0.2168
vn 0.4840 -0.1470 -0.8626
vn -0.4840 -0.1470 -0.8626
vn 0.1557 -0.2898 -0.9443
vn -0.1557 -0.2898 -0.9443
vn 0.6094 0.7906 0.0599
vn 0.8310 0.0426 -0.5547
vn 0.9814 0.0733 0.1775
vn 0.9788 0.1056 -0.1755
vn -0.8310 0.0426 -0.5547
vn -0.6160 0.7846 0.0700
vn -0.9788 0.1056 -0.1755
vn -0.9814 0.0733 0.1775
vn -0.4546 -0.3812 0.8050
vn -0.5649 -0.6256 0.5380
vn 0.5944 -0.5866 0.5501
vn 0.3165 -0.7660 -0.5595
vn -0.3165 -0.7660 -0.5595
vn 0.0891 -0.7624 -0.6409
vn -0.0891 -0.7624 -0.6409
vn 0.7142 -0.5605 -0.4193
vn 0.7301 -0.6750 -0.1066
vn -0.7142 -0.5605 -0.4193
vn -0.7301 -0.6750 -0.1066
vn -0.7181 -0.6880 0.1042
vn 0.9038 -0.1658 0.3945
vn 0.7181 -0.6880 0.1042
vn -0.4707 0.8109 0.3477
vn -0.8650 0.3661 0.3432
vn 0.3946 -0.3290 0.8579
vn 0.4106 -0.8429 0.3478
vn -0.2996 0.4338 0.8497
vn 0.1199 0.9499 0.2886
vn -0.7864 -0.0769 0.6129
vn -0.5646 -0.4505 -0.6916
vn 0.7864 -0.0769 0.6129
vn 0.7501 0.4446 0.4896
vn -0.7501 0.4896 0.4446
vn 0.1713 0.9708 -0.1681
vn -0.1681 0.9708 -0.1713
vn 0.1713 0.9708 0.1681
vn -0.1681 0.9708 0.1713
vn 0.4446 0.7501 -0.4896
vn 0.1677 0.8367 -0.5214
vn -0.1678 0.8367 -0.5213
vn -0.4896 0.7501 -0.4446
vn -0.5214 0.8367 -0.1677
vn -0.5214 0.8367 0.1677
vn 0.4896 0.7501 0.4446
vn 0.5213 0.8367 0.1678
vn 0.5213 0.8367 -0.1678
vn 0.4119 -0.3667 0.8342
vn 0.3394 -0.6489 0.6809
vn 0.4079 -0.4446 0.7975
vn 0.3540 0.6388 0.6831
vn -0.3394 -0.6489 0.6809
vn -0.4139 -0.3663 0.8334
vn -0.4101 -0.4424 0.7976
vn -0.3618 0.5812 0.7289
vn 0.2980 0.4340 0.8502
vn 0.3644 0.9027 0.2289
vn -0.3644 0.9027 0.2289
vn -0.1181 0.9529 0.2793
vn -0.9083 -0.3877 0.1573
vn -0.5982 0.7886 0.1423
vn -0.9183 -0.3624 -0.1590
vn -0.6094 0.7797 -0.1437
vn -0.7032 -0.5072 0.4983
vn 0.9073 0.2183 0.3594
vn -0.6009 -0.6451 0.4720
vn -0.8367 0.5214 0.1677
vn -0.8367 0.5214 -0.1677
vn -0.7501 0.4896 -0.4446
vn -0.5837 0.7020 -0.4081
vn -0.7930 -0.3564 -0.4941
vn -0.6244 -0.6297 -0.4623
vn -0.7140 -0.6805 -0.1648
vn -0.7041 -0.6910 0.1635
vn -0.1680 -0.9835 -0.0675
vn 0.0675 -0.9835 -0.1680
vn -0.1680 -0.9835 0.0675
vn 0.0675 -0.9835 0.1680
vn -0.1676 -0.7771 -0.6067
vn -0.2089 -0.7932 -0.5720
vn 0.1627 -0.7789 -0.6057
vn 0.5847 -0.6981 -0.4133
vn 0.6124 -0.7718 -0.1709
vn 0.6274 -0.7596 0.1713
vn -0.6445 -0.7195 0.2586
vn -0.1674 -0.9844 0.0543
vn -0.6363 -0.7546 0.1603
vn -0.6058 -0.7788 -0.1627
vn 0.9180 -0.3633 -0.1589
vn 0.6094 0.7797 -0.1437
vn 0.9079 -0.3885 0.1572
vn 0.5982 0.7886 0.1423
vn 0.6244 -0.6297 -0.4623
vn 0.7927 -0.3572 -0.4940
vn 0.5837 0.7020 -0.4081
vn 0.7501 0.4896 -0.4446
vn 0.8367 0.5214 -0.1677
vn 0.8367 0.5214 0.1677
vn 0.7032 -0.5116 0.4937
vn 0.7041 -0.6910 0.1635
vn 0.7140 -0.6805 -0.1648
vn -0.1607 -0.3353 -0.9283
vn -0.1387 0.8105 -0.5691
vn 0.1607 -0.3354 -0.9283
vn 0.1387 0.8105 -0.5691
vn -0.4305 -0.5435 -0.7206
vn -0.4955 -0.3499 -0.7951
vn -0.3342 0.8302 -0.4461
vn -0.4446 0.4896 -0.7501
vn -0.1677 0.5214 -0.8367
vn 0.1677 0.5214 -0.8367
vn 0.4446 0.4896 -0.7501
vn 0.3342 0.8302 -0.4461
vn 0.4954 -0.3504 -0.7949
vn 0.4305 -0.5435 -0.7206
vn 0.1472 -0.5739 -0.8056
vn -0.1472 -0.5739 -0.8056
vn -0.4446 0.7501 0.4896
vn -0.2632 -0.7234 0.6383
vn 0.2826 -0.7200 0.6338
vn -0.1704 -0.5243 0.8343
vn 0.1553 -0.5257 0.8364
vn 0.4996 0.3545 -0.7904
vn -0.4997 0.3540 -0.7905
vn 0.1666 0.3365 -0.9268
vn -0.1666 0.3363 -0.9269
vn 0.7805 0.3823 -0.4946
vn 0.9073 0.3869 -0.1646
vn -0.7808 0.3814 -0.4948
vn -0.9077 0.3860 -0.1646
vn 0.9064 0.3891 0.1645
vn -0.9067 0.3883 0.1645
vn 0.4615 0.8183 0.3426
vn 0.5158 -0.2301 -0.8252
vn -0.5158 -0.2301 -0.8252
vn 0.1666 -0.3125 -0.9352
vn -0.1666 -0.3125 -0.9352
vn 0.7519 -0.0969 0.6521
vn 0.8504 -0.0365 -0.5248
vn 0.9848 0.0487 0.1665
vn 0.9829 0.0808 -0.1654
vn -0.8504 -0.0365 -0.5248
vn -0.7450 -0.0995 0.6596
vn -0.9829 0.0808 -0.1654
vn -0.9848 0.0487 0.1665
vn -0.4587 -0.2814 0.8429
vn -0.4542 -0.2878 0.8432
vn -0.4100 -0.2980 0.8620
vn -0.8041 -0.4044 0.4358
vn 0.7765 -0.4043 0.4834
vn 0.5756 -0.4456 -0.6857
vn -0.5756 -0.4456 -0.6857
vn 0.0794 -0.7308 -0.6780
vn -0.0794 -0.7308 -0.6780
vn 0.6758 -0.6086 -0.4157
vn 0.7282 -0.6770 -0.1072
vn -0.6758 -0.6086 -0.4157
vn -0.7282 -0.6770 -0.1072
vn -0.7167 -0.6894 0.1046
vn 0.6126 -0.6516 0.4474
vn 0.7167 -0.6894 0.1046
vn -0.5291 0.7716 0.3532
vn -0.8340 0.4175 0.3608
vn 0.4441 -0.3172 0.8380
vn 0.4362 -0.3279 0.8380
vn 0.4273 -0.3870 0.8171
vn 0.1674 -0.9844 0.0543
vn 0.6445 -0.7195 0.2586
vn -0.3847 0.7720 0.5060
vn 0.1305 0.7990 0.5869
vn 0.7501 0.4896 0.4446
vn -0.7501 0.4446 0.4896
vn 0.8290 -0.5213 -0.2023
vn 0.9869 -0.1406 -0.0788
vn 0.6198 -0.7839 -0.0368
vn 0.9435 0.1295 -0.3051
vn 0.8746 0.4244 -0.2344
vn 0.7843 0.6153 -0.0790
vn 0.9737 0.2095 -0.0900
vn 0.9770 0.2026 0.0661
vn 0.7917 0.6087 0.0522
vn 0.8244 0.5144 0.2362
vn 0.9456 0.2088 0.2494
vn 0.6034 -0.7952 0.0603
vn 0.9653 -0.2502 0.0754
vn 0.9433 -0.2536 0.2141
vn 0.5913 -0.7926 0.1489
vn 0.3797 -0.8594 0.3424
vn 0.8165 -0.2337 0.5280
vn 0.1675 -0.8044 0.5701
vn 0.7287 0.2069 0.6528
vn 0.5293 0.6715 0.5185
vn 0.0915 0.7537 0.6508
vn -0.0552 -0.3031 0.9514
vn 0.0552 -0.3031 0.9514
vn -0.0915 0.7537 0.6508
vn -0.5293 0.6715 0.5185
vn -0.7287 0.2069 0.6528
vn -0.1675 -0.8044 0.5701
vn -0.7614 -0.0137 0.6481
vn -0.3797 -0.8594 0.3424
vn -0.5913 -0.7926 0.1489
vn -0.9433 -0.2536 0.2141
vn -0.9653 -0.2502 0.0754
vn -0.6034 -0.7952 0.0603
vn -0.9456 0.2088 0.2494
vn -0.8244 0.5144 0.2362
vn -0.7917 0.6086 0.0522
vn -0.9770 0.2027 0.0661
vn -0.9737 0.2095 -0.0900
vn -0.7843 0.6153 -0.0790
vn -0.8746 0.4244 -0.2344
vn -0.9435 0.1294 -0.3051
vn -0.5677 -0.8210 -0.0605
vn -0.9690 -0.2435 -0.0428
vn -0.8290 -0.5213 -0.2023
vn -0.6541 -0.6446 -0.3957
vn -0.4636 -0.2838 -0.8394
vn -0.1567 -0.9488 -0.2742
vn -0.8987 0.1512 -0.4117
vn -0.6832 0.6284 -0.3719
vn -0.2654 0.8558 -0.4441
vn -0.4659 0.4560 -0.7583
vn 0.4659 0.4560 -0.7583
vn 0.2654 0.8558 -0.4441
vn 0.6832 0.6284 -0.3719
vn 0.8987 0.1512 -0.4117
vn 0.1954 -0.9480 -0.2514
vn 0.3420 -0.4273 -0.8369
vn 0.6541 -0.6446 -0.3957
vn 0.3178 -0.9387 0.1334
vn 0.1085 -0.9760 0.1887
vn 0.1540 -0.9849 0.0796
vn 0.3747 -0.9255 0.0546
vn 0.0526 -0.9580 0.2820
vn -0.2275 -0.9567 0.1814
vn -0.3091 -0.9477 0.0792
vn -0.0968 -0.9900 0.1025
vn -0.1670 -0.9844 -0.0544
vn -0.4004 -0.9146 -0.0572
vn -0.6062 -0.7793 -0.1591
vn -0.1861 -0.9696 -0.1592
vn 0.3823 -0.9217 -0.0653
vn 0.1535 -0.9863 -0.0599
vn 0.1733 -0.9710 -0.1649
vn 0.4547 -0.8533 -0.2553
vn -0.2046 0.9665 0.1548
vn 0.0299 0.9875 0.1549
vn 0.0529 0.9982 0.0292
vn -0.1740 0.9841 0.0357
vn 0.0018 0.9904 0.1385
vn 0.1988 0.9673 0.1575
vn 0.1842 0.9824 0.0323
vn -0.0433 0.9987 0.0255
vn -0.0029 0.9995 0.0320
vn 0.2826 0.9592 0.0068
vn 0.3621 0.9248 -0.1164
vn 0.0826 0.9934 -0.0798
vn -0.1741 0.9843 -0.0287
vn 0.0529 0.9985 0.0127
vn -0.0127 0.9934 -0.1136
vn -0.3073 0.9410 -0.1419
vn -0.9690 -0.2434 -0.0428
vn -0.9707 -0.0071 -0.2401
vn -0.9799 0.1832 -0.0795
vn -0.8383 0.5429 -0.0494
vn -0.9731 0.2226 0.0588
vn -0.9456 0.2091 0.2492
vn -0.7741 0.6048 0.1872
vn -0.7849 0.6177 0.0482
vn -0.9717 -0.2259 0.0690
vn -0.7330 0.2312 0.6397
vn -0.2109 0.1457 0.9666
vn -0.1151 0.7692 0.6286
vn -0.5131 0.6341 0.5785
vn 0.8165 -0.2337 0.5279
vn 0.5939 -0.7904 0.1504
vn 0.6032 -0.7953 0.0603
vn 0.9557 -0.1646 0.2439
vn 0.9770 0.2027 0.0661
vn 0.7917 0.6086 0.0522
vn 0.9435 0.1294 -0.3051
vn 0.8243 0.5387 -0.1743
vn 0.8562 -0.0098 -0.5166
vn 0.4120 0.4029 -0.8173
vn 0.1966 0.8408 -0.5044
vn 0.6460 0.5655 -0.5127
vn -0.0526 -0.9580 0.2820
vn 0.0968 -0.9900 0.1025
vn 0.3091 -0.9477 0.0792
vn 0.2275 -0.9567 0.1814
vn 0.4548 -0.8533 -0.2553
vn -0.3823 -0.9217 -0.0653
vn -0.4547 -0.8533 -0.2553
vn -0.1733 -0.9710 -0.1649
vn -0.1535 -0.9863 -0.0599
vn -0.0018 0.9904 0.1385
vn 0.0433 0.9987 0.0255
vn -0.1842 0.9824 0.0323
vn -0.1988 0.9673 0.1575
vn 0.1741 0.9843 -0.0287
vn 0.3073 0.9410 -0.1419
vn 0.0127 0.9934 -0.1136
vn -0.0529 0.9985 0.0127
vn 0.7985 -0.4868 -0.3541
vn 0.9690 -0.2434 -0.0428
vn 0.5677 -0.8210 -0.0605
vn 0.9707 -0.0071 -0.2401
vn 0.8383 0.5429 -0.0494
vn 0.9799 0.1832 -0.0795
vn 0.9731 0.2226 0.0588
vn 0.7849 0.6177 0.0482
vn 0.7741 0.6048 0.1872
vn 0.9456 0.2091 0.2492
vn 0.9717 -0.2259 0.0690
vn 0.3656 -0.9044 0.2201
vn 0.7614 -0.0137 0.6481
vn -0.4598 -0.6964 0.5510
vn 0.7330 0.2312 0.6397
vn 0.5131 0.6341 0.5785
vn 0.1151 0.7692 0.6286
vn 0.2109 0.1457 0.9666
vn 0.4597 -0.6964 0.5510
vn -0.8165 -0.2337 0.5279
vn -0.3656 -0.9044 0.2201
vn -0.5939 -0.7904 0.1504
vn -0.9557 -0.1646 0.2439
vn -0.6032 -0.7953 0.0603
vn -0.8243 0.5387 -0.1743
vn -0.6198 -0.7839 -0.0368
vn -0.9869 -0.1406 -0.0788
vn -0.7985 -0.4868 -0.3541
vn -0.8596 -0.4315 -0.2736
vn -0.3420 -0.4273 -0.8369
vn -0.1954 -0.9480 -0.2514
vn -0.8562 -0.0098 -0.5166
vn -0.6460 0.5655 -0.5127
vn -0.1966 0.8408 -0.5044
vn -0.4120 0.4029 -0.8173
vn 0.1567 -0.9488 -0.2742
vn 0.4636 -0.2838 -0.8394
vn 0.8596 -0.4315 -0.2737
vn -0.1085 -0.9760 0.1887
vn -0.3178 -0.9387 0.1334
vn -0.3747 -0.9255 0.0546
vn -0.1540 -0.9849 0.0796
vn -0.4548 -0.8533 -0.2553
vn 0.4004 -0.9146 -0.0572
vn 0.1670 -0.9844 -0.0544
vn 0.1861 -0.9696 -0.1592
vn 0.6062 -0.7793 -0.1591
vn -0.0299 0.9875 0.1549
vn 0.2046 0.9665 0.1548
vn 0.1740 0.9841 0.0357
vn -0.0529 0.9982 0.0292
vn -0.2826 0.9592 0.0068
vn 0.0029 0.9995 0.0320
vn -0.0826 0.9934 -0.0798
vn -0.3621 0.9248 -0.1164
vn -0.9435 0.1295 -0.3051
vn -0.9770 0.2026 0.0661
vn -0.7917 0.6087 0.0522
vn 0.4598 -0.6964 0.5510
vn -0.8165 -0.2337 0.5280
vn -0.4597 -0.6964 0.5510
vn 0.9690 -0.2435 -0.0428
vn 0.8596 -0.4315 -0.2736
vn 0.4660 0.4560 -0.7583
vn -0.8596 -0.4315 -0.2737
vn -0.1540 -0.9849 0.0795
vn 0.3621 0.9248 -0.1163
vt 0.050393 0.764510
vt 0.046717 0.760198
vt 0.050792 0.760752
vt 0.080465 0.759698
vt 0.085056 0.754362
vt 0.086235 0.756713
vt 0.054520 0.764864
vt 0.054681 0.760995
vt 0.092708 0.750396
vt 0.093587 0.752059
vt 0.058456 0.761020
vt 0.058563 0.764882
vt 0.022201 0.753655
vt 0.013561 0.748474
vt 0.023043 0.751879
vt 0.101632 0.746741
vt 0.062592 0.764637
vt 0.062215 0.760787
vt 0.030086 0.758146
vt 0.031188 0.755666
vt 0.066050 0.760328
vt 0.066684 0.764059
vt 0.036138 0.760907
vt 0.037230 0.757900
vt 0.070084 0.759583
vt 0.070937 0.763119
vt 0.041367 0.762666
vt 0.042280 0.759292
vt 0.074442 0.758466
vt 0.075489 0.761726
vt 0.046066 0.763803
vt 0.079280 0.756816
vt 0.069408 0.756218
vt 0.073549 0.755311
vt 0.047234 0.756765
vt 0.078354 0.754005
vt 0.051117 0.757181
vt 0.084018 0.752015
vt 0.054804 0.757355
vt 0.091972 0.748665
vt 0.058362 0.757380
vt 0.014511 0.746747
vt 0.023877 0.750125
vt 0.101171 0.745774
vt 0.061913 0.757178
vt 0.032132 0.753210
vt 0.065576 0.756827
vt 0.038064 0.754988
vt 0.042946 0.756075
vt 0.100315 0.744025
vt 0.091230 0.746957
vt 0.061682 0.753763
vt 0.032820 0.750744
vt 0.065153 0.753451
vt 0.038752 0.752123
vt 0.068872 0.752985
vt 0.043507 0.752952
vt 0.072902 0.752270
vt 0.047592 0.753490
vt 0.077545 0.751236
vt 0.051366 0.753780
vt 0.083259 0.749646
vt 0.054872 0.753923
vt 0.058278 0.753903
vt 0.014700 0.746427
vt 0.024420 0.748272
vt 0.072395 0.749304
vt 0.076936 0.748512
vt 0.051528 0.750520
vt 0.082584 0.747288
vt 0.054905 0.750614
vt 0.090766 0.745162
vt 0.058197 0.750578
vt 0.014996 0.745227
vt 0.024832 0.746385
vt 0.100150 0.743697
vt 0.061479 0.750461
vt 0.033415 0.748297
vt 0.064847 0.750228
vt 0.039254 0.749319
vt 0.068436 0.749854
vt 0.043885 0.749928
vt 0.047898 0.750309
vt 0.025119 0.744463
vt 0.033775 0.745845
vt 0.064605 0.747084
vt 0.039586 0.746549
vt 0.068098 0.746797
vt 0.044173 0.746966
vt 0.071988 0.746392
vt 0.048113 0.747216
vt 0.076508 0.745810
vt 0.051632 0.747358
vt 0.082145 0.744912
vt 0.054928 0.747399
vt 0.090428 0.743331
vt 0.058126 0.747356
vt 0.015174 0.743960
vt 0.099942 0.742519
vt 0.061319 0.747262
vt 0.051684 0.744261
vt 0.076149 0.743126
vt 0.081851 0.742538
vt 0.054924 0.744263
vt 0.090208 0.741475
vt 0.058061 0.744211
vt 0.015293 0.742625
vt 0.025289 0.742521
vt 0.099785 0.741281
vt 0.061194 0.744135
vt 0.034082 0.743409
vt 0.064425 0.744004
vt 0.039833 0.743819
vt 0.067880 0.743802
vt 0.044365 0.744054
vt 0.071680 0.743514
vt 0.048219 0.744193
vt 0.064297 0.740967
vt 0.039959 0.741116
vt 0.067713 0.740837
vt 0.044467 0.741174
vt 0.071520 0.740664
vt 0.048250 0.741212
vt 0.075934 0.740447
vt 0.051689 0.741211
vt 0.081625 0.740165
vt 0.054896 0.741176
vt 0.090100 0.739603
vt 0.057999 0.741115
vt 0.015563 0.740309
vt 0.025533 0.740590
vt 0.099705 0.739988
vt 0.061099 0.741055
vt 0.034246 0.740979
vt 0.075893 0.737775
vt 0.081534 0.737777
vt 0.051652 0.738184
vt 0.054847 0.738112
vt 0.090103 0.737715
vt 0.057939 0.738041
vt 0.015828 0.738987
vt 0.025660 0.738675
vt 0.099730 0.738675
vt 0.061030 0.737994
vt 0.034292 0.738555
vt 0.064218 0.737946
vt 0.039962 0.738434
vt 0.067615 0.737885
vt 0.044440 0.738318
vt 0.071433 0.737827
vt 0.048234 0.738250
vt 0.034146 0.736139
vt 0.039878 0.735749
vt 0.064191 0.734919
vt 0.067616 0.734928
vt 0.044327 0.735468
vt 0.071435 0.734982
vt 0.048142 0.735291
vt 0.075898 0.735100
vt 0.051568 0.735156
vt 0.081565 0.735369
vt 0.054776 0.735047
vt 0.090219 0.735817
vt 0.057882 0.734966
vt 0.015841 0.738595
vt 0.025489 0.736767
vt 0.099843 0.737359
vt 0.060986 0.734931
vt 0.051435 0.732107
vt 0.054681 0.731955
vt 0.081807 0.732947
vt 0.090453 0.733912
vt 0.057826 0.731868
vt 0.015677 0.736344
vt 0.025384 0.734854
vt 0.100054 0.736057
vt 0.060967 0.731842
vt 0.033942 0.733721
vt 0.064213 0.731867
vt 0.039658 0.733051
vt 0.067686 0.731947
vt 0.044114 0.732604
vt 0.071495 0.732112
vt 0.047979 0.732315
vt 0.076061 0.732408
vt 0.064283 0.728766
vt 0.067811 0.728920
vt 0.043822 0.729723
vt 0.071722 0.729193
vt 0.047748 0.729302
vt 0.076315 0.729679
vt 0.051245 0.729011
vt 0.082089 0.730506
vt 0.054559 0.728826
vt 0.090804 0.732011
vt 0.057756 0.728712
vt 0.015647 0.735062
vt 0.025158 0.732968
vt 0.100326 0.734753
vt 0.060969 0.728699
vt 0.033610 0.731301
vt 0.039257 0.730353
vt 0.091279 0.730112
vt 0.054388 0.725607
vt 0.057692 0.725478
vt 0.015547 0.734700
vt 0.024639 0.731135
vt 0.100730 0.733483
vt 0.060997 0.725480
vt 0.033077 0.728890
vt 0.064413 0.725586
vt 0.038807 0.727636
vt 0.068018 0.725829
vt 0.043425 0.726788
vt 0.072043 0.726227
vt 0.047410 0.726228
vt 0.076702 0.726916
vt 0.050996 0.725847
vt 0.082501 0.728033
vt 0.072485 0.723191
vt 0.042904 0.723783
vt 0.046948 0.723058
vt 0.077206 0.724105
vt 0.050698 0.722596
vt 0.083139 0.725548
vt 0.054206 0.722294
vt 0.091887 0.728219
vt 0.057626 0.722141
vt 0.014954 0.732671
vt 0.024156 0.729284
vt 0.101242 0.732267
vt 0.061052 0.722156
vt 0.032386 0.726479
vt 0.064576 0.722321
vt 0.038199 0.724872
vt 0.068341 0.722640
vt 0.014786 0.732333
vt 0.023386 0.727522
vt 0.101939 0.730194
vt 0.092462 0.726305
vt 0.061142 0.718689
vt 0.031545 0.724070
vt 0.064843 0.718904
vt 0.037423 0.722054
vt 0.068732 0.719352
vt 0.042204 0.720696
vt 0.073037 0.720074
vt 0.046427 0.719799
vt 0.077936 0.721231
vt 0.050295 0.719200
vt 0.083942 0.723049
vt 0.053981 0.718847
vt 0.057554 0.718663
vt 0.041337 0.717509
vt 0.045773 0.716412
vt 0.073757 0.716833
vt 0.078845 0.718289
vt 0.049803 0.715649
vt 0.084918 0.720548
vt 0.053682 0.715196
vt 0.093178 0.724446
vt 0.057473 0.715004
vt 0.013882 0.730506
vt 0.022626 0.725734
vt 0.102303 0.729030
vt 0.061265 0.715042
vt 0.030571 0.721640
vt 0.065165 0.715329
vt 0.036431 0.719175
vt 0.069268 0.715904
vt 0.061432 0.711152
vt 0.029313 0.719245
vt 0.065587 0.711539
vt 0.035256 0.716250
vt 0.069999 0.712236
vt 0.040308 0.714209
vt 0.074659 0.713442
vt 0.044892 0.712821
vt 0.079902 0.715272
vt 0.049221 0.711928
vt 0.086079 0.718054
vt 0.053317 0.711343
vt 0.094187 0.722713
vt 0.057369 0.711082
vt 0.013421 0.729506
vt 0.021718 0.724018
vt 0.102523 0.728727
vt 0.075840 0.709881
vt 0.081222 0.712166
vt 0.048448 0.707897
vt 0.087502 0.715563
vt 0.052887 0.707177
vt 0.095224 0.720964
vt 0.057269 0.706910
vt 0.012866 0.728636
vt 0.020653 0.722388
vt 0.103624 0.727125
vt 0.061667 0.706960
vt 0.027880 0.716852
vt 0.066161 0.707464
vt 0.033787 0.713247
vt 0.070856 0.708386
vt 0.039028 0.710761
vt 0.043833 0.709029
vt 0.019327 0.720943
vt 0.026177 0.714505
vt 0.066896 0.703064
vt 0.032000 0.710183
vt 0.071964 0.704254
vt 0.037395 0.707137
vt 0.077260 0.706163
vt 0.042542 0.705003
vt 0.082959 0.708962
vt 0.047499 0.703570
vt 0.089142 0.713080
vt 0.052344 0.702682
vt 0.096429 0.719315
vt 0.057152 0.702257
vt 0.012623 0.728432
vt 0.104240 0.726291
vt 0.061982 0.702426
vt 0.046296 0.698824
vt 0.091097 0.710657
vt 0.051656 0.697693
vt 0.097899 0.717878
vt 0.057013 0.697192
vt 0.011795 0.727934
vt 0.017826 0.719614
vt 0.104493 0.726095
vt 0.062401 0.697382
vt 0.024085 0.712255
vt 0.067850 0.698223
vt 0.029864 0.707088
vt 0.073395 0.699769
vt 0.035372 0.703318
vt 0.079107 0.702187
vt 0.040914 0.700670
vt 0.084999 0.705685
vt 0.069113 0.692813
vt 0.021668 0.710096
vt 0.027132 0.703942
vt 0.075240 0.694878
vt 0.032958 0.699365
vt 0.081435 0.697966
vt 0.038787 0.695926
vt 0.087529 0.702336
vt 0.044723 0.693505
vt 0.093455 0.708326
vt 0.050790 0.692127
vt 0.099493 0.716498
vt 0.056842 0.691477
vt 0.010596 0.727246
vt 0.016207 0.718356
vt 0.105736 0.725317
vt 0.062951 0.691724
vt 0.090607 0.699013
vt 0.096292 0.706189
vt 0.049618 0.685706
vt 0.101279 0.715330
vt 0.056633 0.684904
vt 0.010342 0.727192
vt 0.014380 0.717385
vt 0.106348 0.725028
vt 0.063691 0.685273
vt 0.018817 0.708159
vt 0.070714 0.686796
vt 0.023942 0.700848
vt 0.077712 0.689398
vt 0.029759 0.695120
vt 0.084422 0.693453
vt 0.036048 0.690714
vt 0.042781 0.687722
vt 0.072970 0.679774
vt 0.080902 0.683376
vt 0.020016 0.697872
vt 0.025715 0.690687
vt 0.088182 0.688734
vt 0.032517 0.684987
vt 0.094592 0.695692
vt 0.040079 0.680916
vt 0.099539 0.704320
vt 0.048095 0.678295
vt 0.103256 0.714484
vt 0.056371 0.677214
vt 0.009668 0.727140
vt 0.012396 0.716656
vt 0.106582 0.724991
vt 0.064723 0.677713
vt 0.015516 0.706504
vt 0.105404 0.713890
vt 0.046018 0.669424
vt 0.056031 0.668004
vt 0.009124 0.727225
vt 0.010281 0.716222
vt 0.107358 0.725145
vt 0.066156 0.668657
vt 0.011770 0.705276
vt 0.076098 0.671516
vt 0.015117 0.695138
vt 0.085253 0.676562
vt 0.020468 0.686068
vt 0.093249 0.683661
vt 0.027785 0.678604
vt 0.099330 0.692664
vt 0.036411 0.672991
vt 0.103381 0.702870
vt 0.009175 0.692935
vt 0.013802 0.681534
vt 0.099791 0.678499
vt 0.021399 0.671677
vt 0.105474 0.689990
vt 0.031153 0.663380
vt 0.107714 0.702049
vt 0.043188 0.658522
vt 0.107665 0.713687
vt 0.055582 0.656842
vt 0.008744 0.727423
vt 0.008077 0.716137
vt 0.107573 0.725324
vt 0.068131 0.657487
vt 0.007488 0.704665
vt 0.080666 0.661391
vt 0.091219 0.669013
vt 0.060747 0.820485
vt 0.049801 0.807454
vt 0.060199 0.808197
vt 0.008602 0.762350
vt 0.008631 0.750803
vt 0.010845 0.762136
vt 0.106337 0.748662
vt 0.107071 0.759581
vt 0.104937 0.759515
vt 0.070474 0.806551
vt 0.073936 0.817612
vt 0.008678 0.774090
vt 0.012982 0.773213
vt 0.080022 0.802678
vt 0.085361 0.811779
vt 0.011194 0.785814
vt 0.016944 0.783309
vt 0.095366 0.803847
vt 0.088523 0.796781
vt 0.022982 0.792095
vt 0.016357 0.797036
vt 0.102347 0.793344
vt 0.095431 0.789094
vt 0.030818 0.799211
vt 0.024531 0.807027
vt 0.106437 0.782031
vt 0.100596 0.780088
vt 0.039889 0.804413
vt 0.035367 0.814053
vt 0.103601 0.770155
vt 0.107714 0.770661
vt 0.047337 0.818823
vt 0.090223 0.784764
vt 0.027960 0.787182
vt 0.035132 0.792554
vt 0.095693 0.777515
vt 0.043061 0.796253
vt 0.099887 0.769012
vt 0.051345 0.798294
vt 0.102856 0.759063
vt 0.059792 0.798714
vt 0.009016 0.750965
vt 0.012979 0.761568
vt 0.106202 0.748672
vt 0.068156 0.797589
vt 0.016765 0.771754
vt 0.076178 0.794869
vt 0.021722 0.780255
vt 0.083620 0.790536
vt 0.009608 0.751028
vt 0.014961 0.760713
vt 0.105494 0.748803
vt 0.100914 0.758356
vt 0.066506 0.790129
vt 0.019983 0.769884
vt 0.073377 0.788145
vt 0.025562 0.776993
vt 0.079975 0.784913
vt 0.031800 0.782455
vt 0.086188 0.780501
vt 0.038424 0.786488
vt 0.091750 0.774683
vt 0.045332 0.789233
vt 0.096611 0.767449
vt 0.052389 0.790684
vt 0.059477 0.790950
vt 0.034671 0.778065
vt 0.040872 0.781082
vt 0.088511 0.771681
vt 0.046989 0.783148
vt 0.093824 0.765571
vt 0.053125 0.784205
vt 0.099123 0.757410
vt 0.059226 0.784377
vt 0.010298 0.750919
vt 0.016774 0.759622
vt 0.104845 0.748744
vt 0.065284 0.783756
vt 0.022781 0.767766
vt 0.071286 0.782264
vt 0.028665 0.773693
vt 0.077186 0.779794
vt 0.082959 0.776341
vt 0.064356 0.778191
vt 0.025092 0.765461
vt 0.069697 0.777053
vt 0.031163 0.770382
vt 0.075016 0.775115
vt 0.037033 0.773829
vt 0.080410 0.772395
vt 0.042697 0.776221
vt 0.085857 0.768631
vt 0.048207 0.777798
vt 0.091445 0.763494
vt 0.053653 0.778566
vt 0.097494 0.756272
vt 0.059021 0.778672
vt 0.011092 0.750670
vt 0.018404 0.758348
vt 0.104113 0.748531
vt 0.078386 0.768661
vt 0.083740 0.765625
vt 0.044064 0.771818
vt 0.049154 0.772954
vt 0.089362 0.761318
vt 0.054047 0.773541
vt 0.096027 0.754977
vt 0.058850 0.773606
vt 0.011346 0.750526
vt 0.019789 0.756829
vt 0.103366 0.748144
vt 0.063625 0.773223
vt 0.027124 0.763078
vt 0.068429 0.772315
vt 0.033183 0.767156
vt 0.073346 0.770847
vt 0.038839 0.769910
vt 0.063055 0.768745
vt 0.067474 0.768045
vt 0.028750 0.760619
vt 0.034853 0.763989
vt 0.071995 0.766847
vt 0.040232 0.766210
vt 0.076796 0.765126
vt 0.045186 0.767673
vt 0.081910 0.762636
vt 0.049843 0.768589
vt 0.087654 0.759036
vt 0.054335 0.769013
vt 0.094727 0.753563
vt 0.058707 0.769037
vt 0.012540 0.749468
vt 0.021080 0.755281
vt 0.102590 0.747638
vt 0.013343 0.748747
vt 0.101831 0.746997
vt 0.179825 0.760755
vt 0.184625 0.763749
vt 0.180281 0.764518
vt 0.145283 0.754918
vt 0.150007 0.760220
vt 0.144141 0.757345
vt 0.176137 0.764916
vt 0.137367 0.751014
vt 0.136494 0.752723
vt 0.172095 0.764998
vt 0.175914 0.761048
vt 0.208330 0.753259
vt 0.207460 0.751505
vt 0.216844 0.747943
vt 0.128213 0.747414
vt 0.168373 0.760965
vt 0.168065 0.764813
vt 0.200529 0.757859
vt 0.164485 0.760591
vt 0.163955 0.764313
vt 0.194443 0.760680
vt 0.199414 0.755387
vt 0.159649 0.763463
vt 0.189306 0.762540
vt 0.193345 0.757675
vt 0.155022 0.762166
vt 0.160443 0.759894
vt 0.183897 0.760133
vt 0.151145 0.757283
vt 0.156049 0.758855
vt 0.161045 0.756508
vt 0.183356 0.756710
vt 0.188339 0.759169
vt 0.152068 0.754403
vt 0.146212 0.752488
vt 0.175756 0.757423
vt 0.138087 0.749241
vt 0.172140 0.761109
vt 0.206739 0.749692
vt 0.216346 0.746920
vt 0.128680 0.746454
vt 0.168604 0.757353
vt 0.198448 0.752931
vt 0.192494 0.754756
vt 0.129067 0.745375
vt 0.138666 0.747416
vt 0.168786 0.753908
vt 0.172176 0.757462
vt 0.206157 0.747830
vt 0.164944 0.757031
vt 0.191770 0.751902
vt 0.165284 0.753653
vt 0.187008 0.752815
vt 0.187559 0.755931
vt 0.156874 0.755666
vt 0.161561 0.753232
vt 0.182894 0.753408
vt 0.157495 0.752573
vt 0.179152 0.753770
vt 0.179432 0.757167
vt 0.152806 0.751574
vt 0.175638 0.753969
vt 0.215948 0.745791
vt 0.157981 0.749564
vt 0.178953 0.750506
vt 0.146949 0.750060
vt 0.153356 0.748799
vt 0.139115 0.745552
vt 0.172245 0.750663
vt 0.172205 0.753991
vt 0.205707 0.745927
vt 0.215641 0.744583
vt 0.129378 0.744193
vt 0.197666 0.750470
vt 0.165537 0.750405
vt 0.191203 0.749099
vt 0.186592 0.749795
vt 0.196579 0.745559
vt 0.197043 0.748009
vt 0.169059 0.747379
vt 0.168949 0.750590
vt 0.190844 0.746345
vt 0.162239 0.746993
vt 0.161959 0.750071
vt 0.182325 0.747143
vt 0.182540 0.750227
vt 0.153755 0.746072
vt 0.147593 0.747647
vt 0.175476 0.747424
vt 0.175535 0.750631
vt 0.148073 0.745236
vt 0.172268 0.747427
vt 0.205213 0.744047
vt 0.215052 0.742465
vt 0.129954 0.742111
vt 0.139609 0.743707
vt 0.178787 0.747327
vt 0.182158 0.744114
vt 0.148349 0.742817
vt 0.175444 0.744279
vt 0.139808 0.741817
vt 0.205019 0.742122
vt 0.214936 0.742093
vt 0.130063 0.741743
vt 0.169137 0.744236
vt 0.165756 0.747230
vt 0.196314 0.743111
vt 0.162430 0.743978
vt 0.186048 0.743927
vt 0.186225 0.746831
vt 0.158584 0.743727
vt 0.158350 0.746621
vt 0.165989 0.741085
vt 0.165914 0.744133
vt 0.190418 0.740913
vt 0.190525 0.743617
vt 0.162568 0.740996
vt 0.182068 0.741125
vt 0.154241 0.740675
vt 0.154107 0.743366
vt 0.178643 0.741168
vt 0.178672 0.744221
vt 0.148578 0.740405
vt 0.172290 0.744271
vt 0.175424 0.741180
vt 0.204762 0.740212
vt 0.214633 0.739860
vt 0.130102 0.740441
vt 0.139891 0.739906
vt 0.169200 0.741140
vt 0.196106 0.740680
vt 0.148599 0.737982
vt 0.178631 0.738132
vt 0.139858 0.737972
vt 0.172311 0.741162
vt 0.175426 0.738105
vt 0.204805 0.738288
vt 0.214599 0.739468
vt 0.130011 0.739108
vt 0.169236 0.738068
vt 0.166047 0.738055
vt 0.196090 0.738252
vt 0.162604 0.738032
vt 0.185878 0.738189
vt 0.185898 0.741049
vt 0.158794 0.738002
vt 0.158753 0.740858
vt 0.182076 0.738155
vt 0.190450 0.735525
vt 0.190330 0.738218
vt 0.166035 0.735021
vt 0.158774 0.735146
vt 0.185911 0.735326
vt 0.154257 0.735295
vt 0.154352 0.737987
vt 0.178681 0.735098
vt 0.148568 0.735559
vt 0.172329 0.738079
vt 0.175478 0.735033
vt 0.204778 0.736364
vt 0.214607 0.737188
vt 0.130024 0.736789
vt 0.139900 0.736041
vt 0.169247 0.734995
vt 0.196128 0.735827
vt 0.178779 0.732043
vt 0.139644 0.734125
vt 0.172363 0.734994
vt 0.175531 0.731936
vt 0.204870 0.734464
vt 0.214516 0.735879
vt 0.130000 0.736389
vt 0.169231 0.731898
vt 0.165980 0.731963
vt 0.196376 0.733411
vt 0.162595 0.735065
vt 0.186106 0.732447
vt 0.158628 0.732268
vt 0.182135 0.735189
vt 0.148346 0.733134
vt 0.162510 0.732078
vt 0.165874 0.728857
vt 0.190964 0.730114
vt 0.190598 0.732828
vt 0.158407 0.729362
vt 0.182251 0.732205
vt 0.186360 0.729547
vt 0.153813 0.729863
vt 0.154141 0.732592
vt 0.178927 0.728939
vt 0.148060 0.730696
vt 0.172397 0.728729
vt 0.172381 0.731883
vt 0.205254 0.732597
vt 0.214585 0.735492
vt 0.129714 0.734116
vt 0.139457 0.732197
vt 0.196660 0.730984
vt 0.138972 0.730318
vt 0.175721 0.725578
vt 0.175612 0.728787
vt 0.205765 0.730726
vt 0.215052 0.734267
vt 0.129627 0.733731
vt 0.169126 0.725534
vt 0.169189 0.728753
vt 0.165701 0.725668
vt 0.197163 0.728554
vt 0.162358 0.729050
vt 0.186756 0.726592
vt 0.158085 0.726401
vt 0.182447 0.729180
vt 0.179139 0.725759
vt 0.147660 0.728241
vt 0.161726 0.722766
vt 0.162100 0.725954
vt 0.183148 0.722912
vt 0.182723 0.726096
vt 0.153425 0.727111
vt 0.157641 0.723373
vt 0.147015 0.725786
vt 0.175877 0.722248
vt 0.172428 0.725489
vt 0.206228 0.728835
vt 0.215647 0.732143
vt 0.129041 0.731620
vt 0.138530 0.728414
vt 0.169014 0.722203
vt 0.197824 0.726118
vt 0.191376 0.727374
vt 0.187233 0.723573
vt 0.206820 0.726989
vt 0.215941 0.730932
vt 0.128763 0.730416
vt 0.137956 0.726556
vt 0.168882 0.718736
vt 0.172447 0.722148
vt 0.198650 0.723687
vt 0.165194 0.719004
vt 0.165502 0.722411
vt 0.191934 0.724583
vt 0.192718 0.721743
vt 0.157054 0.720267
vt 0.187862 0.720476
vt 0.152165 0.721467
vt 0.152911 0.724318
vt 0.179736 0.719101
vt 0.179382 0.722505
vt 0.146215 0.723331
vt 0.176055 0.718780
vt 0.183620 0.719639
vt 0.188696 0.717257
vt 0.156274 0.717037
vt 0.180187 0.715521
vt 0.151272 0.718549
vt 0.145306 0.720858
vt 0.172491 0.715004
vt 0.172469 0.718685
vt 0.207549 0.725194
vt 0.216340 0.729808
vt 0.128366 0.729301
vt 0.137240 0.724746
vt 0.199595 0.721245
vt 0.164794 0.715419
vt 0.193644 0.718837
vt 0.161298 0.719487
vt 0.168710 0.715116
vt 0.172530 0.711085
vt 0.208558 0.723531
vt 0.168473 0.711233
vt 0.194778 0.715868
vt 0.159992 0.712455
vt 0.160732 0.716061
vt 0.189690 0.713920
vt 0.155297 0.713679
vt 0.184226 0.716228
vt 0.185045 0.712619
vt 0.150190 0.715573
vt 0.176577 0.711293
vt 0.176277 0.715150
vt 0.136238 0.723063
vt 0.216538 0.729510
vt 0.128149 0.729017
vt 0.148744 0.712513
vt 0.180715 0.711768
vt 0.186059 0.708792
vt 0.144123 0.718410
vt 0.176949 0.707115
vt 0.135199 0.721366
vt 0.172555 0.706882
vt 0.209606 0.721855
vt 0.217631 0.728038
vt 0.127063 0.727514
vt 0.200750 0.718808
vt 0.164321 0.711653
vt 0.168165 0.707069
vt 0.196234 0.712838
vt 0.159020 0.708604
vt 0.203877 0.713990
vt 0.202175 0.716381
vt 0.162893 0.703267
vt 0.163708 0.707629
vt 0.190899 0.710453
vt 0.198011 0.709739
vt 0.154157 0.710203
vt 0.157860 0.704530
vt 0.187275 0.704738
vt 0.147082 0.709403
vt 0.182263 0.703395
vt 0.181381 0.707769
vt 0.141040 0.713546
vt 0.142751 0.715946
vt 0.177398 0.702596
vt 0.210823 0.720287
vt 0.218214 0.727284
vt 0.126478 0.726739
vt 0.133990 0.719775
vt 0.167754 0.702513
vt 0.183379 0.698597
vt 0.139021 0.711210
vt 0.132602 0.718314
vt 0.172583 0.702294
vt 0.177969 0.697620
vt 0.212295 0.718934
vt 0.218463 0.727119
vt 0.125846 0.726126
vt 0.167260 0.697536
vt 0.161833 0.698434
vt 0.205937 0.711704
vt 0.194416 0.702943
vt 0.192449 0.706808
vt 0.152630 0.706517
vt 0.156353 0.700109
vt 0.188847 0.700342
vt 0.150735 0.702627
vt 0.166558 0.691853
vt 0.202711 0.703409
vt 0.200086 0.706610
vt 0.154435 0.695326
vt 0.196893 0.698840
vt 0.190842 0.695574
vt 0.145018 0.706222
vt 0.148332 0.698492
vt 0.142424 0.702972
vt 0.178758 0.691949
vt 0.130976 0.717098
vt 0.172620 0.697223
vt 0.213940 0.717733
vt 0.219241 0.726724
vt 0.125585 0.725999
vt 0.136704 0.708976
vt 0.139294 0.699765
vt 0.179750 0.685539
vt 0.184803 0.693341
vt 0.133887 0.706939
vt 0.172664 0.691470
vt 0.215729 0.716648
vt 0.220369 0.726317
vt 0.124446 0.725589
vt 0.129203 0.715992
vt 0.165686 0.685486
vt 0.211164 0.707521
vt 0.208305 0.709508
vt 0.160467 0.693119
vt 0.205869 0.700266
vt 0.158694 0.687090
vt 0.199976 0.694543
vt 0.151789 0.689882
vt 0.193508 0.690234
vt 0.145320 0.694160
vt 0.186706 0.687320
vt 0.156285 0.680216
vt 0.209933 0.697164
vt 0.141367 0.689550
vt 0.203947 0.690012
vt 0.135341 0.696611
vt 0.189220 0.680434
vt 0.130674 0.705182
vt 0.172708 0.684909
vt 0.181087 0.678031
vt 0.217691 0.715888
vt 0.220590 0.726276
vt 0.124221 0.725551
vt 0.127252 0.715207
vt 0.164414 0.677870
vt 0.214415 0.705817
vt 0.125140 0.714672
vt 0.172764 0.677175
vt 0.182897 0.669044
vt 0.219808 0.715381
vt 0.221333 0.726436
vt 0.123467 0.725714
vt 0.162750 0.668909
vt 0.152916 0.671980
vt 0.218218 0.704552
vt 0.148474 0.684002
vt 0.209120 0.685337
vt 0.143970 0.677379
vt 0.201620 0.677777
vt 0.196903 0.684431
vt 0.136219 0.684737
vt 0.192723 0.672235
vt 0.126890 0.703849
vt 0.216197 0.680466
vt 0.214726 0.694408
vt 0.129240 0.679740
vt 0.130546 0.693771
vt 0.208061 0.670250
vt 0.124532 0.691473
vt 0.197472 0.662555
vt 0.122690 0.703158
vt 0.172827 0.667957
vt 0.185342 0.658094
vt 0.222019 0.715258
vt 0.221541 0.726599
vt 0.123325 0.725727
vt 0.122959 0.714530
vt 0.160451 0.657957
vt 0.222454 0.703916
vt 0.148323 0.662254
vt 0.220757 0.692192
vt 0.137660 0.669719
vt 0.170807 0.820076
vt 0.181446 0.807394
vt 0.183799 0.818312
vt 0.222042 0.761777
vt 0.219791 0.761602
vt 0.221809 0.750203
vt 0.123718 0.749466
vt 0.125369 0.760562
vt 0.123183 0.760671
vt 0.161062 0.806678
vt 0.157926 0.817537
vt 0.222232 0.773352
vt 0.151585 0.803118
vt 0.146653 0.812143
vt 0.220136 0.785269
vt 0.217933 0.772591
vt 0.136723 0.804768
vt 0.208034 0.791728
vt 0.214955 0.796895
vt 0.128872 0.794893
vt 0.142959 0.797645
vt 0.200300 0.799019
vt 0.206451 0.806701
vt 0.124321 0.783448
vt 0.135783 0.790173
vt 0.191275 0.804246
vt 0.195827 0.813974
vt 0.126874 0.771272
vt 0.122690 0.771879
vt 0.140796 0.785679
vt 0.203108 0.786934
vt 0.135016 0.778560
vt 0.130230 0.781278
vt 0.195825 0.792285
vt 0.188003 0.796063
vt 0.127437 0.760115
vt 0.171191 0.808141
vt 0.179812 0.798226
vt 0.217645 0.761039
vt 0.221588 0.750373
vt 0.124121 0.749786
vt 0.163160 0.797785
vt 0.214096 0.771204
vt 0.155160 0.795284
vt 0.209296 0.779838
vt 0.214119 0.782804
vt 0.147668 0.791196
vt 0.215657 0.760152
vt 0.221179 0.750453
vt 0.124309 0.749792
vt 0.129382 0.759311
vt 0.164639 0.790350
vt 0.171445 0.798746
vt 0.157763 0.788549
vt 0.210813 0.769394
vt 0.199227 0.782250
vt 0.151070 0.785530
vt 0.192600 0.786390
vt 0.144788 0.781222
vt 0.185656 0.789096
vt 0.133838 0.768373
vt 0.130605 0.770043
vt 0.178670 0.790688
vt 0.196138 0.777779
vt 0.142116 0.772468
vt 0.139009 0.775541
vt 0.183955 0.783083
vt 0.136637 0.766439
vt 0.171621 0.791001
vt 0.177851 0.784206
vt 0.213826 0.759093
vt 0.220142 0.750285
vt 0.125293 0.749669
vt 0.131176 0.758333
vt 0.165724 0.783999
vt 0.207981 0.767332
vt 0.159709 0.782635
vt 0.202205 0.773368
vt 0.205299 0.776613
vt 0.147910 0.776976
vt 0.171893 0.778840
vt 0.171777 0.784513
vt 0.212174 0.757851
vt 0.161192 0.777387
vt 0.205634 0.765073
vt 0.153753 0.780312
vt 0.193845 0.773668
vt 0.150314 0.772992
vt 0.190105 0.780999
vt 0.182658 0.777729
vt 0.138970 0.764295
vt 0.132800 0.757171
vt 0.219338 0.750042
vt 0.126061 0.749469
vt 0.146838 0.766238
vt 0.144775 0.769325
vt 0.181678 0.772956
vt 0.188152 0.776097
vt 0.177236 0.778563
vt 0.140979 0.762051
vt 0.176762 0.773583
vt 0.210697 0.756462
vt 0.218519 0.749624
vt 0.126849 0.749103
vt 0.134253 0.755862
vt 0.167179 0.773462
vt 0.166547 0.778435
vt 0.203613 0.762730
vt 0.162331 0.772659
vt 0.197552 0.766882
vt 0.199577 0.770083
vt 0.155807 0.775588
vt 0.157436 0.771223
vt 0.186674 0.771664
vt 0.167673 0.768955
vt 0.195860 0.763752
vt 0.158650 0.767237
vt 0.191937 0.769722
vt 0.152266 0.769180
vt 0.185540 0.767584
vt 0.148581 0.763195
vt 0.176422 0.769084
vt 0.135458 0.754345
vt 0.171968 0.773753
vt 0.209480 0.754862
vt 0.218252 0.749453
vt 0.127116 0.748958
vt 0.142693 0.759722
vt 0.180866 0.768528
vt 0.172039 0.769189
vt 0.217084 0.748195
vt 0.127700 0.748252
vt 0.201885 0.760319
vt 0.163238 0.768324
vt 0.190474 0.766042
vt 0.153828 0.765578
vt 0.172893 0.656841
vt 0.459102 0.408500
vt 0.402328 0.413060
vt 0.429923 0.381927
vt 0.411791 0.469218
vt 0.435702 0.439062
vt 0.398196 0.356589
vt 0.346571 0.422906
vt 0.363502 0.382807
vt 0.503298 0.405112
vt 0.485722 0.380493
vt 0.489304 0.431882
vt 0.441837 0.492785
vt 0.467480 0.463826
vt 0.419303 0.512887
vt 0.391147 0.501860
vt 0.378899 0.447435
vt 0.321772 0.460198
vt 0.399308 0.301351
vt 0.381148 0.337389
vt 0.323749 0.411094
vt 0.348749 0.371315
vt 0.293433 0.437494
vt 0.309681 0.411628
vt 0.428327 0.323341
vt 0.459381 0.351110
vt 0.223217 0.273925
vt 0.236047 0.207076
vt 0.274444 0.265473
vt 0.323447 0.317652
vt 0.316643 0.346274
vt 0.306739 0.338612
vt 0.227486 0.325542
vt 0.161312 0.302490
vt 0.291946 0.358411
vt 0.266446 0.307720
vt 0.288917 0.272420
vt 0.312259 0.242539
vt 0.340772 0.251233
vt 0.348834 0.275850
vt 0.340989 0.294398
vt 0.338070 0.318247
vt 0.378172 0.323650
vt 0.369845 0.323345
vt 0.338898 0.363640
vt 0.307315 0.403639
vt 0.294499 0.374179
vt 0.272533 0.383248
vt 0.214173 0.368301
vt 0.255080 0.397789
vt 0.227953 0.396744
vt 0.237560 0.338307
vt 0.207198 0.354283
vt 0.185379 0.406312
vt 0.178946 0.453960
vt 0.159687 0.441370
vt 0.244083 0.452363
vt 0.208295 0.476020
vt 0.229831 0.444490
vt 0.154297 0.488059
vt 0.135937 0.476051
vt 0.220936 0.487339
vt 0.183409 0.505802
vt 0.167694 0.400084
vt 0.119587 0.360259
vt 0.378960 0.232214
vt 0.360300 0.220155
vt 0.252667 0.413764
vt 0.221134 0.435757
vt 0.283065 0.473970
vt 0.223923 0.549578
vt 0.192926 0.518614
vt 0.193209 0.568528
vt 0.165844 0.549155
vt 0.157887 0.536630
vt 0.129868 0.520882
vt 0.113029 0.508612
vt 0.073530 0.444455
vt 0.101994 0.494833
vt 0.049707 0.474765
vt 0.090598 0.401245
vt 0.122306 0.464124
vt 0.142707 0.431486
vt 0.043339 0.199281
vt 0.116374 0.190251
vt 0.083387 0.232731
vt 0.107708 0.117178
vt 0.073995 0.157029
vt 0.126070 0.263977
vt 0.190267 0.182061
vt 0.158155 0.222995
vt 0.007488 0.189235
vt 0.014407 0.232505
vt 0.011364 0.159367
vt 0.061320 0.095652
vt 0.034070 0.125727
vt 0.089398 0.084762
vt 0.175523 0.106825
vt 0.149744 0.148081
vt 0.213910 0.140650
vt 0.188296 0.246606
vt 0.091485 0.296835
vt 0.049468 0.267619
vt 0.413012 0.155021
vt 0.369451 0.171678
vt 0.396953 0.140322
vt 0.437260 0.178624
vt 0.428810 0.219290
vt 0.414756 0.209921
vt 0.386294 0.187115
vt 0.342082 0.204999
vt 0.400922 0.250458
vt 0.389584 0.238618
vt 0.406648 0.103088
vt 0.351277 0.088129
vt 0.374523 0.057810
vt 0.438527 0.123464
vt 0.422599 0.110296
vt 0.460580 0.146486
vt 0.451929 0.184601
vt 0.499936 0.172527
vt 0.474575 0.151037
vt 0.489343 0.206699
vt 0.431493 0.282282
vt 0.267948 0.416550
vt 0.277795 0.422677
vt 0.364518 0.268686
vt 0.372851 0.281849
vt 0.331730 0.189525
vt 0.281664 0.152955
vt 0.355784 0.157785
vt 0.313966 0.115106
vt 0.382140 0.130156
vt 0.086316 0.538813
vt 0.073567 0.589017
vt 0.055083 0.570992
vt 0.146284 0.584420
vt 0.107625 0.614764
vt 0.131096 0.575450
vt 0.490083 0.052611
vt 0.445029 0.077202
vt 0.468234 0.039283
vt 0.523217 0.078945
vt 0.503614 0.123550
vt 0.491254 0.111177
vt 0.074048 0.523292
vt 0.034531 0.494999
vt 0.103575 0.552856
vt 0.184918 0.601729
vt 0.125939 0.622575
vt 0.535234 0.094603
vt 0.529766 0.156374
vt 0.462756 0.090334
vt 0.427103 0.069243
vt 0.390215 0.038262
vt 0.448677 0.028099
vt 0.402319 0.007488
vt 0.039250 0.554684
vt 0.007488 0.514542
vt 0.381260 0.289948
vt 0.261964 0.349437
vt 0.305642 0.293843
vt 0.287145 0.323683
vt 0.454959 0.135132
vt 0.145388 0.533989
vt 0.479876 0.102517
vt 0.119781 0.566508
vt 0.429805 0.167774
vt 0.403946 0.199934
vt 0.170951 0.501248
vt 0.195846 0.467972
vt 0.204770 0.420363
vt 0.297580 0.238726
vt 0.507961 0.068447
vt 0.093540 0.602493
vt 0.248480 0.293663
vt 0.356239 0.483502
vt 0.257682 0.515651
vt 0.133065 0.081159
vt 0.465157 0.247532
vt 0.168632 0.641865
vt 0.564286 0.130837
vt 0.749133 0.050276
vt 0.734885 0.037334
vt 0.770552 0.007488
vt 0.725392 0.090474
vt 0.734427 0.055591
vt 0.703892 0.075323
vt 0.713938 0.085302
vt 0.765832 0.056010
vt 0.795439 0.033520
vt 0.788108 0.018610
vt 0.755417 0.107659
vt 0.740615 0.098523
vt 0.713208 0.139510
vt 0.699151 0.131149
vt 0.726390 0.148839
vt 0.704139 0.173098
vt 0.690240 0.170967
vt 0.676079 0.164632
vt 0.678709 0.117901
vt 0.689328 0.124334
vt 0.669698 0.156345
vt 0.665459 0.147108
vt 0.651686 0.157092
vt 0.658917 0.167844
vt 0.656183 0.177002
vt 0.633184 0.173321
vt 0.679228 0.191699
vt 0.664766 0.187390
vt 0.699936 0.189925
vt 0.697703 0.210382
vt 0.676088 0.209564
vt 0.655677 0.210859
vt 0.667396 0.228320
vt 0.678805 0.225953
vt 0.697311 0.230806
vt 0.684019 0.244890
vt 0.671775 0.245803
vt 0.651141 0.236411
vt 0.663498 0.234772
vt 0.663601 0.248068
vt 0.655793 0.252871
vt 0.665146 0.280776
vt 0.654511 0.281383
vt 0.675536 0.279529
vt 0.667782 0.322113
vt 0.655237 0.324481
vt 0.696351 0.247566
vt 0.689741 0.278461
vt 0.703401 0.276315
vt 0.696103 0.322195
vt 0.679611 0.323983
vt 0.690583 0.369525
vt 0.711791 0.319177
vt 0.707534 0.367722
vt 0.731246 0.393615
vt 0.721584 0.405412
vt 0.704075 0.413432
vt 0.665896 0.355711
vt 0.655503 0.368649
vt 0.673585 0.368813
vt 0.656558 0.411162
vt 0.724726 0.440491
vt 0.700224 0.434614
vt 0.733049 0.456489
vt 0.718999 0.446230
vt 0.696922 0.453581
vt 0.720935 0.456082
vt 0.733775 0.428753
vt 0.743591 0.406365
vt 0.759299 0.418754
vt 0.744330 0.442264
vt 0.752802 0.464124
vt 0.761672 0.447583
vt 0.777646 0.427003
vt 0.791014 0.446050
vt 0.792737 0.466302
vt 0.717703 0.466302
vt 0.695447 0.472534
vt 0.723462 0.474427
vt 0.691355 0.492512
vt 0.590796 0.246223
vt 0.601415 0.274263
vt 0.584839 0.275883
vt 0.603350 0.236308
vt 0.620951 0.273025
vt 0.618143 0.324743
vt 0.598137 0.324147
vt 0.580126 0.322179
vt 0.645653 0.240586
vt 0.625970 0.224005
vt 0.639640 0.277315
vt 0.637918 0.325366
vt 0.637740 0.375030
vt 0.617775 0.376456
vt 0.636582 0.419123
vt 0.618332 0.421411
vt 0.579262 0.368994
vt 0.597614 0.375233
vt 0.600055 0.419528
vt 0.579953 0.412120
vt 0.716755 0.269336
vt 0.705358 0.233871
vt 0.734292 0.261943
vt 0.747144 0.311194
vt 0.727810 0.315676
vt 0.741837 0.222473
vt 0.722331 0.224054
vt 0.757136 0.228426
vt 0.753472 0.258575
vt 0.769701 0.256927
vt 0.766713 0.306634
vt 0.776266 0.356026
vt 0.757698 0.361848
vt 0.791544 0.349941
vt 0.793636 0.382284
vt 0.782865 0.396031
vt 0.765447 0.404649
vt 0.722715 0.363234
vt 0.738516 0.363311
vt 0.746100 0.402736
vt 0.734885 0.962666
vt 0.749133 0.949724
vt 0.770552 0.992512
vt 0.703892 0.924677
vt 0.734427 0.944409
vt 0.725392 0.909526
vt 0.713938 0.914698
vt 0.765832 0.943990
vt 0.788108 0.981390
vt 0.740615 0.901477
vt 0.755417 0.892341
vt 0.780581 0.935605
vt 0.795439 0.966480
vt 0.713208 0.860490
vt 0.699151 0.868851
vt 0.690239 0.829033
vt 0.704139 0.826902
vt 0.726390 0.851161
vt 0.678709 0.882099
vt 0.665459 0.852892
vt 0.689328 0.875666
vt 0.669698 0.843655
vt 0.651685 0.842908
vt 0.656183 0.822998
vt 0.633184 0.826678
vt 0.676079 0.835368
vt 0.658917 0.832156
vt 0.679228 0.808301
vt 0.664766 0.812610
vt 0.676088 0.790436
vt 0.697703 0.789618
vt 0.699936 0.810075
vt 0.667396 0.771680
vt 0.655677 0.789141
vt 0.671774 0.754197
vt 0.678804 0.774047
vt 0.684019 0.755110
vt 0.697311 0.769194
vt 0.651141 0.763589
vt 0.663601 0.751932
vt 0.655793 0.747129
vt 0.663498 0.765228
vt 0.665146 0.719224
vt 0.654511 0.718617
vt 0.667782 0.677887
vt 0.675536 0.720471
vt 0.679611 0.676017
vt 0.689741 0.721539
vt 0.696103 0.677805
vt 0.703401 0.723685
vt 0.696350 0.752434
vt 0.690583 0.630475
vt 0.704075 0.586568
vt 0.707534 0.632278
vt 0.731246 0.606385
vt 0.722715 0.636766
vt 0.711791 0.680823
vt 0.655237 0.675519
vt 0.665896 0.644289
vt 0.673585 0.631187
vt 0.655503 0.631351
vt 0.656558 0.588837
vt 0.700224 0.565386
vt 0.724726 0.559509
vt 0.696922 0.546419
vt 0.718999 0.553770
vt 0.733049 0.543511
vt 0.720935 0.543918
vt 0.733775 0.571247
vt 0.721584 0.594588
vt 0.744330 0.557736
vt 0.759299 0.581246
vt 0.743591 0.593635
vt 0.752802 0.535876
vt 0.792737 0.533698
vt 0.761672 0.552417
vt 0.791014 0.553949
vt 0.777646 0.572997
vt 0.717703 0.533698
vt 0.723462 0.525573
vt 0.695447 0.527466
vt 0.691355 0.507488
vt 0.590796 0.753777
vt 0.601415 0.725737
vt 0.603350 0.763692
vt 0.584839 0.724117
vt 0.598137 0.675853
vt 0.618143 0.675257
vt 0.620951 0.726975
vt 0.625970 0.775995
vt 0.645653 0.759414
vt 0.639640 0.722685
vt 0.637918 0.674634
vt 0.637740 0.624970
vt 0.617775 0.623544
vt 0.636582 0.580877
vt 0.579262 0.631006
vt 0.580126 0.677821
vt 0.579953 0.587880
vt 0.597614 0.624767
vt 0.600054 0.580472
vt 0.716755 0.730664
vt 0.705358 0.766129
vt 0.727810 0.684324
vt 0.747144 0.688806
vt 0.734292 0.738057
vt 0.722331 0.775946
vt 0.741837 0.777527
vt 0.753472 0.741425
vt 0.766713 0.693366
vt 0.769701 0.743073
vt 0.757136 0.771574
vt 0.776266 0.643974
vt 0.757698 0.638152
vt 0.782865 0.603969
vt 0.793636 0.617716
vt 0.791544 0.650059
vt 0.783265 0.697326
vt 0.738516 0.636689
vt 0.746100 0.597264
vt 0.780581 0.064395
vt 0.795439 0.430399
vt 0.783265 0.302673
vt 0.795439 0.569601
vt 0.618332 0.578589
vt 0.765447 0.595351
s 0
usemtl Material.001
f 477/1/1 11/2/1 12/3/1
f 480/4/2 20/5/2 481/6/2
f 3/7/3 12/3/3 13/8/3
f 481/6/4 21/9/4 482/10/4
f 3/7/5 14/11/5 4/12/5
f 474/13/6 82/14/6 7/15/6
f 308/16/7 482/10/7 21/9/7
f 5/17/8 14/11/8 15/18/8
f 475/19/9 7/15/9 8/20/9
f 5/17/10 16/21/10 478/22/10
f 1/23/11 8/20/11 9/24/11
f 478/22/12 17/25/12 6/26/12
f 476/27/13 9/24/13 10/28/13
f 6/26/14 18/29/14 479/30/14
f 2/31/15 10/28/15 11/2/15
f 479/30/16 19/32/16 480/4/16
f 18/29/17 32/33/17 33/34/17
f 10/28/18 26/35/18 11/2/18
f 19/32/19 33/34/19 34/36/19
f 12/3/20 26/35/20 27/37/20
f 19/32/21 35/38/21 20/5/21
f 13/8/22 27/37/22 28/39/22
f 21/9/23 35/38/23 36/40/23
f 13/8/24 29/41/24 14/11/24
f 7/15/25 82/42/25 22/43/25
f 308/44/26 21/9/26 36/40/26
f 15/18/27 29/41/27 30/45/27
f 7/15/28 23/46/28 8/20/28
f 15/18/29 31/47/29 16/21/29
f 9/24/30 23/46/30 24/48/30
f 16/21/31 32/33/31 17/25/31
f 9/24/32 25/49/32 10/28/32
f 308/50/33 36/40/33 51/51/33
f 29/41/34 45/52/34 30/45/34
f 22/43/35 38/53/35 23/46/35
f 31/47/36 45/52/36 46/54/36
f 24/48/37 38/53/37 39/55/37
f 31/47/38 47/56/38 32/33/38
f 24/48/39 40/57/39 25/49/39
f 32/33/40 48/58/40 33/34/40
f 26/35/41 40/57/41 41/59/41
f 34/36/42 48/58/42 49/60/42
f 27/37/43 41/59/43 42/61/43
f 34/36/44 50/62/44 35/38/44
f 27/37/45 43/63/45 28/39/45
f 35/38/46 51/51/46 36/40/46
f 29/41/47 43/63/47 44/64/47
f 22/43/48 82/65/48 37/66/48
f 49/60/49 63/67/49 64/68/49
f 41/59/50 57/69/50 42/61/50
f 50/62/51 64/68/51 65/70/51
f 42/61/52 58/71/52 43/63/52
f 51/51/53 65/70/53 66/72/53
f 44/64/54 58/71/54 59/73/54
f 37/66/55 82/74/55 52/75/55
f 308/76/56 51/51/56 66/72/56
f 44/64/57 60/77/57 45/52/57
f 37/66/58 53/78/58 38/53/58
f 46/54/59 60/77/59 61/79/59
f 38/53/60 54/80/60 39/55/60
f 47/56/61 61/79/61 62/81/61
f 39/55/62 55/82/62 40/57/62
f 47/56/63 63/67/63 48/58/63
f 41/59/64 55/82/64 56/83/64
f 53/78/65 67/84/65 68/85/65
f 60/77/66 76/86/66 61/79/66
f 54/80/67 68/85/67 69/87/67
f 62/81/68 76/86/68 77/88/68
f 55/82/69 69/87/69 70/89/69
f 62/81/70 78/90/70 63/67/70
f 56/83/71 70/89/71 71/91/71
f 63/67/72 79/92/72 64/68/72
f 56/83/73 72/93/73 57/69/73
f 64/68/74 80/94/74 65/70/74
f 58/71/75 72/93/75 73/95/75
f 65/70/76 81/96/76 66/72/76
f 59/73/77 73/95/77 74/97/77
f 52/75/78 82/98/78 67/84/78
f 308/99/79 66/72/79 81/96/79
f 59/73/80 75/100/80 60/77/80
f 71/91/81 88/101/81 72/93/81
f 80/94/82 95/102/82 96/103/82
f 73/95/83 88/101/83 89/104/83
f 81/96/84 96/103/84 97/105/84
f 74/97/85 89/104/85 90/106/85
f 67/84/86 82/107/86 83/108/86
f 308/109/87 81/96/87 97/105/87
f 74/97/88 91/110/88 75/100/88
f 67/84/89 84/111/89 68/85/89
f 75/100/90 92/112/90 76/86/90
f 68/85/91 85/113/91 69/87/91
f 77/88/92 92/112/92 93/114/92
f 69/87/93 86/115/93 70/89/93
f 77/88/94 94/116/94 78/90/94
f 71/91/95 86/115/95 87/117/95
f 79/92/96 94/116/96 95/102/96
f 91/110/97 107/118/97 92/112/97
f 84/111/98 100/119/98 85/113/98
f 93/114/99 107/118/99 108/120/99
f 85/113/100 101/121/100 86/115/100
f 93/114/101 109/122/101 94/116/101
f 87/117/102 101/121/102 102/123/102
f 95/102/103 109/122/103 110/124/103
f 87/117/104 103/125/104 88/101/104
f 96/103/105 110/124/105 111/126/105
f 89/104/106 103/125/106 104/127/106
f 96/103/107 112/128/107 97/105/107
f 90/106/108 104/127/108 105/129/108
f 83/108/109 82/130/109 98/131/109
f 308/132/110 97/105/110 112/128/110
f 90/106/111 106/133/111 91/110/111
f 84/111/112 98/131/112 99/134/112
f 111/126/113 125/135/113 126/136/113
f 104/127/114 118/137/114 119/138/114
f 112/128/115 126/136/115 127/139/115
f 105/129/116 119/138/116 120/140/116
f 98/131/117 82/141/117 113/142/117
f 308/143/118 112/128/118 127/139/118
f 105/129/119 121/144/119 106/133/119
f 98/131/120 114/145/120 99/134/120
f 106/133/121 122/146/121 107/118/121
f 99/134/122 115/147/122 100/119/122
f 108/120/123 122/146/123 123/148/123
f 100/119/124 116/149/124 101/121/124
f 108/120/125 124/150/125 109/122/125
f 102/123/126 116/149/126 117/151/126
f 110/124/127 124/150/127 125/135/127
f 102/123/128 118/137/128 103/125/128
f 115/147/129 129/152/129 130/153/129
f 123/148/130 137/154/130 138/155/130
f 115/147/131 131/156/131 116/149/131
f 123/148/132 139/157/132 124/150/132
f 117/151/133 131/156/133 132/158/133
f 125/135/134 139/157/134 140/159/134
f 117/151/135 133/160/135 118/137/135
f 125/135/136 141/161/136 126/136/136
f 119/138/137 133/160/137 134/162/137
f 126/136/138 142/163/138 127/139/138
f 120/140/139 134/162/139 135/164/139
f 113/142/140 82/165/140 128/166/140
f 308/167/141 127/139/141 142/163/141
f 120/140/142 136/168/142 121/144/142
f 114/145/143 128/166/143 129/152/143
f 121/144/144 137/154/144 122/146/144
f 134/162/145 148/169/145 149/170/145
f 142/163/146 156/171/146 157/172/146
f 135/164/147 149/170/147 150/173/147
f 128/166/148 82/174/148 143/175/148
f 308/176/149 142/163/149 157/172/149
f 135/164/150 151/177/150 136/168/150
f 128/166/151 144/178/151 129/152/151
f 136/168/152 152/179/152 137/154/152
f 130/153/153 144/178/153 145/180/153
f 138/155/154 152/179/154 153/181/154
f 131/156/155 145/180/155 146/182/155
f 138/155/156 154/183/156 139/157/156
f 132/158/157 146/182/157 147/184/157
f 139/157/158 155/185/158 140/159/158
f 132/158/159 148/169/159 133/160/159
f 140/159/160 156/171/160 141/161/160
f 153/181/161 167/186/161 168/187/161
f 145/180/162 161/188/162 146/182/162
f 153/181/163 169/189/163 154/183/163
f 147/184/164 161/188/164 162/190/164
f 155/185/165 169/189/165 170/191/165
f 147/184/166 163/192/166 148/169/166
f 156/171/167 170/191/167 171/193/167
f 149/170/168 163/192/168 164/194/168
f 157/172/169 171/193/169 172/195/169
f 150/173/170 164/194/170 165/196/170
f 143/175/171 82/197/171 158/198/171
f 308/199/172 157/172/172 172/195/172
f 150/173/173 166/200/173 151/177/173
f 143/175/174 159/201/174 144/178/174
f 151/177/175 167/186/175 152/179/175
f 144/178/176 160/202/176 145/180/176
f 171/193/177 187/203/177 172/195/177
f 165/196/178 179/204/178 180/205/178
f 158/198/179 82/206/179 173/207/179
f 308/208/180 172/195/180 187/203/180
f 165/196/181 181/209/181 166/200/181
f 159/201/182 173/207/182 174/210/182
f 166/200/183 182/211/183 167/186/183
f 160/202/184 174/210/184 175/212/184
f 168/187/185 182/211/185 183/213/185
f 160/202/186 176/214/186 161/188/186
f 168/187/187 184/215/187 169/189/187
f 162/190/188 176/214/188 177/216/188
f 170/191/189 184/215/189 185/217/189
f 162/190/190 178/218/190 163/192/190
f 170/191/191 186/219/191 171/193/191
f 164/194/192 178/218/192 179/204/192
f 183/213/193 199/220/193 184/215/193
f 177/216/194 191/221/194 192/222/194
f 185/217/195 199/220/195 200/223/195
f 177/216/196 193/224/196 178/218/196
f 185/217/197 201/225/197 186/219/197
f 179/204/198 193/224/198 194/226/198
f 186/219/199 202/227/199 187/203/199
f 180/205/200 194/226/200 195/228/200
f 173/207/201 82/229/201 188/230/201
f 308/231/202 187/203/202 202/227/202
f 180/205/203 196/232/203 181/209/203
f 174/210/204 188/230/204 189/233/204
f 181/209/205 197/234/205 182/211/205
f 175/212/206 189/233/206 190/235/206
f 183/213/207 197/234/207 198/236/207
f 175/212/208 191/221/208 176/214/208
f 188/230/209 82/237/209 203/238/209
f 308/239/210 202/227/210 217/240/210
f 195/228/211 211/241/211 196/232/211
f 188/230/212 204/242/212 189/233/212
f 196/232/213 212/243/213 197/234/213
f 189/233/214 205/244/214 190/235/214
f 198/236/215 212/243/215 213/245/215
f 190/235/216 206/246/216 191/221/216
f 198/236/217 214/247/217 199/220/217
f 192/222/218 206/246/218 207/248/218
f 200/223/219 214/247/219 215/249/219
f 192/222/220 208/250/220 193/224/220
f 201/225/221 215/249/221 216/251/221
f 194/226/222 208/250/222 209/252/222
f 202/227/223 216/251/223 217/240/223
f 195/228/224 209/252/224 210/253/224
f 207/248/225 221/254/225 222/255/225
f 215/249/226 229/256/226 230/257/226
f 207/248/227 223/258/227 208/250/227
f 215/249/228 231/259/228 216/251/228
f 209/252/229 223/258/229 224/260/229
f 216/251/230 232/261/230 217/240/230
f 209/252/231 225/262/231 210/253/231
f 203/238/232 82/263/232 218/264/232
f 308/265/233 217/240/233 232/261/233
f 211/241/234 225/262/234 226/266/234
f 204/242/235 218/264/235 219/267/235
f 211/241/236 227/268/236 212/243/236
f 204/242/237 220/269/237 205/244/237
f 213/245/238 227/268/238 228/270/238
f 205/244/239 221/254/239 206/246/239
f 213/245/240 229/256/240 214/247/240
f 225/262/241 241/271/241 226/266/241
f 218/264/242 234/272/242 219/267/242
f 226/266/243 242/273/243 227/268/243
f 219/267/244 235/274/244 220/269/244
f 227/268/245 243/275/245 228/270/245
f 220/269/246 236/276/246 221/254/246
f 229/256/247 243/275/247 244/277/247
f 221/254/248 237/278/248 222/255/248
f 229/256/249 245/279/249 230/257/249
f 222/255/250 238/280/250 223/258/250
f 231/259/251 245/279/251 246/281/251
f 223/258/252 239/282/252 224/260/252
f 232/261/253 246/281/253 247/283/253
f 225/262/254 239/282/254 240/284/254
f 218/264/255 82/285/255 233/286/255
f 308/287/256 232/261/256 247/283/256
f 245/279/257 259/288/257 260/289/257
f 237/278/258 253/290/258 238/280/258
f 246/281/259 260/289/259 261/291/259
f 239/282/260 253/290/260 254/292/260
f 246/281/261 262/293/261 247/283/261
f 240/284/262 254/292/262 255/294/262
f 233/286/263 82/295/263 248/296/263
f 308/297/264 247/283/264 262/293/264
f 240/284/265 256/298/265 241/271/265
f 234/272/266 248/296/266 249/299/266
f 241/271/267 257/300/267 242/273/267
f 234/272/268 250/301/268 235/274/268
f 243/275/269 257/300/269 258/302/269
f 235/274/270 251/303/270 236/276/270
f 243/275/271 259/288/271 244/277/271
f 237/278/272 251/303/272 252/304/272
f 249/299/273 263/305/273 264/306/273
f 256/298/274 272/307/274 257/300/274
f 249/299/275 265/308/275 250/301/275
f 258/302/276 272/307/276 273/309/276
f 250/301/277 266/310/277 251/303/277
f 258/302/278 274/311/278 259/288/278
f 252/304/279 266/310/279 267/312/279
f 260/289/280 274/311/280 275/313/280
f 252/304/281 268/314/281 253/290/281
f 261/291/282 275/313/282 276/315/282
f 254/292/283 268/314/283 269/316/283
f 261/291/284 277/317/284 262/293/284
f 254/292/285 270/318/285 255/294/285
f 248/296/286 82/319/286 263/305/286
f 308/320/287 262/293/287 277/317/287
f 256/298/288 270/318/288 271/321/288
f 267/312/289 283/322/289 268/314/289
f 275/313/290 291/323/290 276/315/290
f 269/316/291 283/322/291 284/324/291
f 277/317/292 291/323/292 292/325/292
f 270/318/293 284/324/293 285/326/293
f 263/305/294 82/327/294 278/328/294
f 308/329/295 277/317/295 292/325/295
f 270/318/296 286/330/296 271/321/296
f 263/305/297 279/331/297 264/306/297
f 271/321/298 287/332/298 272/307/298
f 265/308/299 279/331/299 280/333/299
f 273/309/300 287/332/300 288/334/300
f 265/308/301 281/335/301 266/310/301
f 273/309/302 289/336/302 274/311/302
f 267/312/303 281/335/303 282/337/303
f 275/313/304 289/336/304 290/338/304
f 286/330/305 302/339/305 287/332/305
f 280/333/306 294/340/306 295/341/306
f 288/334/307 302/339/307 303/342/307
f 280/333/308 296/343/308 281/335/308
f 289/336/309 303/342/309 304/344/309
f 281/335/310 297/345/310 282/337/310
f 290/338/311 304/344/311 305/346/311
f 282/337/312 298/347/312 283/322/312
f 290/338/313 306/348/313 291/323/313
f 284/324/314 298/347/314 299/349/314
f 292/325/315 306/348/315 307/350/315
f 285/326/316 299/349/316 300/351/316
f 278/328/317 82/352/317 293/353/317
f 308/354/318 292/325/318 307/350/318
f 285/326/319 301/355/319 286/330/319
f 278/328/320 294/340/320 279/331/320
f 306/348/321 321/356/321 322/357/321
f 298/347/322 315/358/322 299/349/322
f 306/348/323 323/359/323 307/350/323
f 300/351/324 315/358/324 316/360/324
f 293/353/325 82/361/325 309/362/325
f 308/363/326 307/350/326 323/359/326
f 300/351/327 317/364/327 301/355/327
f 294/340/328 309/362/328 310/365/328
f 302/339/329 317/364/329 318/366/329
f 294/340/330 311/367/330 295/341/330
f 302/339/331 319/368/331 303/342/331
f 295/341/332 312/369/332 296/343/332
f 304/344/333 319/368/333 320/370/333
f 296/343/334 313/371/334 297/345/334
f 305/346/335 320/370/335 321/356/335
f 298/347/336 313/371/336 314/372/336
f 319/368/337 333/373/337 334/374/337
f 312/369/338 326/375/338 327/376/338
f 319/368/339 335/377/339 320/370/339
f 313/371/340 327/376/340 328/378/340
f 320/370/341 336/379/341 321/356/341
f 313/371/342 329/380/342 314/372/342
f 322/357/343 336/379/343 337/381/343
f 315/358/344 329/380/344 330/382/344
f 323/359/345 337/381/345 338/383/345
f 316/360/346 330/382/346 331/384/346
f 309/362/347 82/385/347 324/386/347
f 308/387/348 323/359/348 338/383/348
f 316/360/349 332/388/349 317/364/349
f 309/362/350 325/389/350 310/365/350
f 317/364/351 333/373/351 318/366/351
f 310/365/352 326/375/352 311/367/352
f 337/381/353 353/390/353 338/383/353
f 331/384/354 345/391/354 346/392/354
f 324/386/355 82/393/355 339/394/355
f 308/395/356 338/383/356 353/390/356
f 331/384/357 347/396/357 332/388/357
f 325/389/358 339/394/358 340/397/358
f 332/388/359 348/398/359 333/373/359
f 326/375/360 340/397/360 341/399/360
f 334/374/361 348/398/361 349/400/361
f 326/375/362 342/401/362 327/376/362
f 335/377/363 349/400/363 350/402/363
f 327/376/364 343/403/364 328/378/364
f 336/379/365 350/402/365 351/404/365
f 328/378/366 344/405/366 329/380/366
f 336/379/367 352/406/367 337/381/367
f 330/382/368 344/405/368 345/391/368
f 342/401/369 356/407/369 357/408/369
f 349/400/370 365/409/370 350/402/370
f 343/403/371 357/408/371 358/410/371
f 350/402/372 366/411/372 351/404/372
f 343/403/373 359/412/373 344/405/373
f 352/406/374 366/411/374 367/413/374
f 345/391/375 359/412/375 360/414/375
f 353/390/376 367/413/376 368/415/376
f 346/392/377 360/414/377 361/416/377
f 339/394/378 82/417/378 354/418/378
f 308/419/379 353/390/379 368/415/379
f 346/392/380 362/420/380 347/396/380
f 339/394/381 355/421/381 340/397/381
f 347/396/382 363/422/382 348/398/382
f 340/397/383 356/407/383 341/399/383
f 349/400/384 363/422/384 364/423/384
f 361/424/385 375/425/385 376/426/385
f 354/427/386 82/428/386 369/429/386
f 308/430/387 368/431/387 383/432/387
f 361/424/388 377/433/388 362/434/388
f 355/435/389 369/429/389 370/436/389
f 362/434/390 378/437/390 363/438/390
f 356/439/391 370/436/391 371/440/391
f 364/441/392 378/437/392 379/442/392
f 356/439/393 372/443/393 357/444/393
f 365/445/394 379/442/394 380/446/394
f 357/444/395 373/447/395 358/448/395
f 366/449/396 380/446/396 381/450/396
f 358/448/397 374/451/397 359/452/397
f 366/449/398 382/453/398 367/454/398
f 360/455/399 374/451/399 375/425/399
f 367/454/400 383/432/400 368/431/400
f 379/442/401 395/456/401 380/446/401
f 373/447/402 387/457/402 388/458/402
f 380/446/403 396/459/403 381/450/403
f 373/447/404 389/460/404 374/451/404
f 382/453/405 396/459/405 397/461/405
f 375/425/406 389/460/406 390/462/406
f 383/432/407 397/461/407 398/463/407
f 376/426/408 390/462/408 391/464/408
f 369/429/409 82/465/409 384/466/409
f 308/467/410 383/432/410 398/463/410
f 376/426/411 392/468/411 377/433/411
f 369/429/412 385/469/412 370/436/412
f 377/433/413 393/470/413 378/437/413
f 370/436/414 386/471/414 371/440/414
f 379/442/415 393/470/415 394/472/415
f 372/443/416 386/471/416 387/457/416
f 384/466/417 82/473/417 399/474/417
f 308/475/418 398/463/418 413/476/418
f 391/464/419 407/477/419 392/468/419
f 385/469/420 399/474/420 400/478/420
f 392/468/421 408/479/421 393/470/421
f 386/471/422 400/478/422 401/480/422
f 394/472/423 408/479/423 409/481/423
f 386/471/424 402/482/424 387/457/424
f 395/456/425 409/481/425 410/483/425
f 387/457/426 403/484/426 388/458/426
f 396/459/427 410/483/427 411/485/427
f 388/458/428 404/486/428 389/460/428
f 396/459/429 412/487/429 397/461/429
f 390/462/430 404/486/430 405/488/430
f 397/461/431 413/476/431 398/463/431
f 391/464/432 405/488/432 406/489/432
f 403/484/433 417/490/433 418/491/433
f 410/483/434 426/492/434 411/485/434
f 403/484/435 419/493/435 404/486/435
f 411/485/436 427/494/436 412/487/436
f 405/488/437 419/493/437 420/495/437
f 413/476/438 427/494/438 428/496/438
f 406/489/439 420/495/439 421/497/439
f 399/474/440 82/498/440 414/499/440
f 308/500/441 413/476/441 428/496/441
f 406/489/442 422/501/442 407/477/442
f 399/474/443 415/502/443 400/478/443
f 407/477/444 423/503/444 408/479/444
f 401/480/445 415/502/445 416/504/445
f 409/481/446 423/503/446 424/505/446
f 402/482/447 416/504/447 417/490/447
f 409/481/448 425/506/448 410/483/448
f 421/497/449 437/507/449 422/501/449
f 414/499/450 430/508/450 415/502/450
f 422/501/451 438/509/451 423/503/451
f 415/502/452 431/510/452 416/504/452
f 424/505/453 438/509/453 439/511/453
f 416/504/454 432/512/454 417/490/454
f 424/505/455 440/513/455 425/506/455
f 418/491/456 432/512/456 433/514/456
f 426/492/457 440/513/457 441/515/457
f 418/491/458 434/516/458 419/493/458
f 427/494/459 441/515/459 442/517/459
f 420/495/460 434/516/460 435/518/460
f 428/496/461 442/517/461 443/519/461
f 421/497/462 435/518/462 436/520/462
f 414/499/463 82/521/463 429/522/463
f 308/523/464 428/496/464 443/519/464
f 441/515/465 455/524/465 456/525/465
f 434/516/466 448/526/466 449/527/466
f 442/517/467 456/525/467 457/528/467
f 435/518/468 449/527/468 450/529/468
f 442/517/469 458/530/469 443/519/469
f 436/520/470 450/529/470 451/531/470
f 429/522/471 82/532/471 444/533/471
f 308/534/472 443/519/472 458/530/472
f 436/520/473 452/535/473 437/507/473
f 430/508/474 444/533/474 445/536/474
f 437/507/475 453/537/475 438/509/475
f 430/508/476 446/538/476 431/510/476
f 438/509/477 454/539/477 439/511/477
f 431/510/478 447/540/478 432/512/478
f 439/511/479 455/524/479 440/513/479
f 433/514/480 447/540/480 448/526/480
f 453/537/481 467/541/481 468/542/481
f 446/538/482 460/543/482 461/544/482
f 453/537/483 469/545/483 454/539/483
f 446/538/484 462/546/484 447/540/484
f 455/524/485 469/545/485 470/547/485
f 447/540/486 463/548/486 448/526/486
f 456/525/487 470/547/487 471/549/487
f 449/527/488 463/548/488 464/550/488
f 456/525/489 472/551/489 457/528/489
f 449/527/490 465/552/490 450/529/490
f 458/530/491 472/551/491 473/553/491
f 451/531/492 465/552/492 466/554/492
f 444/533/493 82/555/493 459/556/493
f 308/557/494 458/530/494 473/553/494
f 451/531/495 467/541/495 452/535/495
f 444/533/496 460/543/496 445/536/496
f 471/549/497 481/6/497 472/551/497
f 465/552/498 477/1/498 3/7/498
f 473/553/499 481/6/499 482/10/499
f 466/554/500 3/7/500 4/12/500
f 459/556/501 82/558/501 474/13/501
f 308/559/502 473/553/502 482/10/502
f 466/554/503 5/17/503 467/541/503
f 459/556/504 475/19/504 460/543/504
f 467/541/505 478/22/505 468/542/505
f 461/544/506 475/19/506 1/23/506
f 468/542/507 6/26/507 469/545/507
f 462/546/508 1/23/508 476/27/508
f 469/545/509 479/30/509 470/547/509
f 463/548/510 476/27/510 2/31/510
f 471/549/511 479/30/511 480/4/511
f 464/550/512 2/31/512 477/1/512
f 494/560/512 484/561/512 959/562/512
f 502/563/497 962/564/497 963/565/497
f 485/566/513 494/560/513 959/562/513
f 503/567/499 963/565/499 964/568/499
f 486/569/514 495/570/514 485/566/514
f 956/571/501 489/572/501 564/573/501
f 790/574/502 503/567/502 964/568/502
f 497/575/515 486/569/515 487/576/515
f 957/577/516 489/572/516 956/571/516
f 498/578/505 487/576/505 960/579/505
f 483/580/506 490/581/506 957/577/506
f 488/582/517 498/578/517 960/579/517
f 958/583/508 491/584/508 483/580/508
f 961/585/509 499/586/509 488/582/509
f 493/587/510 958/583/510 484/561/510
f 501/588/511 961/585/511 962/564/511
f 500/589/485 514/590/485 499/586/485
f 508/591/486 492/592/486 493/587/486
f 516/593/487 500/589/487 501/588/487
f 494/560/488 508/591/488 493/587/488
f 517/594/489 501/588/489 502/563/489
f 510/595/490 494/560/490 495/570/490
f 518/596/491 502/563/491 503/567/491
f 496/597/492 510/595/492 495/570/492
f 489/572/493 504/598/493 564/599/493
f 790/600/494 518/596/494 503/567/494
f 512/601/518 496/597/518 497/575/518
f 490/581/519 504/598/519 489/572/519
f 498/578/481 512/601/481 497/575/481
f 491/584/482 505/602/482 490/581/482
f 514/590/483 498/578/483 499/586/483
f 492/592/484 506/603/484 491/584/484
f 790/604/472 533/605/472 518/596/472
f 527/606/473 511/607/473 512/601/473
f 505/602/520 519/608/520 504/598/520
f 513/609/475 527/606/475 512/601/475
f 521/610/476 505/602/476 506/603/476
f 514/590/521 528/611/521 513/609/521
f 522/612/478 506/603/478 507/613/478
f 515/614/479 529/615/479 514/590/479
f 523/616/480 507/613/480 508/591/480
f 516/593/465 530/617/465 515/614/465
f 524/618/466 508/591/466 509/619/466
f 517/594/522 531/620/522 516/593/522
f 525/621/468 509/619/468 510/595/468
f 533/605/469 517/594/469 518/596/469
f 511/607/470 525/621/470 510/595/470
f 504/598/471 519/608/471 564/622/471
f 531/620/457 545/623/457 530/617/457
f 539/624/523 523/616/523 524/618/523
f 532/625/459 546/626/459 531/620/459
f 525/621/460 539/624/460 524/618/460
f 548/627/461 532/625/461 533/605/461
f 541/628/462 525/621/462 526/629/462
f 519/608/463 534/630/463 564/631/463
f 790/632/464 548/627/464 533/605/464
f 527/606/449 541/628/449 526/629/449
f 520/633/450 534/630/450 519/608/450
f 543/634/451 527/606/451 528/611/451
f 536/635/452 520/633/452 521/610/452
f 529/615/524 543/634/524 528/611/524
f 537/636/454 521/610/454 522/612/454
f 545/623/455 529/615/455 530/617/455
f 523/616/525 537/636/525 522/612/525
f 550/637/443 534/630/443 535/638/443
f 543/634/526 557/639/526 542/640/526
f 551/641/445 535/638/445 536/635/445
f 559/642/446 543/634/446 544/643/446
f 537/636/447 551/641/447 536/635/447
f 545/623/527 559/642/527 544/643/527
f 553/644/433 537/636/433 538/645/433
f 561/646/434 545/623/434 546/626/434
f 539/624/528 553/644/528 538/645/528
f 547/647/436 561/646/436 546/626/436
f 555/648/437 539/624/437 540/649/437
f 548/627/438 562/650/438 547/647/438
f 556/651/439 540/649/439 541/628/439
f 534/630/440 549/652/440 564/653/440
f 790/654/441 563/655/441 548/627/441
f 557/639/529 541/628/529 542/640/529
f 554/656/428 569/657/428 553/644/428
f 578/658/429 561/646/429 562/650/429
f 571/659/430 554/656/430 555/648/430
f 579/660/431 562/650/431 563/655/431
f 556/651/432 571/659/432 555/648/432
f 549/652/417 565/661/417 564/662/417
f 790/663/418 579/660/418 563/655/418
f 573/664/419 556/651/419 557/639/419
f 550/637/530 565/661/530 549/652/530
f 558/665/531 573/664/531 557/639/531
f 551/641/532 566/666/532 550/637/532
f 575/667/533 558/665/533 559/642/533
f 568/668/424 551/641/424 552/669/424
f 576/670/425 559/642/425 560/671/425
f 553/644/426 568/668/426 552/669/426
f 561/646/427 576/670/427 560/671/427
f 589/672/413 573/664/413 574/673/413
f 582/674/414 566/666/414 567/675/414
f 575/667/415 589/672/415 574/673/415
f 568/668/416 582/674/416 567/675/416
f 576/670/401 590/676/401 575/667/401
f 584/677/402 568/668/402 569/657/402
f 592/678/403 576/670/403 577/679/403
f 585/680/404 569/657/404 570/681/404
f 578/658/405 592/678/405 577/679/405
f 571/659/406 585/680/406 570/681/406
f 579/660/534 593/682/534 578/658/534
f 572/683/408 586/684/408 571/659/408
f 565/661/409 580/685/409 564/686/409
f 790/687/410 594/688/410 579/660/410
f 588/689/535 572/683/535 573/664/535
f 581/690/412 565/661/412 566/666/412
f 608/691/398 592/678/398 593/682/398
f 586/684/536 600/692/536 585/680/536
f 609/693/400 593/682/400 594/688/400
f 587/694/537 601/695/537 586/684/537
f 580/685/386 595/696/386 564/697/386
f 790/698/387 609/693/387 594/688/387
f 603/699/538 587/694/538 588/689/538
f 581/690/539 595/696/539 580/685/539
f 604/700/390 588/689/390 589/672/390
f 582/674/391 596/701/391 581/690/391
f 605/702/392 589/672/392 590/676/392
f 598/703/393 582/674/393 583/704/393
f 606/705/394 590/676/394 591/706/394
f 584/677/395 598/703/395 583/704/395
f 592/678/396 606/705/396 591/706/396
f 585/680/540 599/707/540 584/677/540
f 612/708/383 596/701/383 597/709/383
f 605/702/541 619/710/541 604/700/541
f 598/703/369 612/708/369 597/709/369
f 621/711/370 605/702/370 606/705/370
f 599/707/371 613/712/371 598/703/371
f 622/713/372 606/705/372 607/714/372
f 615/715/373 599/707/373 600/692/373
f 608/691/374 622/713/374 607/714/374
f 601/695/542 615/715/542 600/692/542
f 609/693/543 623/716/543 608/691/543
f 602/717/544 616/718/544 601/695/544
f 595/696/378 610/719/378 564/720/378
f 790/721/379 624/722/379 609/693/379
f 618/723/380 602/717/380 603/699/380
f 611/724/381 595/696/381 596/701/381
f 619/710/382 603/699/382 604/700/382
f 616/718/368 630/725/368 615/715/368
f 639/726/353 623/716/353 624/722/353
f 617/727/354 631/728/354 616/718/354
f 610/719/355 625/729/355 564/730/355
f 790/731/356 639/726/356 624/722/356
f 633/732/545 617/727/545 618/723/545
f 611/724/546 625/729/546 610/719/546
f 634/733/359 618/723/359 619/710/359
f 612/708/360 626/734/360 611/724/360
f 620/735/361 634/733/361 619/710/361
f 628/736/362 612/708/362 613/712/362
f 636/737/363 620/735/363 621/711/363
f 614/738/364 628/736/364 613/712/364
f 622/713/365 636/737/365 621/711/365
f 630/725/366 614/738/366 615/715/366
f 638/739/367 622/713/367 623/716/367
f 635/740/337 649/741/337 634/733/337
f 628/736/338 642/742/338 627/743/338
f 651/744/339 635/740/339 636/737/339
f 629/745/340 643/746/340 628/736/340
f 652/747/341 636/737/341 637/748/341
f 645/749/547 629/745/547 630/725/547
f 638/739/343 652/747/343 637/748/343
f 631/728/344 645/749/344 630/725/344
f 639/726/548 653/750/548 638/739/548
f 647/751/346 631/728/346 632/752/346
f 625/729/347 640/753/347 564/754/347
f 790/755/348 654/756/348 639/726/348
f 633/732/349 647/751/349 632/752/349
f 641/757/350 625/729/350 626/734/350
f 649/741/351 633/732/351 634/733/351
f 642/742/352 626/734/352 627/743/352
f 669/758/549 653/750/549 654/756/549
f 647/751/550 661/759/550 646/760/550
f 640/753/551 655/761/551 564/762/551
f 790/763/326 669/758/326 654/756/326
f 663/764/327 647/751/327 648/765/327
f 641/757/552 655/761/552 640/753/552
f 664/766/329 648/765/329 649/741/329
f 642/742/330 656/767/330 641/757/330
f 650/768/331 664/766/331 649/741/331
f 658/769/332 642/742/332 643/746/332
f 666/770/333 650/768/333 651/744/333
f 644/771/553 658/769/553 643/746/553
f 652/747/335 666/770/335 651/744/335
f 660/772/336 644/771/336 645/749/336
f 668/773/321 652/747/321 653/750/321
f 646/760/554 660/772/554 645/749/554
f 666/770/555 680/774/555 665/775/555
f 674/776/556 658/769/556 659/777/556
f 667/778/311 681/779/311 666/770/311
f 660/772/312 674/776/312 659/777/312
f 683/780/313 667/778/313 668/773/313
f 676/781/314 660/772/314 661/759/314
f 669/758/315 683/780/315 668/773/315
f 662/782/316 676/781/316 661/759/316
f 655/761/557 670/783/557 564/784/557
f 790/785/558 684/786/558 669/758/558
f 678/787/559 662/782/559 663/764/559
f 671/788/320 655/761/320 656/767/320
f 664/766/560 678/787/560 663/764/560
f 657/789/306 671/788/306 656/767/306
f 680/774/307 664/766/307 665/775/307
f 673/790/308 657/789/308 658/769/308
f 670/783/294 685/791/294 564/792/294
f 790/793/295 699/794/295 684/786/295
f 693/795/296 677/796/296 678/787/296
f 686/797/561 670/783/561 671/788/561
f 694/798/298 678/787/298 679/799/298
f 672/800/299 686/797/299 671/788/299
f 680/774/300 694/798/300 679/799/300
f 673/790/301 687/801/301 672/800/301
f 696/802/302 680/774/302 681/779/302
f 674/776/303 688/803/303 673/790/303
f 697/804/304 681/779/304 682/805/304
f 690/806/289 674/776/289 675/807/289
f 698/808/562 682/805/562 683/780/562
f 676/781/291 690/806/291 675/807/291
f 684/786/292 698/808/292 683/780/292
f 677/796/293 691/809/293 676/781/293
f 689/810/279 703/811/279 688/803/279
f 697/804/280 711/812/280 696/802/280
f 705/813/281 689/810/281 690/806/281
f 698/808/282 712/814/282 697/804/282
f 691/809/283 705/813/283 690/806/283
f 699/794/563 713/815/563 698/808/563
f 707/816/564 691/809/564 692/817/564
f 685/791/286 700/818/286 564/819/286
f 790/820/287 714/821/287 699/794/287
f 693/795/288 707/816/288 692/817/288
f 701/822/273 685/791/273 686/797/273
f 709/823/274 693/795/274 694/798/274
f 702/824/275 686/797/275 687/801/275
f 695/825/276 709/823/276 694/798/276
f 703/811/277 687/801/277 688/803/277
f 711/812/278 695/825/278 696/802/278
f 708/826/265 722/827/265 707/816/265
f 701/822/565 715/828/565 700/818/565
f 709/823/566 723/829/566 708/826/566
f 717/830/268 701/822/268 702/824/268
f 725/831/269 709/823/269 710/832/269
f 718/833/270 702/824/270 703/811/270
f 726/834/271 710/832/271 711/812/271
f 704/835/272 718/833/272 703/811/272
f 712/814/257 726/834/257 711/812/257
f 705/813/567 719/836/567 704/835/567
f 713/815/259 727/837/259 712/814/259
f 721/838/260 705/813/260 706/839/260
f 729/840/261 713/815/261 714/821/261
f 722/827/262 706/839/262 707/816/262
f 700/818/263 715/828/263 564/841/263
f 790/842/264 729/840/264 714/821/264
f 742/843/249 726/834/249 727/837/249
f 720/844/568 734/845/568 719/836/568
f 728/846/251 742/843/251 727/837/251
f 736/847/252 720/844/252 721/838/252
f 744/848/253 728/846/253 729/840/253
f 737/849/254 721/838/254 722/827/254
f 715/828/255 730/850/255 564/851/255
f 790/852/256 744/848/256 729/840/256
f 723/829/241 737/849/241 722/827/241
f 716/853/569 730/850/569 715/828/569
f 724/854/570 738/855/570 723/829/570
f 732/856/244 716/853/244 717/830/244
f 740/857/245 724/854/245 725/831/245
f 718/833/246 732/856/246 717/830/246
f 726/834/247 740/857/247 725/831/247
f 734/845/248 718/833/248 719/836/248
f 746/858/235 730/850/235 731/859/235
f 754/860/236 738/855/236 739/861/236
f 732/856/237 746/858/237 731/859/237
f 740/857/238 754/860/238 739/861/238
f 733/862/239 747/863/239 732/856/239
f 741/864/571 755/865/571 740/857/571
f 749/866/572 733/862/572 734/845/572
f 757/867/226 741/864/226 742/843/226
f 750/868/227 734/845/227 735/869/227
f 758/870/228 742/843/228 743/871/228
f 736/847/229 750/868/229 735/869/229
f 744/848/573 758/870/573 743/871/573
f 737/849/574 751/872/574 736/847/574
f 730/850/232 745/873/232 564/874/232
f 790/875/233 759/876/233 744/848/233
f 753/877/234 737/849/234 738/855/234
f 765/878/220 749/866/220 750/868/220
f 773/879/575 757/867/575 758/870/575
f 751/872/222 765/878/222 750/868/222
f 774/880/223 758/870/223 759/876/223
f 752/881/224 766/882/224 751/872/224
f 745/873/209 760/883/209 564/884/209
f 790/885/210 774/880/210 759/876/210
f 768/886/211 752/881/211 753/877/211
f 746/858/212 760/883/212 745/873/212
f 769/887/213 753/877/213 754/860/213
f 747/863/214 761/888/214 746/858/214
f 755/865/215 769/887/215 754/860/215
f 763/889/216 747/863/216 748/890/216
f 756/891/217 770/892/217 755/865/217
f 764/893/218 748/890/218 749/866/218
f 757/867/219 771/894/219 756/891/219
f 769/887/205 783/895/205 768/886/205
f 777/896/206 761/888/206 762/897/206
f 785/898/207 769/887/207 770/892/207
f 778/899/208 762/897/208 763/889/208
f 771/894/576 785/898/576 770/892/576
f 779/900/194 763/889/194 764/893/194
f 772/901/195 786/902/195 771/894/195
f 765/878/196 779/900/196 764/893/196
f 773/879/197 787/903/197 772/901/197
f 781/904/198 765/878/198 766/882/198
f 789/905/199 773/879/199 774/880/199
f 767/906/577 781/904/577 766/882/577
f 760/883/578 775/907/578 564/908/578
f 790/909/579 789/905/579 774/880/579
f 783/895/580 767/906/580 768/886/580
f 761/888/204 775/907/204 760/883/204
f 788/910/191 803/911/191 787/903/191
f 797/912/192 780/913/192 781/904/192
f 789/905/581 804/914/581 788/910/581
f 782/915/178 797/912/178 781/904/178
f 775/907/582 791/916/582 564/917/582
f 790/918/180 805/919/180 789/905/180
f 799/920/583 782/915/583 783/895/583
f 792/921/182 775/907/182 776/922/182
f 784/923/584 799/920/584 783/895/584
f 793/924/184 776/922/184 777/896/184
f 785/898/585 800/925/585 784/923/585
f 794/926/186 777/896/186 778/899/186
f 786/902/586 801/927/586 785/898/586
f 795/928/188 778/899/188 779/900/188
f 787/903/189 802/929/189 786/902/189
f 796/930/190 779/900/190 780/913/190
f 801/927/161 815/931/161 800/925/161
f 794/926/162 808/932/162 793/924/162
f 817/933/587 801/927/587 802/929/587
f 795/928/588 809/934/588 794/926/588
f 818/935/165 802/929/165 803/911/165
f 811/936/166 795/928/166 796/930/166
f 804/914/167 818/935/167 803/911/167
f 797/912/168 811/936/168 796/930/168
f 805/919/589 819/937/589 804/914/589
f 798/938/170 812/939/170 797/912/170
f 791/916/171 806/940/171 564/941/171
f 790/942/172 820/943/172 805/919/172
f 814/944/173 798/938/173 799/920/173
f 807/945/590 791/916/590 792/921/590
f 815/931/175 799/920/175 800/925/175
f 808/932/176 792/921/176 793/924/176
f 835/946/146 819/937/146 820/943/146
f 813/947/147 827/948/147 812/939/147
f 806/940/148 821/949/148 564/950/148
f 790/951/149 835/946/149 820/943/149
f 829/952/591 813/947/591 814/944/591
f 807/945/592 821/949/592 806/940/592
f 830/953/152 814/944/152 815/931/152
f 808/932/153 822/954/153 807/945/153
f 816/955/154 830/953/154 815/931/154
f 824/956/155 808/932/155 809/934/155
f 817/933/156 831/957/156 816/955/156
f 825/958/157 809/934/157 810/959/157
f 818/935/158 832/960/158 817/933/158
f 826/961/159 810/959/159 811/936/159
f 834/962/160 818/935/160 819/937/160
f 812/939/145 826/961/145 811/936/145
f 839/963/131 823/964/131 824/956/131
f 847/965/132 831/957/132 832/960/132
f 825/958/133 839/963/133 824/956/133
f 833/966/134 847/965/134 832/960/134
f 826/961/593 840/967/593 825/958/593
f 834/962/136 848/968/136 833/966/136
f 827/948/594 841/969/594 826/961/594
f 835/946/595 849/970/595 834/962/595
f 828/971/596 842/972/596 827/948/596
f 821/949/140 836/973/140 564/974/140
f 790/975/141 850/976/141 835/946/141
f 844/977/142 828/971/142 829/952/142
f 837/978/143 821/949/143 822/954/143
f 845/979/144 829/952/144 830/953/144
f 838/980/129 822/954/129 823/964/129
f 846/981/130 830/953/130 831/957/130
f 843/982/597 857/983/597 842/984/597
f 836/985/117 851/986/117 564/987/117
f 790/988/118 865/989/118 850/990/118
f 859/991/598 843/982/598 844/992/598
f 837/993/599 851/986/599 836/985/599
f 860/994/121 844/992/121 845/995/121
f 838/996/122 852/997/122 837/993/122
f 846/998/600 860/994/600 845/995/600
f 854/999/124 838/996/124 839/1000/124
f 847/1001/125 861/1002/125 846/998/125
f 855/1003/126 839/1000/126 840/1004/126
f 848/1005/127 862/1006/127 847/1001/127
f 856/1007/128 840/1004/128 841/1008/128
f 864/1009/113 848/1005/113 849/1010/113
f 842/984/601 856/1007/601 841/1008/601
f 865/989/115 849/1010/115 850/990/115
f 877/1011/101 861/1002/101 862/1006/101
f 855/1003/602 869/1012/602 854/999/602
f 878/1013/103 862/1006/103 863/1014/103
f 856/1007/104 870/1015/104 855/1003/104
f 864/1009/105 878/1013/105 863/1014/105
f 857/983/106 871/1016/106 856/1007/106
f 880/1017/107 864/1009/107 865/989/107
f 858/1018/108 872/1019/108 857/983/108
f 851/986/109 866/1020/109 564/1021/109
f 790/1022/110 880/1017/110 865/989/110
f 874/1023/603 858/1018/603 859/991/603
f 867/1024/112 851/986/112 852/997/112
f 875/1025/97 859/991/97 860/994/97
f 868/1026/98 852/997/98 853/1027/98
f 876/1028/99 860/994/99 861/1002/99
f 854/999/100 868/1026/100 853/1027/100
f 866/1020/86 881/1029/86 564/1030/86
f 790/1031/87 895/1032/87 880/1017/87
f 889/1033/604 873/1034/604 874/1023/604
f 867/1024/89 881/1029/89 866/1020/89
f 890/1035/605 874/1023/605 875/1025/605
f 868/1026/91 882/1036/91 867/1024/91
f 876/1028/92 890/1035/92 875/1025/92
f 884/1037/93 868/1026/93 869/1012/93
f 877/1011/606 891/1038/606 876/1028/606
f 885/1039/607 869/1012/607 870/1015/607
f 878/1013/96 892/1040/96 877/1011/96
f 886/1041/81 870/1015/81 871/1016/81
f 894/1042/82 878/1013/82 879/1043/82
f 872/1019/608 886/1041/608 871/1016/608
f 895/1032/84 879/1043/84 880/1017/84
f 873/1034/85 887/1044/85 872/1019/85
f 885/1039/609 899/1045/609 884/1037/609
f 908/1046/72 892/1040/72 893/1047/72
f 901/1048/73 885/1039/73 886/1041/73
f 894/1042/74 908/1046/74 893/1047/74
f 887/1044/75 901/1048/75 886/1041/75
f 895/1032/76 909/1049/76 894/1042/76
f 888/1050/610 902/1051/610 887/1044/610
f 881/1029/78 896/1052/78 564/1053/78
f 790/1054/79 910/1055/79 895/1032/79
f 904/1056/611 888/1050/611 889/1033/611
f 897/1057/65 881/1029/65 882/1036/65
f 905/1058/66 889/1033/66 890/1035/66
f 898/1059/67 882/1036/67 883/1060/67
f 891/1038/68 905/1058/68 890/1035/68
f 884/1037/69 898/1059/69 883/1060/69
f 907/1061/612 891/1038/612 892/1040/612
f 904/1056/57 918/1062/57 903/1063/57
f 897/1057/613 911/1064/613 896/1052/613
f 920/1065/59 904/1056/59 905/1058/59
f 898/1059/60 912/1066/60 897/1057/60
f 906/1067/614 920/1065/614 905/1058/614
f 914/1068/62 898/1059/62 899/1045/62
f 922/1069/63 906/1067/63 907/1061/63
f 900/1070/615 914/1068/615 899/1045/615
f 908/1046/49 922/1069/49 907/1061/49
f 916/1071/616 900/1070/616 901/1048/616
f 924/1072/51 908/1046/51 909/1049/51
f 902/1051/52 916/1071/52 901/1048/52
f 925/1073/617 909/1049/617 910/1055/617
f 918/1062/54 902/1051/54 903/1063/54
f 896/1052/55 911/1064/55 564/1074/55
f 790/1075/56 925/1073/56 910/1055/56
f 938/1076/42 922/1069/42 923/1077/42
f 931/1078/43 915/1079/43 916/1071/43
f 924/1072/44 938/1076/44 923/1077/44
f 917/1080/45 931/1078/45 916/1071/45
f 925/1073/46 939/1081/46 924/1072/46
f 918/1062/47 932/1082/47 917/1080/47
f 911/1064/48 926/1083/48 564/1084/48
f 790/1085/33 940/1086/33 925/1073/33
f 934/1087/34 918/1062/34 919/1088/34
f 927/1089/35 911/1064/35 912/1066/35
f 935/1090/36 919/1088/36 920/1065/36
f 928/1091/37 912/1066/37 913/1092/37
f 921/1093/618 935/1090/618 920/1065/618
f 914/1068/39 928/1091/39 913/1092/39
f 922/1069/40 936/1094/40 921/1093/40
f 930/1095/41 914/1068/41 915/1079/41
f 935/1090/29 949/1096/29 934/1087/29
f 943/1097/30 927/1089/30 928/1091/30
f 951/1098/31 935/1090/31 936/1094/31
f 929/1099/32 943/1097/32 928/1091/32
f 937/1100/17 951/1098/17 936/1094/17
f 945/1101/18 929/1099/18 930/1095/18
f 953/1102/19 937/1100/19 938/1076/19
f 931/1078/20 945/1101/20 930/1095/20
f 939/1081/21 953/1102/21 938/1076/21
f 947/1103/22 931/1078/22 932/1082/22
f 955/1104/23 939/1081/23 940/1086/23
f 933/1105/619 947/1103/619 932/1082/619
f 926/1083/25 941/1106/25 564/1107/25
f 790/1108/26 955/1104/26 940/1086/26
f 949/1096/27 933/1105/27 934/1087/27
f 927/1089/620 941/1106/620 926/1083/620
f 963/565/2 953/1102/2 954/1109/2
f 947/1103/621 959/562/621 946/1110/621
f 955/1104/622 963/565/622 954/1109/622
f 948/1111/623 485/566/623 947/1103/623
f 941/1106/6 956/571/6 564/1112/6
f 790/1113/7 964/568/7 955/1104/7
f 487/576/8 948/1111/8 949/1096/8
f 957/577/9 941/1106/9 942/1114/9
f 960/579/10 949/1096/10 950/1115/10
f 943/1097/11 957/577/11 942/1114/11
f 488/582/12 950/1115/12 951/1098/12
f 958/583/13 943/1097/13 944/1116/13
f 961/585/14 951/1098/14 952/1117/14
f 945/1101/15 958/583/15 944/1116/15
f 953/1102/16 961/585/16 952/1117/16
f 946/1110/624 484/561/624 945/1101/624
f 477/1/624 2/31/624 11/2/624
f 480/4/2 19/32/2 20/5/2
f 3/7/621 477/1/621 12/3/621
f 481/6/622 20/5/622 21/9/622
f 3/7/623 13/8/623 14/11/623
f 5/17/625 4/12/625 14/11/625
f 475/19/626 474/13/626 7/15/626
f 5/17/627 15/18/627 16/21/627
f 1/23/11 475/19/11 8/20/11
f 478/22/628 16/21/628 17/25/628
f 476/27/13 1/23/13 9/24/13
f 6/26/14 17/25/14 18/29/14
f 2/31/15 476/27/15 10/28/15
f 479/30/16 18/29/16 19/32/16
f 18/29/17 17/25/17 32/33/17
f 10/28/18 25/49/18 26/35/18
f 19/32/19 18/29/19 33/34/19
f 12/3/20 11/2/20 26/35/20
f 19/32/21 34/36/21 35/38/21
f 13/8/22 12/3/22 27/37/22
f 21/9/629 20/5/629 35/38/629
f 13/8/619 28/39/619 29/41/619
f 15/18/630 14/11/630 29/41/630
f 7/15/620 22/43/620 23/46/620
f 15/18/29 30/45/29 31/47/29
f 9/24/30 8/20/30 23/46/30
f 16/21/31 31/47/31 32/33/31
f 9/24/32 24/48/32 25/49/32
f 29/41/34 44/64/34 45/52/34
f 22/43/35 37/66/35 38/53/35
f 31/47/36 30/45/36 45/52/36
f 24/48/37 23/46/37 38/53/37
f 31/47/618 46/54/618 47/56/618
f 24/48/39 39/55/39 40/57/39
f 32/33/40 47/56/40 48/58/40
f 26/35/41 25/49/41 40/57/41
f 34/36/42 33/34/42 48/58/42
f 27/37/631 26/35/631 41/59/631
f 34/36/44 49/60/44 50/62/44
f 27/37/45 42/61/45 43/63/45
f 35/38/46 50/62/46 51/51/46
f 29/41/47 28/39/47 43/63/47
f 49/60/49 48/58/49 63/67/49
f 41/59/50 56/83/50 57/69/50
f 50/62/51 49/60/51 64/68/51
f 42/61/52 57/69/52 58/71/52
f 51/51/53 50/62/53 65/70/53
f 44/64/54 43/63/54 58/71/54
f 44/64/57 59/73/57 60/77/57
f 37/66/58 52/75/58 53/78/58
f 46/54/59 45/52/59 60/77/59
f 38/53/60 53/78/60 54/80/60
f 47/56/61 46/54/61 61/79/61
f 39/55/62 54/80/62 55/82/62
f 47/56/63 62/81/63 63/67/63
f 41/59/64 40/57/64 55/82/64
f 53/78/65 52/75/65 67/84/65
f 60/77/66 75/100/66 76/86/66
f 54/80/67 53/78/67 68/85/67
f 62/81/68 61/79/68 76/86/68
f 55/82/69 54/80/69 69/87/69
f 62/81/70 77/88/70 78/90/70
f 56/83/71 55/82/71 70/89/71
f 63/67/72 78/90/72 79/92/72
f 56/83/73 71/91/73 72/93/73
f 64/68/74 79/92/74 80/94/74
f 58/71/75 57/69/75 72/93/75
f 65/70/76 80/94/76 81/96/76
f 59/73/77 58/71/77 73/95/77
f 59/73/80 74/97/80 75/100/80
f 71/91/81 87/117/81 88/101/81
f 80/94/632 79/92/632 95/102/632
f 73/95/83 72/93/83 88/101/83
f 81/96/84 80/94/84 96/103/84
f 74/97/633 73/95/633 89/104/633
f 74/97/604 90/106/604 91/110/604
f 67/84/89 83/108/89 84/111/89
f 75/100/90 91/110/90 92/112/90
f 68/85/634 84/111/634 85/113/634
f 77/88/92 76/86/92 92/112/92
f 69/87/93 85/113/93 86/115/93
f 77/88/94 93/114/94 94/116/94
f 71/91/95 70/89/95 86/115/95
f 79/92/96 78/90/96 94/116/96
f 91/110/97 106/133/97 107/118/97
f 84/111/98 99/134/98 100/119/98
f 93/114/99 92/112/99 107/118/99
f 85/113/100 100/119/100 101/121/100
f 93/114/635 108/120/635 109/122/635
f 87/117/602 86/115/602 101/121/602
f 95/102/103 94/116/103 109/122/103
f 87/117/104 102/123/104 103/125/104
f 96/103/105 95/102/105 110/124/105
f 89/104/106 88/101/106 103/125/106
f 96/103/636 111/126/636 112/128/636
f 90/106/637 89/104/637 104/127/637
f 90/106/603 105/129/603 106/133/603
f 84/111/638 83/108/638 98/131/638
f 111/126/113 110/124/113 125/135/113
f 104/127/601 103/125/601 118/137/601
f 112/128/639 111/126/639 126/136/639
f 105/129/116 104/127/116 119/138/116
f 105/129/119 120/140/119 121/144/119
f 98/131/599 113/142/599 114/145/599
f 106/133/640 121/144/640 122/146/640
f 99/134/122 114/145/122 115/147/122
f 108/120/600 107/118/600 122/146/600
f 100/119/124 115/147/124 116/149/124
f 108/120/125 123/148/125 124/150/125
f 102/123/126 101/121/126 116/149/126
f 110/124/127 109/122/127 124/150/127
f 102/123/641 117/151/641 118/137/641
f 115/147/129 114/145/129 129/152/129
f 123/148/642 122/146/642 137/154/642
f 115/147/131 130/153/131 131/156/131
f 123/148/132 138/155/132 139/157/132
f 117/151/133 116/149/133 131/156/133
f 125/135/134 124/150/134 139/157/134
f 117/151/593 132/158/593 133/160/593
f 125/135/136 140/159/136 141/161/136
f 119/138/594 118/137/594 133/160/594
f 126/136/595 141/161/595 142/163/595
f 120/140/596 119/138/596 134/162/596
f 120/140/643 135/164/643 136/168/643
f 114/145/644 113/142/644 128/166/644
f 121/144/645 136/168/645 137/154/645
f 134/162/145 133/160/145 148/169/145
f 142/163/646 141/161/646 156/171/646
f 135/164/647 134/162/647 149/170/647
f 135/164/591 150/173/591 151/177/591
f 128/166/592 143/175/592 144/178/592
f 136/168/152 151/177/152 152/179/152
f 130/153/153 129/152/153 144/178/153
f 138/155/154 137/154/154 152/179/154
f 131/156/155 130/153/155 145/180/155
f 138/155/156 153/181/156 154/183/156
f 132/158/157 131/156/157 146/182/157
f 139/157/158 154/183/158 155/185/158
f 132/158/159 147/184/159 148/169/159
f 140/159/160 155/185/160 156/171/160
f 153/181/161 152/179/161 167/186/161
f 145/180/162 160/202/162 161/188/162
f 153/181/163 168/187/163 169/189/163
f 147/184/164 146/182/164 161/188/164
f 155/185/165 154/183/165 169/189/165
f 147/184/166 162/190/166 163/192/166
f 156/171/167 155/185/167 170/191/167
f 149/170/168 148/169/168 163/192/168
f 157/172/648 156/171/648 171/193/648
f 150/173/170 149/170/170 164/194/170
f 150/173/173 165/196/173 166/200/173
f 143/175/649 158/198/649 159/201/649
f 151/177/175 166/200/175 167/186/175
f 144/178/176 159/201/176 160/202/176
f 171/193/581 186/219/581 187/203/581
f 165/196/650 164/194/650 179/204/650
f 165/196/583 180/205/583 181/209/583
f 159/201/651 158/198/651 173/207/651
f 166/200/584 181/209/584 182/211/584
f 160/202/184 159/201/184 174/210/184
f 168/187/585 167/186/585 182/211/585
f 160/202/186 175/212/186 176/214/186
f 168/187/586 183/213/586 184/215/586
f 162/190/652 161/188/652 176/214/652
f 170/191/189 169/189/189 184/215/189
f 162/190/653 177/216/653 178/218/653
f 170/191/191 185/217/191 186/219/191
f 164/194/654 163/192/654 178/218/654
f 183/213/576 198/236/576 199/220/576
f 177/216/655 176/214/655 191/221/655
f 185/217/195 184/215/195 199/220/195
f 177/216/196 192/222/196 193/224/196
f 185/217/197 200/223/197 201/225/197
f 179/204/198 178/218/198 193/224/198
f 186/219/199 201/225/199 202/227/199
f 180/205/200 179/204/200 194/226/200
f 180/205/203 195/228/203 196/232/203
f 174/210/204 173/207/204 188/230/204
f 181/209/205 196/232/205 197/234/205
f 175/212/206 174/210/206 189/233/206
f 183/213/207 182/211/207 197/234/207
f 175/212/208 190/235/208 191/221/208
f 195/228/211 210/253/211 211/241/211
f 188/230/212 203/238/212 204/242/212
f 196/232/213 211/241/213 212/243/213
f 189/233/214 204/242/214 205/244/214
f 198/236/215 197/234/215 212/243/215
f 190/235/216 205/244/216 206/246/216
f 198/236/217 213/245/217 214/247/217
f 192/222/218 191/221/218 206/246/218
f 200/223/219 199/220/219 214/247/219
f 192/222/220 207/248/220 208/250/220
f 201/225/221 200/223/221 215/249/221
f 194/226/222 193/224/222 208/250/222
f 202/227/223 201/225/223 216/251/223
f 195/228/224 194/226/224 209/252/224
f 207/248/225 206/246/225 221/254/225
f 215/249/226 214/247/226 229/256/226
f 207/248/227 222/255/227 223/258/227
f 215/249/228 230/257/228 231/259/228
f 209/252/229 208/250/229 223/258/229
f 216/251/573 231/259/573 232/261/573
f 209/252/574 224/260/574 225/262/574
f 211/241/656 210/253/656 225/262/656
f 204/242/657 203/238/657 218/264/657
f 211/241/236 226/266/236 227/268/236
f 204/242/237 219/267/237 220/269/237
f 213/245/238 212/243/238 227/268/238
f 205/244/239 220/269/239 221/254/239
f 213/245/240 228/270/240 229/256/240
f 225/262/241 240/284/241 241/271/241
f 218/264/569 233/286/569 234/272/569
f 226/266/570 241/271/570 242/273/570
f 219/267/244 234/272/244 235/274/244
f 227/268/658 242/273/658 243/275/658
f 220/269/246 235/274/246 236/276/246
f 229/256/247 228/270/247 243/275/247
f 221/254/248 236/276/248 237/278/248
f 229/256/249 244/277/249 245/279/249
f 222/255/568 237/278/568 238/280/568
f 231/259/251 230/257/251 245/279/251
f 223/258/659 238/280/659 239/282/659
f 232/261/660 231/259/660 246/281/660
f 225/262/254 224/260/254 239/282/254
f 245/279/257 244/277/257 259/288/257
f 237/278/567 252/304/567 253/290/567
f 246/281/259 245/279/259 260/289/259
f 239/282/661 238/280/661 253/290/661
f 246/281/662 261/291/662 262/293/662
f 240/284/262 239/282/262 254/292/262
f 240/284/265 255/294/265 256/298/265
f 234/272/565 233/286/565 248/296/565
f 241/271/566 256/298/566 257/300/566
f 234/272/268 249/299/268 250/301/268
f 243/275/663 242/273/663 257/300/663
f 235/274/270 250/301/270 251/303/270
f 243/275/271 258/302/271 259/288/271
f 237/278/272 236/276/272 251/303/272
f 249/299/664 248/296/664 263/305/664
f 256/298/274 271/321/274 272/307/274
f 249/299/275 264/306/275 265/308/275
f 258/302/276 257/300/276 272/307/276
f 250/301/277 265/308/277 266/310/277
f 258/302/278 273/309/278 274/311/278
f 252/304/279 251/303/279 266/310/279
f 260/289/280 259/288/280 274/311/280
f 252/304/281 267/312/281 268/314/281
f 261/291/282 260/289/282 275/313/282
f 254/292/283 253/290/283 268/314/283
f 261/291/563 276/315/563 277/317/563
f 254/292/564 269/316/564 270/318/564
f 256/298/665 255/294/665 270/318/665
f 267/312/289 282/337/289 283/322/289
f 275/313/562 290/338/562 291/323/562
f 269/316/291 268/314/291 283/322/291
f 277/317/666 276/315/666 291/323/666
f 270/318/293 269/316/293 284/324/293
f 270/318/296 285/326/296 286/330/296
f 263/305/561 278/328/561 279/331/561
f 271/321/298 286/330/298 287/332/298
f 265/308/299 264/306/299 279/331/299
f 273/309/300 272/307/300 287/332/300
f 265/308/301 280/333/301 281/335/301
f 273/309/302 288/334/302 289/336/302
f 267/312/303 266/310/303 281/335/303
f 275/313/304 274/311/304 289/336/304
f 286/330/560 301/355/560 302/339/560
f 280/333/306 279/331/306 294/340/306
f 288/334/307 287/332/307 302/339/307
f 280/333/308 295/341/308 296/343/308
f 289/336/667 288/334/667 303/342/667
f 281/335/668 296/343/668 297/345/668
f 290/338/311 289/336/311 304/344/311
f 282/337/312 297/345/312 298/347/312
f 290/338/313 305/346/313 306/348/313
f 284/324/669 283/322/669 298/347/669
f 292/325/315 291/323/315 306/348/315
f 285/326/670 284/324/670 299/349/670
f 285/326/559 300/351/559 301/355/559
f 278/328/320 293/353/320 294/340/320
f 306/348/321 305/346/321 321/356/321
f 298/347/554 314/372/554 315/358/554
f 306/348/323 322/357/323 323/359/323
f 300/351/324 299/349/324 315/358/324
f 300/351/327 316/360/327 317/364/327
f 294/340/328 293/353/328 309/362/328
f 302/339/671 301/355/671 317/364/671
f 294/340/330 310/365/330 311/367/330
f 302/339/331 318/366/331 319/368/331
f 295/341/332 311/367/332 312/369/332
f 304/344/672 303/342/672 319/368/672
f 296/343/553 312/369/553 313/371/553
f 305/346/335 304/344/335 320/370/335
f 298/347/336 297/345/336 313/371/336
f 319/368/673 318/366/673 333/373/673
f 312/369/338 311/367/338 326/375/338
f 319/368/339 334/374/339 335/377/339
f 313/371/340 312/369/340 327/376/340
f 320/370/341 335/377/341 336/379/341
f 313/371/547 328/378/547 329/380/547
f 322/357/343 321/356/343 336/379/343
f 315/358/344 314/372/344 329/380/344
f 323/359/674 322/357/674 337/381/674
f 316/360/346 315/358/346 330/382/346
f 316/360/349 331/384/349 332/388/349
f 309/362/350 324/386/350 325/389/350
f 317/364/351 332/388/351 333/373/351
f 310/365/675 325/389/675 326/375/675
f 337/381/676 352/406/676 353/390/676
f 331/384/677 330/382/677 345/391/677
f 331/384/545 346/392/545 347/396/545
f 325/389/546 324/386/546 339/394/546
f 332/388/359 347/396/359 348/398/359
f 326/375/360 325/389/360 340/397/360
f 334/374/361 333/373/361 348/398/361
f 326/375/362 341/399/362 342/401/362
f 335/377/363 334/374/363 349/400/363
f 327/376/364 342/401/364 343/403/364
f 336/379/365 335/377/365 350/402/365
f 328/378/366 343/403/366 344/405/366
f 336/379/367 351/404/367 352/406/367
f 330/382/368 329/380/368 344/405/368
f 342/401/369 341/399/369 356/407/369
f 349/400/370 364/423/370 365/409/370
f 343/403/371 342/401/371 357/408/371
f 350/402/372 365/409/372 366/411/372
f 343/403/678 358/410/678 359/412/678
f 352/406/374 351/404/374 366/411/374
f 345/391/542 344/405/542 359/412/542
f 353/390/543 352/406/543 367/413/543
f 346/392/544 345/391/544 360/414/544
f 346/392/679 361/416/679 362/420/679
f 339/394/680 354/418/680 355/421/680
f 347/396/681 362/420/681 363/422/681
f 340/397/383 355/421/383 356/407/383
f 349/400/541 348/398/541 363/422/541
f 361/424/682 360/455/682 375/425/682
f 361/424/683 376/426/683 377/433/683
f 355/435/539 354/427/539 369/429/539
f 362/434/684 377/433/684 378/437/684
f 356/439/391 355/435/391 370/436/391
f 364/441/685 363/438/685 378/437/685
f 356/439/393 371/440/393 372/443/393
f 365/445/394 364/441/394 379/442/394
f 357/444/395 372/443/395 373/447/395
f 366/449/396 365/445/396 380/446/396
f 358/448/540 373/447/540 374/451/540
f 366/449/398 381/450/398 382/453/398
f 360/455/536 359/452/536 374/451/536
f 367/454/686 382/453/686 383/432/686
f 379/442/401 394/472/401 395/456/401
f 373/447/402 372/443/402 387/457/402
f 380/446/403 395/456/403 396/459/403
f 373/447/404 388/458/404 389/460/404
f 382/453/405 381/450/405 396/459/405
f 375/425/406 374/451/406 389/460/406
f 383/432/534 382/453/534 397/461/534
f 376/426/687 375/425/687 390/462/687
f 376/426/535 391/464/535 392/468/535
f 369/429/688 384/466/688 385/469/688
f 377/433/413 392/468/413 393/470/413
f 370/436/414 385/469/414 386/471/414
f 379/442/415 378/437/415 393/470/415
f 372/443/416 371/440/416 386/471/416
f 391/464/689 406/489/689 407/477/689
f 385/469/530 384/466/530 399/474/530
f 392/468/531 407/477/531 408/479/531
f 386/471/422 385/469/422 400/478/422
f 394/472/533 393/470/533 408/479/533
f 386/471/424 401/480/424 402/482/424
f 395/456/425 394/472/425 409/481/425
f 387/457/426 402/482/426 403/484/426
f 396/459/427 395/456/427 410/483/427
f 388/458/428 403/484/428 404/486/428
f 396/459/690 411/485/690 412/487/690
f 390/462/691 389/460/691 404/486/691
f 397/461/431 412/487/431 413/476/431
f 391/464/692 390/462/692 405/488/692
f 403/484/693 402/482/693 417/490/693
f 410/483/434 425/506/434 426/492/434
f 403/484/528 418/491/528 419/493/528
f 411/485/436 426/492/436 427/494/436
f 405/488/694 404/486/694 419/493/694
f 413/476/438 412/487/438 427/494/438
f 406/489/695 405/488/695 420/495/695
f 406/489/529 421/497/529 422/501/529
f 399/474/443 414/499/443 415/502/443
f 407/477/526 422/501/526 423/503/526
f 401/480/445 400/478/445 415/502/445
f 409/481/696 408/479/696 423/503/696
f 402/482/447 401/480/447 416/504/447
f 409/481/527 424/505/527 425/506/527
f 421/497/449 436/520/449 437/507/449
f 414/499/450 429/522/450 430/508/450
f 422/501/451 437/507/451 438/509/451
f 415/502/452 430/508/452 431/510/452
f 424/505/697 423/503/697 438/509/697
f 416/504/454 431/510/454 432/512/454
f 424/505/698 439/511/698 440/513/698
f 418/491/699 417/490/699 432/512/699
f 426/492/457 425/506/457 440/513/457
f 418/491/700 433/514/700 434/516/700
f 427/494/459 426/492/459 441/515/459
f 420/495/460 419/493/460 434/516/460
f 428/496/461 427/494/461 442/517/461
f 421/497/462 420/495/462 435/518/462
f 441/515/465 440/513/465 455/524/465
f 434/516/701 433/514/701 448/526/701
f 442/517/522 441/515/522 456/525/522
f 435/518/468 434/516/468 449/527/468
f 442/517/702 457/528/702 458/530/702
f 436/520/470 435/518/470 450/529/470
f 436/520/473 451/531/473 452/535/473
f 430/508/520 429/522/520 444/533/520
f 437/507/475 452/535/475 453/537/475
f 430/508/703 445/536/703 446/538/703
f 438/509/521 453/537/521 454/539/521
f 431/510/478 446/538/478 447/540/478
f 439/511/479 454/539/479 455/524/479
f 433/514/480 432/512/480 447/540/480
f 453/537/481 452/535/481 467/541/481
f 446/538/482 445/536/482 460/543/482
f 453/537/483 468/542/483 469/545/483
f 446/538/484 461/544/484 462/546/484
f 455/524/485 454/539/485 469/545/485
f 447/540/486 462/546/486 463/548/486
f 456/525/487 455/524/487 470/547/487
f 449/527/488 448/526/488 463/548/488
f 456/525/489 471/549/489 472/551/489
f 449/527/490 464/550/490 465/552/490
f 458/530/704 457/528/704 472/551/704
f 451/531/705 450/529/705 465/552/705
f 451/531/518 466/554/518 467/541/518
f 444/533/519 459/556/519 460/543/519
f 471/549/497 480/4/497 481/6/497
f 465/552/513 464/550/513 477/1/513
f 473/553/706 472/551/706 481/6/706
f 466/554/707 465/552/707 3/7/707
f 466/554/708 4/12/708 5/17/708
f 459/556/516 474/13/516 475/19/516
f 467/541/709 5/17/709 478/22/709
f 461/544/506 460/543/506 475/19/506
f 468/542/517 478/22/517 6/26/517
f 462/546/508 461/544/508 1/23/508
f 469/545/509 6/26/509 479/30/509
f 463/548/510 462/546/510 476/27/510
f 471/549/511 470/547/511 479/30/511
f 464/550/710 463/548/710 2/31/710
f 494/560/710 493/587/710 484/561/710
f 502/563/497 501/588/497 962/564/497
f 485/566/498 495/570/498 494/560/498
f 503/567/706 502/563/706 963/565/706
f 486/569/711 496/597/711 495/570/711
f 497/575/712 496/597/712 486/569/712
f 957/577/504 490/581/504 489/572/504
f 498/578/709 497/575/709 487/576/709
f 483/580/506 491/584/506 490/581/506
f 488/582/507 499/586/507 498/578/507
f 958/583/508 492/592/508 491/584/508
f 961/585/509 500/589/509 499/586/509
f 493/587/510 492/592/510 958/583/510
f 501/588/511 500/589/511 961/585/511
f 500/589/485 515/614/485 514/590/485
f 508/591/486 507/613/486 492/592/486
f 516/593/487 515/614/487 500/589/487
f 494/560/488 509/619/488 508/591/488
f 517/594/489 516/593/489 501/588/489
f 510/595/490 509/619/490 494/560/490
f 518/596/704 517/594/704 502/563/704
f 496/597/705 511/607/705 510/595/705
f 512/601/495 511/607/495 496/597/495
f 490/581/496 505/602/496 504/598/496
f 498/578/481 513/609/481 512/601/481
f 491/584/482 506/603/482 505/602/482
f 514/590/483 513/609/483 498/578/483
f 492/592/484 507/613/484 506/603/484
f 527/606/473 526/629/473 511/607/473
f 505/602/520 520/633/520 519/608/520
f 513/609/475 528/611/475 527/606/475
f 521/610/476 520/633/476 505/602/476
f 514/590/477 529/615/477 528/611/477
f 522/612/478 521/610/478 506/603/478
f 515/614/479 530/617/479 529/615/479
f 523/616/480 522/612/480 507/613/480
f 516/593/465 531/620/465 530/617/465
f 524/618/701 523/616/701 508/591/701
f 517/594/522 532/625/522 531/620/522
f 525/621/468 524/618/468 509/619/468
f 533/605/469 532/625/469 517/594/469
f 511/607/470 526/629/470 525/621/470
f 531/620/457 546/626/457 545/623/457
f 539/624/713 538/645/713 523/616/713
f 532/625/459 547/647/459 546/626/459
f 525/621/714 540/649/714 539/624/714
f 548/627/461 547/647/461 532/625/461
f 541/628/462 540/649/462 525/621/462
f 527/606/449 542/640/449 541/628/449
f 520/633/450 535/638/450 534/630/450
f 543/634/715 542/640/715 527/606/715
f 536/635/452 535/638/452 520/633/452
f 529/615/716 544/643/716 543/634/716
f 537/636/454 536/635/454 521/610/454
f 545/623/717 544/643/717 529/615/717
f 523/616/718 538/645/718 537/636/718
f 550/637/443 549/652/443 534/630/443
f 543/634/444 558/665/444 557/639/444
f 551/641/445 550/637/445 535/638/445
f 559/642/696 558/665/696 543/634/696
f 537/636/447 552/669/447 551/641/447
f 545/623/448 560/671/448 559/642/448
f 553/644/693 552/669/693 537/636/693
f 561/646/434 560/671/434 545/623/434
f 539/624/435 554/656/435 553/644/435
f 547/647/436 562/650/436 561/646/436
f 555/648/694 554/656/694 539/624/694
f 548/627/438 563/655/438 562/650/438
f 556/651/695 555/648/695 540/649/695
f 557/639/529 556/651/529 541/628/529
f 554/656/428 570/681/428 569/657/428
f 578/658/690 577/679/690 561/646/690
f 571/659/430 570/681/430 554/656/430
f 579/660/719 578/658/719 562/650/719
f 556/651/692 572/683/692 571/659/692
f 573/664/419 572/683/419 556/651/419
f 550/637/720 566/666/720 565/661/720
f 558/665/531 574/673/531 573/664/531
f 551/641/422 567/675/422 566/666/422
f 575/667/533 574/673/533 558/665/533
f 568/668/424 567/675/424 551/641/424
f 576/670/721 575/667/721 559/642/721
f 553/644/722 569/657/722 568/668/722
f 561/646/427 577/679/427 576/670/427
f 589/672/413 588/689/413 573/664/413
f 582/674/414 581/690/414 566/666/414
f 575/667/415 590/676/415 589/672/415
f 568/668/416 583/704/416 582/674/416
f 576/670/401 591/706/401 590/676/401
f 584/677/402 583/704/402 568/668/402
f 592/678/403 591/706/403 576/670/403
f 585/680/404 584/677/404 569/657/404
f 578/658/405 593/682/405 592/678/405
f 571/659/406 586/684/406 585/680/406
f 579/660/407 594/688/407 593/682/407
f 572/683/687 587/694/687 586/684/687
f 588/689/411 587/694/411 572/683/411
f 581/690/688 580/685/688 565/661/688
f 608/691/398 607/714/398 592/678/398
f 586/684/399 601/695/399 600/692/399
f 609/693/686 608/691/686 593/682/686
f 587/694/537 602/717/537 601/695/537
f 603/699/538 602/717/538 587/694/538
f 581/690/389 596/701/389 595/696/389
f 604/700/684 603/699/684 588/689/684
f 582/674/391 597/709/391 596/701/391
f 605/702/685 604/700/685 589/672/685
f 598/703/393 597/709/393 582/674/393
f 606/705/394 605/702/394 590/676/394
f 584/677/395 599/707/395 598/703/395
f 592/678/396 607/714/396 606/705/396
f 585/680/397 600/692/397 599/707/397
f 612/708/383 611/724/383 596/701/383
f 605/702/384 620/735/384 619/710/384
f 598/703/369 613/712/369 612/708/369
f 621/711/370 620/735/370 605/702/370
f 599/707/371 614/738/371 613/712/371
f 622/713/372 621/711/372 606/705/372
f 615/715/678 614/738/678 599/707/678
f 608/691/374 623/716/374 622/713/374
f 601/695/375 616/718/375 615/715/375
f 609/693/376 624/722/376 623/716/376
f 602/717/723 617/727/723 616/718/723
f 618/723/380 617/727/380 602/717/380
f 611/724/680 610/719/680 595/696/680
f 619/710/681 618/723/681 603/699/681
f 616/718/368 631/728/368 630/725/368
f 639/726/676 638/739/676 623/716/676
f 617/727/677 632/752/677 631/728/677
f 633/732/357 632/752/357 617/727/357
f 611/724/358 626/734/358 625/729/358
f 634/733/359 633/732/359 618/723/359
f 612/708/360 627/743/360 626/734/360
f 620/735/361 635/740/361 634/733/361
f 628/736/362 627/743/362 612/708/362
f 636/737/363 635/740/363 620/735/363
f 614/738/364 629/745/364 628/736/364
f 622/713/365 637/748/365 636/737/365
f 630/725/366 629/745/366 614/738/366
f 638/739/367 637/748/367 622/713/367
f 635/740/337 650/768/337 649/741/337
f 628/736/338 643/746/338 642/742/338
f 651/744/339 650/768/339 635/740/339
f 629/745/340 644/771/340 643/746/340
f 652/747/341 651/744/341 636/737/341
f 645/749/547 644/771/547 629/745/547
f 638/739/343 653/750/343 652/747/343
f 631/728/344 646/760/344 645/749/344
f 639/726/345 654/756/345 653/750/345
f 647/751/346 646/760/346 631/728/346
f 633/732/349 648/765/349 647/751/349
f 641/757/350 640/753/350 625/729/350
f 649/741/351 648/765/351 633/732/351
f 642/742/352 641/757/352 626/734/352
f 669/758/323 668/773/323 653/750/323
f 647/751/324 662/782/324 661/759/324
f 663/764/327 662/782/327 647/751/327
f 641/757/328 656/767/328 655/761/328
f 664/766/671 663/764/671 648/765/671
f 642/742/330 657/789/330 656/767/330
f 650/768/724 665/775/724 664/766/724
f 658/769/332 657/789/332 642/742/332
f 666/770/725 665/775/725 650/768/725
f 644/771/726 659/777/726 658/769/726
f 652/747/335 667/778/335 666/770/335
f 660/772/727 659/777/727 644/771/727
f 668/773/321 667/778/321 652/747/321
f 646/760/322 661/759/322 660/772/322
f 666/770/728 681/779/728 680/774/728
f 674/776/729 673/790/729 658/769/729
f 667/778/311 682/805/311 681/779/311
f 660/772/312 675/807/312 674/776/312
f 683/780/313 682/805/313 667/778/313
f 676/781/669 675/807/669 660/772/669
f 669/758/730 684/786/730 683/780/730
f 662/782/316 677/796/316 676/781/316
f 678/787/559 677/796/559 662/782/559
f 671/788/731 670/783/731 655/761/731
f 664/766/305 679/799/305 678/787/305
f 657/789/306 672/800/306 671/788/306
f 680/774/307 679/799/307 664/766/307
f 673/790/308 672/800/308 657/789/308
f 693/795/296 692/817/296 677/796/296
f 686/797/561 685/791/561 670/783/561
f 694/798/298 693/795/298 678/787/298
f 672/800/299 687/801/299 686/797/299
f 680/774/300 695/825/300 694/798/300
f 673/790/301 688/803/301 687/801/301
f 696/802/302 695/825/302 680/774/302
f 674/776/303 689/810/303 688/803/303
f 697/804/304 696/802/304 681/779/304
f 690/806/289 689/810/289 674/776/289
f 698/808/562 697/804/562 682/805/562
f 676/781/291 691/809/291 690/806/291
f 684/786/292 699/794/292 698/808/292
f 677/796/293 692/817/293 691/809/293
f 689/810/279 704/835/279 703/811/279
f 697/804/280 712/814/280 711/812/280
f 705/813/281 704/835/281 689/810/281
f 698/808/282 713/815/282 712/814/282
f 691/809/283 706/839/283 705/813/283
f 699/794/284 714/821/284 713/815/284
f 707/816/285 706/839/285 691/809/285
f 693/795/665 708/826/665 707/816/665
f 701/822/664 700/818/664 685/791/664
f 709/823/274 708/826/274 693/795/274
f 702/824/275 701/822/275 686/797/275
f 695/825/276 710/832/276 709/823/276
f 703/811/277 702/824/277 687/801/277
f 711/812/278 710/832/278 695/825/278
f 708/826/265 723/829/265 722/827/265
f 701/822/266 716/853/266 715/828/266
f 709/823/267 724/854/267 723/829/267
f 717/830/268 716/853/268 701/822/268
f 725/831/663 724/854/663 709/823/663
f 718/833/270 717/830/270 702/824/270
f 726/834/271 725/831/271 710/832/271
f 704/835/272 719/836/272 718/833/272
f 712/814/257 727/837/257 726/834/257
f 705/813/258 720/844/258 719/836/258
f 713/815/259 728/846/259 727/837/259
f 721/838/661 720/844/661 705/813/661
f 729/840/662 728/846/662 713/815/662
f 722/827/262 721/838/262 706/839/262
f 742/843/249 741/864/249 726/834/249
f 720/844/250 735/869/250 734/845/250
f 728/846/251 743/871/251 742/843/251
f 736/847/659 735/869/659 720/844/659
f 744/848/660 743/871/660 728/846/660
f 737/849/254 736/847/254 721/838/254
f 723/829/241 738/855/241 737/849/241
f 716/853/242 731/859/242 730/850/242
f 724/854/243 739/861/243 738/855/243
f 732/856/244 731/859/244 716/853/244
f 740/857/658 739/861/658 724/854/658
f 718/833/246 733/862/246 732/856/246
f 726/834/247 741/864/247 740/857/247
f 734/845/248 733/862/248 718/833/248
f 746/858/657 745/873/657 730/850/657
f 754/860/236 753/877/236 738/855/236
f 732/856/237 747/863/237 746/858/237
f 740/857/238 755/865/238 754/860/238
f 733/862/239 748/890/239 747/863/239
f 741/864/240 756/891/240 755/865/240
f 749/866/225 748/890/225 733/862/225
f 757/867/226 756/891/226 741/864/226
f 750/868/227 749/866/227 734/845/227
f 758/870/228 757/867/228 742/843/228
f 736/847/229 751/872/229 750/868/229
f 744/848/230 759/876/230 758/870/230
f 737/849/231 752/881/231 751/872/231
f 753/877/656 752/881/656 737/849/656
f 765/878/220 764/893/220 749/866/220
f 773/879/221 772/901/221 757/867/221
f 751/872/222 766/882/222 765/878/222
f 774/880/223 773/879/223 758/870/223
f 752/881/224 767/906/224 766/882/224
f 768/886/211 767/906/211 752/881/211
f 746/858/212 761/888/212 760/883/212
f 769/887/213 768/886/213 753/877/213
f 747/863/214 762/897/214 761/888/214
f 755/865/215 770/892/215 769/887/215
f 763/889/216 762/897/216 747/863/216
f 756/891/217 771/894/217 770/892/217
f 764/893/218 763/889/218 748/890/218
f 757/867/219 772/901/219 771/894/219
f 769/887/205 784/923/205 783/895/205
f 777/896/206 776/922/206 761/888/206
f 785/898/207 784/923/207 769/887/207
f 778/899/208 777/896/208 762/897/208
f 771/894/732 786/902/732 785/898/732
f 779/900/655 778/899/655 763/889/655
f 772/901/195 787/903/195 786/902/195
f 765/878/196 780/913/196 779/900/196
f 773/879/197 788/910/197 787/903/197
f 781/904/198 780/913/198 765/878/198
f 789/905/199 788/910/199 773/879/199
f 767/906/200 782/915/200 781/904/200
f 783/895/203 782/915/203 767/906/203
f 761/888/204 776/922/204 775/907/204
f 788/910/191 804/914/191 803/911/191
f 797/912/654 796/930/654 780/913/654
f 789/905/581 805/919/581 804/914/581
f 782/915/178 798/938/178 797/912/178
f 799/920/583 798/938/583 782/915/583
f 792/921/182 791/916/182 775/907/182
f 784/923/183 800/925/183 799/920/183
f 793/924/184 792/921/184 776/922/184
f 785/898/585 801/927/585 800/925/585
f 794/926/186 793/924/186 777/896/186
f 786/902/187 802/929/187 801/927/187
f 795/928/652 794/926/652 778/899/652
f 787/903/189 803/911/189 802/929/189
f 796/930/190 795/928/190 779/900/190
f 801/927/161 816/955/161 815/931/161
f 794/926/162 809/934/162 808/932/162
f 817/933/587 816/955/587 801/927/587
f 795/928/588 810/959/588 809/934/588
f 818/935/165 817/933/165 802/929/165
f 811/936/166 810/959/166 795/928/166
f 804/914/167 819/937/167 818/935/167
f 797/912/168 812/939/168 811/936/168
f 805/919/169 820/943/169 819/937/169
f 798/938/170 813/947/170 812/939/170
f 814/944/173 813/947/173 798/938/173
f 807/945/649 806/940/649 791/916/649
f 815/931/175 814/944/175 799/920/175
f 808/932/733 807/945/733 792/921/733
f 835/946/646 834/962/646 819/937/646
f 813/947/647 828/971/647 827/948/647
f 829/952/150 828/971/150 813/947/150
f 807/945/151 822/954/151 821/949/151
f 830/953/152 829/952/152 814/944/152
f 808/932/153 823/964/153 822/954/153
f 816/955/154 831/957/154 830/953/154
f 824/956/155 823/964/155 808/932/155
f 817/933/156 832/960/156 831/957/156
f 825/958/157 824/956/157 809/934/157
f 818/935/158 833/966/158 832/960/158
f 826/961/159 825/958/159 810/959/159
f 834/962/160 833/966/160 818/935/160
f 812/939/145 827/948/145 826/961/145
f 839/963/131 838/980/131 823/964/131
f 847/965/132 846/981/132 831/957/132
f 825/958/133 840/967/133 839/963/133
f 833/966/134 848/968/134 847/965/134
f 826/961/135 841/969/135 840/967/135
f 834/962/136 849/970/136 848/968/136
f 827/948/137 842/972/137 841/969/137
f 835/946/138 850/976/138 849/970/138
f 828/971/734 843/1118/734 842/972/734
f 844/977/735 843/1118/735 828/971/735
f 837/978/644 836/973/644 821/949/644
f 845/979/645 844/977/645 829/952/645
f 838/980/129 837/978/129 822/954/129
f 846/981/642 845/979/642 830/953/642
f 843/982/736 858/1018/736 857/983/736
f 859/991/737 858/1018/737 843/982/737
f 837/993/120 852/997/120 851/986/120
f 860/994/640 859/991/640 844/992/640
f 838/996/122 853/1027/122 852/997/122
f 846/998/123 861/1002/123 860/994/123
f 854/999/124 853/1027/124 838/996/124
f 847/1001/125 862/1006/125 861/1002/125
f 855/1003/126 854/999/126 839/1000/126
f 848/1005/127 863/1014/127 862/1006/127
f 856/1007/641 855/1003/641 840/1004/641
f 864/1009/113 863/1014/113 848/1005/113
f 842/984/114 857/983/114 856/1007/114
f 865/989/639 864/1009/639 849/1010/639
f 877/1011/101 876/1028/101 861/1002/101
f 855/1003/602 870/1015/602 869/1012/602
f 878/1013/103 877/1011/103 862/1006/103
f 856/1007/104 871/1016/104 870/1015/104
f 864/1009/105 879/1043/105 878/1013/105
f 857/983/106 872/1019/106 871/1016/106
f 880/1017/636 879/1043/636 864/1009/636
f 858/1018/637 873/1034/637 872/1019/637
f 874/1023/111 873/1034/111 858/1018/111
f 867/1024/638 866/1020/638 851/986/638
f 875/1025/97 874/1023/97 859/991/97
f 868/1026/98 867/1024/98 852/997/98
f 876/1028/99 875/1025/99 860/994/99
f 854/999/100 869/1012/100 868/1026/100
f 889/1033/604 888/1050/604 873/1034/604
f 867/1024/738 882/1036/738 881/1029/738
f 890/1035/90 889/1033/90 874/1023/90
f 868/1026/91 883/1060/91 882/1036/91
f 876/1028/92 891/1038/92 890/1035/92
f 884/1037/93 883/1060/93 868/1026/93
f 877/1011/606 892/1040/606 891/1038/606
f 885/1039/607 884/1037/607 869/1012/607
f 878/1013/96 893/1047/96 892/1040/96
f 886/1041/81 885/1039/81 870/1015/81
f 894/1042/632 893/1047/632 878/1013/632
f 872/1019/83 887/1044/83 886/1041/83
f 895/1032/739 894/1042/739 879/1043/739
f 873/1034/633 888/1050/633 887/1044/633
f 885/1039/740 900/1070/740 899/1045/740
f 908/1046/72 907/1061/72 892/1040/72
f 901/1048/741 900/1070/741 885/1039/741
f 894/1042/74 909/1049/74 908/1046/74
f 887/1044/742 902/1051/742 901/1048/742
f 895/1032/76 910/1055/76 909/1049/76
f 888/1050/77 903/1063/77 902/1051/77
f 904/1056/80 903/1063/80 888/1050/80
f 897/1057/65 896/1052/65 881/1029/65
f 905/1058/743 904/1056/743 889/1033/743
f 898/1059/67 897/1057/67 882/1036/67
f 891/1038/744 906/1067/744 905/1058/744
f 884/1037/69 899/1045/69 898/1059/69
f 907/1061/745 906/1067/745 891/1038/745
f 904/1056/746 919/1088/746 918/1062/746
f 897/1057/58 912/1066/58 911/1064/58
f 920/1065/59 919/1088/59 904/1056/59
f 898/1059/60 913/1092/60 912/1066/60
f 906/1067/747 921/1093/747 920/1065/747
f 914/1068/62 913/1092/62 898/1059/62
f 922/1069/748 921/1093/748 906/1067/748
f 900/1070/749 915/1079/749 914/1068/749
f 908/1046/49 923/1077/49 922/1069/49
f 916/1071/750 915/1079/750 900/1070/750
f 924/1072/51 923/1077/51 908/1046/51
f 902/1051/52 917/1080/52 916/1071/52
f 925/1073/53 924/1072/53 909/1049/53
f 918/1062/751 917/1080/751 902/1051/751
f 938/1076/42 937/1100/42 922/1069/42
f 931/1078/631 930/1095/631 915/1079/631
f 924/1072/752 939/1081/752 938/1076/752
f 917/1080/45 932/1082/45 931/1078/45
f 925/1073/46 940/1086/46 939/1081/46
f 918/1062/47 933/1105/47 932/1082/47
f 934/1087/34 933/1105/34 918/1062/34
f 927/1089/35 926/1083/35 911/1064/35
f 935/1090/36 934/1087/36 919/1088/36
f 928/1091/753 927/1089/753 912/1066/753
f 921/1093/38 936/1094/38 935/1090/38
f 914/1068/39 929/1099/39 928/1091/39
f 922/1069/40 937/1100/40 936/1094/40
f 930/1095/41 929/1099/41 914/1068/41
f 935/1090/29 950/1115/29 949/1096/29
f 943/1097/30 942/1114/30 927/1089/30
f 951/1098/31 950/1115/31 935/1090/31
f 929/1099/32 944/1116/32 943/1097/32
f 937/1100/17 952/1117/17 951/1098/17
f 945/1101/18 944/1116/18 929/1099/18
f 953/1102/19 952/1117/19 937/1100/19
f 931/1078/20 946/1110/20 945/1101/20
f 939/1081/21 954/1109/21 953/1102/21
f 947/1103/22 946/1110/22 931/1078/22
f 955/1104/629 954/1109/629 939/1081/629
f 933/1105/24 948/1111/24 947/1103/24
f 949/1096/630 948/1111/630 933/1105/630
f 927/1089/28 942/1114/28 941/1106/28
f 963/565/2 962/564/2 953/1102/2
f 947/1103/3 485/566/3 959/562/3
f 955/1104/4 964/568/4 963/565/4
f 948/1111/5 486/569/5 485/566/5
f 487/576/625 486/569/625 948/1111/625
f 957/577/626 956/571/626 941/1106/626
f 960/579/627 487/576/627 949/1096/627
f 943/1097/11 483/580/11 957/577/11
f 488/582/628 960/579/628 950/1115/628
f 958/583/13 483/580/13 943/1097/13
f 961/585/14 488/582/14 951/1098/14
f 945/1101/15 484/561/15 958/583/15
f 953/1102/16 962/564/16 961/585/16
f 946/1110/1 959/562/1 484/561/1
f 1009/1119/754 1013/1120/754 1012/1121/754
f 1011/1122/755 1013/1120/755 1010/1123/755
f 1013/1120/756 1015/1124/756 1012/1121/756
f 1013/1120/757 1017/1125/757 1016/1126/757
f 965/1127/758 1009/1119/758 994/1128/758
f 1005/1129/759 1010/1123/759 1009/1119/759
f 1003/1130/760 1010/1123/760 1004/1131/760
f 969/1132/761 1011/1122/761 1003/1130/761
f 1002/1133/762 1014/1134/762 1011/1122/762
f 1014/1134/763 1000/1135/763 1017/1125/763
f 967/1136/764 1015/1124/764 991/1137/764
f 1016/1126/765 1017/1125/765 993/1138/765
f 1016/1126/766 992/1139/766 991/1137/766
f 971/1140/767 1065/1141/767 993/1138/767
f 1012/1121/768 996/1142/768 995/1143/768
f 994/1128/769 1012/1121/769 995/1143/769
f 1113/1144/770 968/1145/770 1114/1146/770
f 1070/1147/771 1022/1148/771 1071/1149/771
f 1113/1144/772 1115/1150/772 972/1151/772
f 1022/1148/773 1072/1152/773 1071/1149/773
f 1090/1153/774 1114/1146/774 997/1154/774
f 1088/1155/775 1101/1156/775 986/1157/775
f 1069/1158/776 1019/1159/776 1070/1147/776
f 1063/1160/777 991/1137/777 1067/1161/777
f 991/1137/778 992/1139/778 1061/1162/778
f 1061/1162/779 992/1139/779 993/1138/779
f 1065/1141/780 971/1140/780 1066/1163/780
f 1024/1164/781 1068/1165/781 1072/1152/781
f 1087/1166/782 983/1167/782 1100/1168/782
f 999/1169/783 982/1170/783 1115/1150/783
f 1091/1171/784 1029/1172/784 1092/1173/784
f 1027/1174/785 1104/1175/785 1103/1176/785
f 1092/1173/786 1032/1177/786 1093/1178/786
f 1030/1179/787 1105/1180/787 1104/1175/787
f 972/1151/788 1025/1181/788 975/1182/788
f 1073/1183/789 1101/1156/789 1050/1184/789
f 1084/1185/790 1074/1186/790 983/1167/790
f 1000/1187/791 1030/1179/791 1027/1174/791
f 1030/1179/792 1002/1188/792 1033/1189/792
f 1033/1189/793 969/1190/793 988/1191/793
f 1033/1189/794 1112/1192/794 1105/1180/794
f 1093/1178/795 989/1193/795 1089/1194/795
f 973/1195/796 990/1196/796 970/1197/796
f 974/1198/797 1031/1199/797 973/1195/797
f 975/1182/798 1028/1200/798 974/1198/798
f 1034/1201/799 1038/1202/799 1037/1203/799
f 1036/1204/800 1038/1202/800 1035/1205/800
f 1038/1202/801 1040/1206/801 1037/1203/801
f 1038/1202/802 1042/1207/802 1041/1208/802
f 970/1209/803 1034/1201/803 973/1210/803
f 978/1211/804 1035/1205/804 1034/1201/804
f 976/1212/805 1035/1205/805 977/1213/805
f 966/1214/806 1036/1204/806 976/1212/806
f 1036/1204/807 1007/1215/807 1039/1216/807
f 1039/1216/808 1006/1217/808 1042/1207/808
f 1040/1206/809 998/1218/809 972/1151/809
f 1037/1203/810 975/1219/810 974/1220/810
f 1034/1201/811 974/1220/811 973/1210/811
f 1044/1221/812 1095/1222/812 1094/1223/812
f 1106/1224/813 1048/1225/813 1107/1226/813
f 1047/1227/814 1096/1228/814 1095/1222/814
f 1107/1226/815 1051/1229/815 1102/1230/815
f 981/1231/816 1008/1232/816 966/1233/816
f 980/1234/817 1094/1223/817 1086/1235/817
f 1111/1236/818 1045/1237/818 1106/1224/818
f 965/1238/819 1045/1237/819 979/1239/819
f 994/1240/820 1048/1225/820 1045/1237/820
f 1048/1225/821 996/1241/821 1051/1229/821
f 984/1242/822 1064/1243/822 971/1140/822
f 1085/1244/823 985/1245/823 1069/1158/823
f 1049/1246/824 968/1145/824 1006/1247/824
f 1046/1248/825 1006/1247/825 1007/1249/825
f 1043/1250/826 1007/1249/826 1008/1232/826
f 1097/1251/827 1056/1252/827 1098/1253/827
f 1054/1254/828 1109/1255/828 1108/1256/828
f 1056/1257/829 1099/1258/829 1098/1259/829
f 1109/1260/830 1060/1261/830 1110/1262/830
f 970/1197/831 1052/1263/831 978/1264/831
f 1089/1194/832 1053/1265/832 1097/1251/832
f 988/1191/833 1108/1256/833 1112/1192/833
f 969/1190/834 1054/1254/834 988/1191/834
f 1003/1266/835 1057/1267/835 1054/1254/835
f 1057/1268/836 1005/1269/836 1060/1261/836
f 1060/1261/837 965/1238/837 979/1239/837
f 1110/1262/838 979/1239/838 1111/1236/838
f 1059/1270/839 1086/1235/839 1099/1258/839
f 1058/1271/840 966/1233/840 976/1272/840
f 1055/1273/841 976/1272/841 977/1274/841
f 978/1264/842 1055/1275/842 977/1276/842
f 1022/1148/843 1061/1162/843 993/1138/843
f 991/1137/844 1061/1162/844 1022/1148/844
f 1015/1124/845 1016/1126/845 991/1137/845
f 992/1139/846 1016/1126/846 993/1138/846
f 1024/1164/847 1022/1148/847 993/1138/847
f 1019/1159/848 991/1137/848 1022/1148/848
f 1062/1277/849 967/1136/849 1019/1159/849
f 1024/1164/850 971/1140/850 1064/1243/850
f 971/1140/851 1017/1125/851 1000/1135/851
f 1063/1160/852 967/1136/852 991/1137/852
f 1024/1164/853 993/1138/853 1066/1163/853
f 1019/1159/854 967/1136/854 1067/1161/854
f 993/1138/855 1065/1141/855 1066/1163/855
f 971/1140/856 1024/1164/856 1066/1163/856
f 991/1137/857 1019/1159/857 1067/1161/857
f 967/1136/858 1063/1160/858 1067/1161/858
f 1023/1278/859 1068/1165/859 983/1167/859
f 1069/1158/860 1018/1279/860 986/1157/860
f 1021/1280/861 1072/1152/861 1023/1278/861
f 1070/1147/862 1021/1280/862 1018/1279/862
f 983/1167/863 1068/1165/863 1084/1185/863
f 986/1157/864 1085/1244/864 1069/1158/864
f 1059/1270/865 1075/1281/865 980/1234/865
f 1076/1282/866 1053/1265/866 989/1193/866
f 1056/1257/867 1083/1283/867 1059/1270/867
f 1081/1284/868 1056/1252/868 1053/1265/868
f 980/1234/869 1079/1285/869 1044/1221/869
f 1044/1221/870 1080/1286/870 1047/1227/870
f 1078/1287/871 989/1193/871 1032/1177/871
f 1077/1288/872 1032/1177/872 1029/1172/872
f 1047/1227/873 1073/1183/873 1050/1184/873
f 1074/1186/874 1029/1172/874 1026/1289/874
f 1051/1229/875 1085/1244/875 1102/1230/875
f 1068/1165/876 984/1242/876 1084/1185/876
f 1058/1271/877 1086/1235/877 981/1231/877
f 1089/1194/878 1052/1263/878 990/1196/878
f 1055/1273/879 1099/1258/879 1058/1271/879
f 1097/1251/880 1055/1275/880 1052/1263/880
f 1049/1246/881 1088/1155/881 987/1290/881
f 981/1231/882 1094/1223/882 1043/1250/882
f 1095/1222/883 1049/1246/883 1046/1248/883
f 1043/1250/884 1095/1222/884 1046/1248/884
f 1093/1178/885 990/1196/885 1031/1199/885
f 1087/1166/886 1025/1181/886 982/1170/886
f 1092/1173/887 1031/1199/887 1028/1200/887
f 1025/1181/888 1092/1173/888 1028/1200/888
f 1090/1153/889 1021/1280/889 1023/1278/889
f 1100/1168/890 1091/1171/890 1087/1166/890
f 1096/1228/891 1101/1156/891 1088/1155/891
f 1110/1262/892 1075/1281/892 1083/1283/892
f 1076/1282/893 1108/1256/893 1081/1284/893
f 1082/1291/894 1110/1262/894 1083/1283/894
f 1108/1256/895 1082/1292/895 1081/1284/895
f 1111/1236/896 1079/1285/896 1075/1281/896
f 1106/1224/897 1080/1286/897 1079/1285/897
f 1078/1287/898 1112/1192/898 1076/1282/898
f 1077/1288/899 1105/1180/899 1078/1287/899
f 1103/1176/900 1077/1288/900 1074/1186/900
f 1073/1183/901 1085/1244/901 986/1157/901
f 1080/1286/902 1102/1230/902 1073/1183/902
f 1027/1174/903 1084/1185/903 984/1242/903
f 1074/1186/904 1100/1168/904 983/1167/904
f 1018/1279/905 1090/1153/905 997/1154/905
f 1042/1207/906 968/1145/906 998/1218/906
f 1090/1153/907 1115/1150/907 1020/1293/907
f 997/1154/908 987/1290/908 1088/1155/908
f 984/1242/909 1024/1164/909 1064/1243/909
f 1062/1277/910 985/1245/910 967/1136/910
f 985/1245/911 1062/1277/911 1019/1159/911
f 1051/1229/912 967/1136/912 985/1245/912
f 1027/1174/913 971/1140/913 1000/1187/913
f 1009/1119/914 1010/1123/914 1013/1120/914
f 1011/1122/915 1014/1134/915 1013/1120/915
f 1013/1120/916 1016/1126/916 1015/1124/916
f 1013/1120/917 1014/1134/917 1017/1125/917
f 965/1127/918 1005/1129/918 1009/1119/918
f 1005/1129/919 1004/1131/919 1010/1123/919
f 1003/1130/920 1011/1122/920 1010/1123/920
f 969/1132/921 1002/1133/921 1011/1122/921
f 1002/1133/922 1001/1294/922 1014/1134/922
f 1014/1134/923 1001/1294/923 1000/1135/923
f 967/1136/924 996/1142/924 1015/1124/924
f 1012/1121/925 1015/1124/925 996/1142/925
f 994/1128/926 1009/1119/926 1012/1121/926
f 1114/1146/927 1020/1293/927 1113/1144/927
f 1113/1144/928 998/1218/928 968/1145/928
f 968/1145/929 987/1290/929 1114/1146/929
f 1070/1147/930 1019/1159/930 1022/1148/930
f 972/1151/931 998/1218/931 1113/1144/931
f 1113/1144/932 1020/1293/932 1115/1150/932
f 1115/1150/933 982/1170/933 972/1151/933
f 1022/1148/934 1024/1164/934 1072/1152/934
f 1090/1153/935 1020/1293/935 1114/1146/935
f 1069/1158/936 985/1245/936 1019/1159/936
f 1024/1164/937 984/1242/937 1068/1165/937
f 999/1169/938 1087/1166/938 982/1170/938
f 1091/1171/939 1026/1289/939 1029/1172/939
f 1027/1174/940 1030/1179/940 1104/1175/940
f 1092/1173/941 1029/1172/941 1032/1177/941
f 1030/1179/942 1033/1189/942 1105/1180/942
f 972/1151/943 982/1170/943 1025/1181/943
f 1073/1183/944 986/1157/944 1101/1156/944
f 1084/1185/945 1103/1176/945 1074/1186/945
f 1000/1187/946 1001/1295/946 1030/1179/946
f 1030/1179/947 1001/1295/947 1002/1188/947
f 1033/1189/948 1002/1188/948 969/1190/948
f 1033/1189/949 988/1191/949 1112/1192/949
f 1093/1178/950 1032/1177/950 989/1193/950
f 973/1195/951 1031/1199/951 990/1196/951
f 974/1198/952 1028/1200/952 1031/1199/952
f 975/1182/953 1025/1181/953 1028/1200/953
f 1034/1201/954 1035/1205/954 1038/1202/954
f 1036/1204/955 1039/1216/955 1038/1202/955
f 1038/1202/956 1041/1208/956 1040/1206/956
f 1038/1202/957 1039/1216/957 1042/1207/957
f 970/1209/958 978/1211/958 1034/1201/958
f 978/1211/959 977/1213/959 1035/1205/959
f 976/1212/960 1036/1204/960 1035/1205/960
f 966/1214/961 1008/1296/961 1036/1204/961
f 1036/1204/962 1008/1296/962 1007/1215/962
f 1039/1216/963 1007/1215/963 1006/1217/963
f 972/1151/964 975/1219/964 1040/1206/964
f 1040/1206/965 1041/1208/965 998/1218/965
f 1037/1203/966 1040/1206/966 975/1219/966
f 1034/1201/967 1037/1203/967 974/1220/967
f 1044/1221/968 1047/1227/968 1095/1222/968
f 1106/1224/969 1045/1237/969 1048/1225/969
f 1047/1227/970 1050/1184/970 1096/1228/970
f 1107/1226/971 1048/1225/971 1051/1229/971
f 981/1231/972 1043/1250/972 1008/1232/972
f 980/1234/973 1044/1221/973 1094/1223/973
f 1111/1236/974 979/1239/974 1045/1237/974
f 965/1238/975 994/1240/975 1045/1237/975
f 994/1240/976 995/1297/976 1048/1225/976
f 1048/1225/977 995/1297/977 996/1241/977
f 1049/1246/978 987/1290/978 968/1145/978
f 1046/1248/979 1049/1246/979 1006/1247/979
f 1043/1250/980 1046/1248/980 1007/1249/980
f 1097/1251/981 1053/1265/981 1056/1252/981
f 1054/1254/982 1057/1267/982 1109/1255/982
f 1056/1257/983 1059/1270/983 1099/1258/983
f 1109/1260/984 1057/1268/984 1060/1261/984
f 970/1197/985 990/1196/985 1052/1263/985
f 1089/1194/986 989/1193/986 1053/1265/986
f 988/1191/987 1054/1254/987 1108/1256/987
f 969/1190/988 1003/1266/988 1054/1254/988
f 1003/1266/989 1004/1298/989 1057/1267/989
f 1057/1268/990 1004/1299/990 1005/1269/990
f 1060/1261/991 1005/1269/991 965/1238/991
f 1110/1262/992 1060/1261/992 979/1239/992
f 1059/1270/993 980/1234/993 1086/1235/993
f 1058/1271/994 981/1231/994 966/1233/994
f 1055/1273/995 1058/1271/995 976/1272/995
f 978/1264/996 1052/1263/996 1055/1275/996
f 971/1140/997 993/1138/997 1017/1125/997
f 1023/1278/998 1072/1152/998 1068/1165/998
f 1069/1158/999 1070/1147/999 1018/1279/999
f 1021/1280/1000 1071/1149/1000 1072/1152/1000
f 1070/1147/1001 1071/1149/1001 1021/1280/1001
f 1059/1270/1002 1083/1283/1002 1075/1281/1002
f 1076/1282/1003 1081/1284/1003 1053/1265/1003
f 1056/1257/1004 1082/1291/1004 1083/1283/1004
f 1081/1284/1005 1082/1292/1005 1056/1252/1005
f 980/1234/1006 1075/1281/1006 1079/1285/1006
f 1044/1221/1007 1079/1285/1007 1080/1286/1007
f 1078/1287/1008 1076/1282/1008 989/1193/1008
f 1077/1288/1009 1078/1287/1009 1032/1177/1009
f 1047/1227/1010 1080/1286/1010 1073/1183/1010
f 1074/1186/1011 1077/1288/1011 1029/1172/1011
f 1051/1229/1012 985/1245/1012 1085/1244/1012
f 1058/1271/1013 1099/1258/1013 1086/1235/1013
f 1089/1194/1014 1097/1251/1014 1052/1263/1014
f 1055/1273/1015 1098/1259/1015 1099/1258/1015
f 1097/1251/1016 1098/1253/1016 1055/1275/1016
f 1049/1246/1017 1096/1228/1017 1088/1155/1017
f 981/1231/1018 1086/1235/1018 1094/1223/1018
f 1095/1222/1019 1096/1228/1019 1049/1246/1019
f 1043/1250/1020 1094/1223/1020 1095/1222/1020
f 1093/1178/1021 1089/1194/1021 990/1196/1021
f 1087/1166/1022 1091/1171/1022 1025/1181/1022
f 1092/1173/1023 1093/1178/1023 1031/1199/1023
f 1025/1181/1024 1091/1171/1024 1092/1173/1024
f 1023/1278/1025 983/1167/1025 1087/1166/1025
f 1087/1166/1026 999/1169/1026 1023/1278/1026
f 999/1169/1027 1090/1153/1027 1023/1278/1027
f 1100/1168/1028 1026/1289/1028 1091/1171/1028
f 1096/1228/1029 1050/1184/1029 1101/1156/1029
f 1110/1262/1030 1111/1236/1030 1075/1281/1030
f 1076/1282/1031 1112/1192/1031 1108/1256/1031
f 1082/1291/1032 1109/1260/1032 1110/1262/1032
f 1108/1256/1033 1109/1255/1033 1082/1292/1033
f 1111/1236/1034 1106/1224/1034 1079/1285/1034
f 1106/1224/1035 1107/1226/1035 1080/1286/1035
f 1078/1287/1036 1105/1180/1036 1112/1192/1036
f 1077/1288/1037 1104/1175/1037 1105/1180/1037
f 1103/1176/1038 1104/1175/1038 1077/1288/1038
f 1073/1183/1039 1102/1230/1039 1085/1244/1039
f 1080/1286/1040 1107/1226/1040 1102/1230/1040
f 1027/1174/1041 1103/1176/1041 1084/1185/1041
f 1074/1186/1042 1026/1289/1042 1100/1168/1042
f 997/1154/1043 1088/1155/1043 1018/1279/1043
f 1088/1155/1044 986/1157/1044 1018/1279/1044
f 1018/1279/1045 1021/1280/1045 1090/1153/1045
f 998/1218/1046 1041/1208/1046 1042/1207/1046
f 1042/1207/1047 1006/1217/1047 968/1145/1047
f 1090/1153/1048 999/1169/1048 1115/1150/1048
f 997/1154/1049 1114/1146/1049 987/1290/1049
f 1051/1229/1050 996/1241/1050 967/1136/1050
f 1027/1174/1051 984/1242/1051 971/1140/1051
f 1191/1300/1052 1163/1301/1052 1116/1302/1052
f 1134/1303/1053 1252/1304/1053 1191/1300/1053
f 1124/1305/1054 1252/1304/1054 1185/1306/1054
f 1116/1302/1055 1253/1307/1055 1191/1300/1055
f 1117/1308/1056 1253/1307/1056 1193/1309/1056
f 1253/1307/1057 1125/1310/1057 1183/1311/1057
f 1191/1300/1058 1183/1311/1058 1134/1303/1058
f 1134/1303/1059 1254/1312/1059 1184/1313/1059
f 1183/1311/1060 1165/1314/1060 1254/1312/1060
f 1254/1312/1061 1119/1315/1061 1166/1316/1061
f 1184/1313/1062 1166/1316/1062 1126/1317/1062
f 1185/1306/1063 1162/1318/1063 1124/1305/1063
f 1185/1306/1064 1184/1313/1064 1255/1319/1064
f 1184/1313/1065 1167/1320/1065 1255/1319/1065
f 1255/1319/1066 1118/1321/1066 1162/1318/1066
f 1167/1320/1067 1169/1322/1067 1118/1321/1067
f 1126/1317/1068 1256/1323/1068 1167/1320/1068
f 1169/1322/1069 1204/1324/1069 1127/1325/1069
f 1126/1317/1070 1257/1326/1070 1204/1327/1070
f 1166/1316/1071 1170/1328/1071 1257/1326/1071
f 1257/1326/1072 1128/1329/1072 1205/1330/1072
f 1204/1327/1073 1205/1330/1073 1127/1331/1073
f 1205/1330/1074 1206/1332/1074 1127/1331/1074
f 1128/1329/1075 1258/1333/1075 1205/1330/1075
f 1171/1334/1076 1172/1335/1076 1258/1333/1076
f 1258/1333/1077 1129/1336/1077 1206/1332/1077
f 1206/1332/1078 1168/1337/1078 1127/1331/1078
f 1129/1336/1079 1259/1338/1079 1206/1332/1079
f 1168/1337/1080 1173/1339/1080 1122/1340/1080
f 1122/1340/1081 1260/1341/1081 1175/1342/1081
f 1173/1339/1082 1189/1343/1082 1260/1341/1082
f 1189/1343/1083 1192/1344/1083 1260/1341/1083
f 1175/1342/1084 1192/1344/1084 1130/1345/1084
f 1172/1335/1085 1189/1343/1085 1129/1336/1085
f 1123/1346/1086 1261/1347/1086 1172/1335/1086
f 1176/1348/1087 1190/1349/1087 1261/1347/1087
f 1261/1347/1088 1135/1350/1088 1189/1343/1088
f 1190/1349/1089 1187/1351/1089 1135/1350/1089
f 1131/1352/1090 1262/1353/1090 1190/1349/1090
f 1262/1353/1091 1121/1354/1091 1188/1355/1091
f 1262/1353/1092 1120/1356/1092 1187/1351/1092
f 1130/1345/1093 1263/1357/1093 1174/1358/1093
f 1135/1350/1094 1263/1357/1094 1192/1344/1094
f 1174/1358/1095 1187/1359/1095 1120/1360/1095
f 1186/1361/1096 1180/1362/1096 1120/1356/1096
f 1136/1363/1097 1264/1364/1097 1186/1361/1097
f 1132/1365/1098 1264/1364/1098 1195/1366/1098
f 1120/1356/1099 1265/1367/1099 1186/1361/1099
f 1188/1355/1100 1181/1368/1100 1265/1367/1100
f 1265/1367/1101 1133/1369/1101 1194/1370/1101
f 1186/1361/1102 1194/1370/1102 1136/1363/1102
f 1194/1370/1103 1178/1371/1103 1136/1363/1103
f 1133/1369/1104 1266/1372/1104 1194/1370/1104
f 1182/1373/1105 1193/1374/1105 1266/1372/1105
f 1266/1372/1106 1116/1375/1106 1178/1371/1106
f 1132/1365/1107 1267/1376/1107 1179/1377/1107
f 1136/1363/1108 1267/1376/1108 1195/1366/1108
f 1179/1377/1109 1178/1378/1109 1116/1379/1109
f 1118/1380/1110 1268/1381/1110 1162/1382/1110
f 1169/1383/1111 1196/1384/1111 1268/1381/1111
f 1268/1381/1112 1137/1385/1112 1199/1386/1112
f 1162/1382/1113 1199/1386/1113 1124/1387/1113
f 1168/1388/1114 1196/1384/1114 1127/1389/1114
f 1122/1340/1115 1269/1390/1115 1168/1388/1115
f 1175/1342/1116 1197/1391/1116 1269/1390/1116
f 1269/1390/1117 1137/1385/1117 1196/1384/1117
f 1137/1385/1118 1270/1392/1118 1198/1393/1118
f 1197/1391/1119 1174/1358/1119 1270/1392/1119
f 1270/1392/1120 1120/1360/1120 1180/1394/1120
f 1198/1393/1121 1180/1394/1121 1132/1395/1121
f 1199/1386/1122 1163/1396/1122 1124/1387/1122
f 1137/1385/1123 1271/1397/1123 1199/1386/1123
f 1198/1393/1124 1179/1398/1124 1271/1397/1124
f 1271/1397/1125 1116/1399/1125 1163/1396/1125
f 1123/1346/1126 1272/1400/1126 1176/1348/1126
f 1171/1401/1127 1200/1402/1127 1272/1400/1127
f 1272/1400/1128 1138/1403/1128 1203/1404/1128
f 1176/1348/1129 1203/1404/1129 1131/1352/1129
f 1170/1405/1130 1200/1402/1130 1128/1406/1130
f 1119/1407/1131 1273/1408/1131 1170/1405/1131
f 1165/1409/1132 1201/1410/1132 1273/1408/1132
f 1273/1408/1133 1138/1403/1133 1200/1402/1133
f 1138/1403/1134 1274/1411/1134 1202/1412/1134
f 1201/1410/1135 1164/1413/1135 1274/1411/1135
f 1274/1411/1136 1117/1414/1136 1182/1415/1136
f 1202/1412/1137 1182/1415/1137 1133/1416/1137
f 1203/1404/1138 1177/1417/1138 1131/1352/1138
f 1138/1403/1139 1275/1418/1139 1203/1404/1139
f 1202/1412/1140 1181/1419/1140 1275/1418/1140
f 1275/1418/1141 1121/1354/1141 1177/1417/1141
f 1208/1420/1095 1236/1421/1095 1139/1422/1095
f 1147/1423/1093 1276/1424/1093 1208/1420/1093
f 1157/1425/1142 1276/1424/1142 1230/1426/1142
f 1139/1422/1143 1277/1427/1143 1238/1428/1143
f 1236/1421/1144 1228/1429/1144 1277/1427/1144
f 1277/1427/1145 1148/1430/1145 1209/1431/1145
f 1277/1427/1091 1140/1432/1091 1238/1428/1091
f 1157/1425/1146 1278/1433/1146 1228/1429/1146
f 1229/1434/1147 1211/1435/1147 1278/1433/1147
f 1278/1433/1148 1142/1436/1148 1210/1437/1148
f 1228/1429/1149 1210/1437/1149 1148/1430/1149
f 1207/1438/1084 1230/1426/1084 1147/1423/1084
f 1141/1439/1081 1279/1440/1081 1207/1438/1081
f 1212/1441/1082 1229/1434/1082 1279/1440/1082
f 1230/1426/1150 1229/1434/1150 1157/1425/1150
f 1214/1442/1080 1212/1441/1080 1141/1439/1080
f 1249/1443/1078 1214/1442/1078 1150/1444/1078
f 1149/1445/1079 1280/1446/1079 1249/1443/1079
f 1149/1445/1151 1281/1447/1151 1211/1435/1151
f 1249/1448/1152 1250/1449/1152 1281/1447/1152
f 1281/1447/1153 1151/1450/1153 1215/1451/1153
f 1211/1435/1154 1215/1451/1154 1142/1436/1154
f 1251/1452/1073 1250/1449/1073 1150/1453/1073
f 1152/1454/1070 1282/1455/1070 1251/1452/1070
f 1217/1456/1071 1216/1457/1071 1282/1455/1071
f 1282/1455/1072 1151/1450/1072 1250/1449/1072
f 1213/1458/1069 1251/1452/1069 1150/1453/1069
f 1218/1459/1067 1213/1458/1067 1145/1460/1067
f 1152/1454/1155 1283/1461/1155 1218/1459/1155
f 1145/1460/1156 1284/1462/1156 1218/1459/1156
f 1220/1463/1157 1237/1464/1157 1284/1462/1157
f 1237/1464/1064 1234/1465/1064 1284/1462/1064
f 1218/1459/1158 1234/1465/1158 1152/1454/1158
f 1234/1465/1062 1217/1456/1062 1152/1454/1062
f 1158/1466/1159 1285/1467/1159 1234/1465/1159
f 1235/1468/1160 1221/1469/1160 1285/1467/1160
f 1285/1467/1061 1146/1470/1061 1217/1456/1061
f 1232/1471/1058 1235/1468/1058 1158/1466/1058
f 1143/1472/1161 1286/1473/1161 1232/1471/1161
f 1286/1473/1162 1144/1474/1162 1222/1475/1162
f 1286/1473/1057 1154/1476/1057 1235/1468/1057
f 1153/1477/1054 1287/1478/1054 1237/1464/1054
f 1232/1479/1052 1219/1480/1052 1143/1481/1052
f 1158/1466/1053 1287/1478/1053 1232/1479/1053
f 1225/1482/1109 1231/1483/1109 1143/1472/1109
f 1155/1484/1107 1288/1485/1107 1225/1482/1107
f 1159/1486/1108 1288/1485/1108 1240/1487/1108
f 1143/1472/1163 1289/1488/1163 1233/1489/1163
f 1231/1483/1164 1239/1490/1164 1289/1488/1164
f 1289/1488/1165 1156/1491/1165 1226/1492/1165
f 1233/1489/1166 1226/1492/1166 1144/1474/1166
f 1223/1493/1102 1239/1490/1102 1159/1486/1102
f 1139/1494/1099 1290/1495/1099 1223/1493/1099
f 1238/1496/1100 1227/1497/1100 1290/1495/1100
f 1290/1495/1101 1156/1491/1101 1239/1490/1101
f 1155/1484/1098 1291/1498/1098 1240/1487/1098
f 1223/1499/1096 1224/1500/1096 1139/1501/1096
f 1159/1486/1097 1291/1498/1097 1223/1499/1097
f 1141/1502/1115 1292/1503/1115 1214/1504/1115
f 1207/1505/1116 1244/1506/1116 1292/1503/1116
f 1292/1503/1117 1160/1507/1117 1241/1508/1117
f 1214/1504/1114 1241/1508/1114 1150/1509/1114
f 1241/1508/1167 1213/1510/1167 1150/1509/1167
f 1160/1507/1168 1293/1511/1168 1241/1508/1168
f 1242/1512/1169 1220/1463/1169 1293/1511/1169
f 1293/1511/1170 1145/1460/1170 1213/1510/1170
f 1160/1507/1123 1294/1513/1123 1242/1512/1123
f 1243/1514/1124 1225/1515/1124 1294/1513/1124
f 1294/1513/1171 1143/1481/1171 1219/1480/1171
f 1242/1512/1122 1219/1480/1122 1153/1477/1122
f 1208/1516/1172 1244/1506/1172 1147/1517/1172
f 1139/1518/1173 1295/1519/1173 1208/1516/1173
f 1224/1520/1174 1243/1514/1174 1295/1519/1174
f 1295/1519/1175 1160/1507/1175 1244/1506/1175
f 1146/1470/1131 1296/1521/1131 1216/1522/1131
f 1221/1469/1132 1248/1523/1132 1296/1521/1132
f 1296/1521/1133 1161/1524/1133 1245/1525/1133
f 1216/1522/1130 1245/1525/1130 1151/1526/1130
f 1245/1525/1176 1215/1527/1176 1151/1526/1176
f 1161/1524/1177 1297/1528/1177 1245/1525/1177
f 1246/1529/1178 1210/1530/1178 1297/1528/1178
f 1297/1528/1179 1142/1531/1179 1215/1527/1179
f 1161/1524/1139 1298/1532/1139 1246/1529/1139
f 1247/1533/1140 1227/1534/1140 1298/1532/1140
f 1298/1532/1141 1140/1535/1141 1209/1536/1141
f 1246/1529/1138 1209/1536/1138 1148/1537/1138
f 1222/1475/1180 1248/1523/1180 1154/1476/1180
f 1144/1474/1181 1299/1538/1181 1222/1475/1181
f 1226/1539/1182 1247/1533/1182 1299/1538/1182
f 1299/1538/1183 1161/1524/1183 1248/1523/1183
f 1191/1300/1184 1252/1304/1184 1163/1301/1184
f 1134/1303/1185 1185/1306/1185 1252/1304/1185
f 1124/1305/1186 1163/1301/1186 1252/1304/1186
f 1116/1302/1187 1193/1309/1187 1253/1307/1187
f 1117/1308/1162 1164/1540/1162 1253/1307/1162
f 1253/1307/1188 1164/1540/1188 1125/1310/1188
f 1191/1300/1189 1253/1307/1189 1183/1311/1189
f 1134/1303/1190 1183/1311/1190 1254/1312/1190
f 1183/1311/1191 1125/1310/1191 1165/1314/1191
f 1254/1312/1192 1165/1314/1192 1119/1315/1192
f 1184/1313/1193 1254/1312/1193 1166/1316/1193
f 1185/1306/1157 1255/1319/1157 1162/1318/1157
f 1185/1306/1194 1134/1303/1194 1184/1313/1194
f 1184/1313/1158 1126/1317/1158 1167/1320/1158
f 1255/1319/1156 1167/1320/1156 1118/1321/1156
f 1167/1320/1195 1256/1323/1195 1169/1322/1195
f 1126/1317/1196 1204/1324/1196 1256/1323/1196
f 1169/1322/1197 1256/1323/1197 1204/1324/1197
f 1126/1317/1198 1166/1316/1198 1257/1326/1198
f 1166/1316/1199 1119/1315/1199 1170/1328/1199
f 1257/1326/1200 1170/1328/1200 1128/1329/1200
f 1204/1327/1201 1257/1326/1201 1205/1330/1201
f 1205/1330/1152 1258/1333/1152 1206/1332/1152
f 1128/1329/1153 1171/1334/1153 1258/1333/1153
f 1171/1334/1154 1123/1346/1154 1172/1335/1154
f 1258/1333/1151 1172/1335/1151 1129/1336/1151
f 1206/1332/1202 1259/1338/1202 1168/1337/1202
f 1129/1336/1203 1173/1339/1203 1259/1338/1203
f 1168/1337/1204 1259/1338/1204 1173/1339/1204
f 1122/1340/1205 1173/1339/1205 1260/1341/1205
f 1173/1339/1206 1129/1336/1206 1189/1343/1206
f 1189/1343/1150 1135/1350/1150 1192/1344/1150
f 1175/1342/1207 1260/1341/1207 1192/1344/1207
f 1172/1335/1147 1261/1347/1147 1189/1343/1147
f 1123/1346/1148 1176/1348/1148 1261/1347/1148
f 1176/1348/1149 1131/1352/1149 1190/1349/1149
f 1261/1347/1146 1190/1349/1146 1135/1350/1146
f 1190/1349/1144 1262/1353/1144 1187/1351/1144
f 1131/1352/1145 1177/1417/1145 1262/1353/1145
f 1262/1353/1208 1177/1417/1208 1121/1354/1208
f 1262/1353/1143 1188/1355/1143 1120/1356/1143
f 1130/1345/1209 1192/1344/1209 1263/1357/1209
f 1135/1350/1210 1187/1359/1210 1263/1357/1210
f 1174/1358/1211 1263/1357/1211 1187/1359/1211
f 1186/1361/1212 1264/1364/1212 1180/1362/1212
f 1136/1363/1213 1195/1366/1213 1264/1364/1213
f 1132/1365/1214 1180/1362/1214 1264/1364/1214
f 1120/1356/1215 1188/1355/1215 1265/1367/1215
f 1188/1355/1216 1121/1354/1216 1181/1368/1216
f 1265/1367/1217 1181/1368/1217 1133/1369/1217
f 1186/1361/1218 1265/1367/1218 1194/1370/1218
f 1194/1370/1164 1266/1372/1164 1178/1371/1164
f 1133/1369/1165 1182/1373/1165 1266/1372/1165
f 1182/1373/1166 1117/1541/1166 1193/1374/1166
f 1266/1372/1163 1193/1374/1163 1116/1375/1163
f 1132/1365/1219 1195/1366/1219 1267/1376/1219
f 1136/1363/1220 1178/1378/1220 1267/1376/1220
f 1179/1377/1221 1267/1376/1221 1178/1378/1221
f 1118/1380/1170 1169/1383/1170 1268/1381/1170
f 1169/1383/1167 1127/1389/1167 1196/1384/1167
f 1268/1381/1168 1196/1384/1168 1137/1385/1168
f 1162/1382/1169 1268/1381/1169 1199/1386/1169
f 1168/1388/1222 1269/1390/1222 1196/1384/1222
f 1122/1340/1223 1175/1342/1223 1269/1390/1223
f 1175/1342/1224 1130/1345/1224 1197/1391/1224
f 1269/1390/1225 1197/1391/1225 1137/1385/1225
f 1137/1385/1175 1197/1391/1175 1270/1392/1175
f 1197/1391/1172 1130/1345/1172 1174/1358/1172
f 1270/1392/1226 1174/1358/1226 1120/1360/1226
f 1198/1393/1174 1270/1392/1174 1180/1394/1174
f 1199/1386/1227 1271/1397/1227 1163/1396/1227
f 1137/1385/1228 1198/1393/1228 1271/1397/1228
f 1198/1393/1229 1132/1395/1229 1179/1398/1229
f 1271/1397/1230 1179/1398/1230 1116/1399/1230
f 1123/1346/1179 1171/1401/1179 1272/1400/1179
f 1171/1401/1176 1128/1406/1176 1200/1402/1176
f 1272/1400/1177 1200/1402/1177 1138/1403/1177
f 1176/1348/1178 1272/1400/1178 1203/1404/1178
f 1170/1405/1231 1273/1408/1231 1200/1402/1231
f 1119/1407/1232 1165/1409/1232 1273/1408/1232
f 1165/1409/1233 1125/1542/1233 1201/1410/1233
f 1273/1408/1234 1201/1410/1234 1138/1403/1234
f 1138/1403/1183 1201/1410/1183 1274/1411/1183
f 1201/1410/1180 1125/1542/1180 1164/1413/1180
f 1274/1411/1181 1164/1413/1181 1117/1414/1181
f 1202/1412/1182 1274/1411/1182 1182/1415/1182
f 1203/1404/1235 1275/1418/1235 1177/1417/1235
f 1138/1403/1236 1202/1412/1236 1275/1418/1236
f 1202/1412/1237 1133/1416/1237 1181/1419/1237
f 1275/1418/1238 1181/1419/1238 1121/1354/1238
f 1208/1420/1211 1276/1424/1211 1236/1421/1211
f 1147/1423/1209 1230/1426/1209 1276/1424/1209
f 1157/1425/1210 1236/1421/1210 1276/1424/1210
f 1139/1422/1239 1236/1421/1239 1277/1427/1239
f 1236/1421/1089 1157/1425/1089 1228/1429/1089
f 1277/1427/1090 1228/1429/1090 1148/1430/1090
f 1277/1427/1208 1209/1431/1208 1140/1432/1208
f 1157/1425/1240 1229/1434/1240 1278/1433/1240
f 1229/1434/1085 1149/1445/1085 1211/1435/1085
f 1278/1433/1086 1211/1435/1086 1142/1436/1086
f 1228/1429/1241 1278/1433/1241 1210/1437/1241
f 1207/1438/1207 1279/1440/1207 1230/1426/1207
f 1141/1439/1205 1212/1441/1205 1279/1440/1205
f 1212/1441/1206 1149/1445/1206 1229/1434/1206
f 1230/1426/1083 1279/1440/1083 1229/1434/1083
f 1214/1442/1204 1280/1446/1204 1212/1441/1204
f 1249/1443/1242 1280/1446/1242 1214/1442/1242
f 1149/1445/1243 1212/1441/1243 1280/1446/1243
f 1149/1445/1077 1249/1448/1077 1281/1447/1077
f 1249/1448/1074 1150/1453/1074 1250/1449/1074
f 1281/1447/1075 1250/1449/1075 1151/1450/1075
f 1211/1435/1076 1281/1447/1076 1215/1451/1076
f 1251/1452/1201 1282/1455/1201 1250/1449/1201
f 1152/1454/1198 1217/1456/1198 1282/1455/1198
f 1217/1456/1199 1146/1470/1199 1216/1457/1199
f 1282/1455/1200 1216/1457/1200 1151/1450/1200
f 1213/1458/1244 1283/1461/1244 1251/1452/1244
f 1218/1459/1195 1283/1461/1195 1213/1458/1195
f 1152/1454/1196 1251/1452/1196 1283/1461/1196
f 1145/1460/1066 1220/1463/1066 1284/1462/1066
f 1220/1463/1063 1153/1477/1063 1237/1464/1063
f 1237/1464/1194 1158/1466/1194 1234/1465/1194
f 1218/1459/1065 1284/1462/1065 1234/1465/1065
f 1234/1465/1193 1285/1467/1193 1217/1456/1193
f 1158/1466/1190 1235/1468/1190 1285/1467/1190
f 1235/1468/1191 1154/1476/1191 1221/1469/1191
f 1285/1467/1192 1221/1469/1192 1146/1470/1192
f 1232/1471/1189 1286/1473/1189 1235/1468/1189
f 1143/1472/1187 1233/1489/1187 1286/1473/1187
f 1286/1473/1056 1233/1489/1056 1144/1474/1056
f 1286/1473/1188 1222/1475/1188 1154/1476/1188
f 1153/1477/1186 1219/1480/1186 1287/1478/1186
f 1232/1479/1184 1287/1478/1184 1219/1480/1184
f 1158/1466/1245 1237/1464/1245 1287/1478/1245
f 1225/1482/1246 1288/1485/1246 1231/1483/1246
f 1155/1484/1219 1240/1487/1219 1288/1485/1219
f 1159/1486/1220 1231/1483/1220 1288/1485/1220
f 1143/1472/1106 1231/1483/1106 1289/1488/1106
f 1231/1483/1247 1159/1486/1247 1239/1490/1247
f 1289/1488/1104 1239/1490/1104 1156/1491/1104
f 1233/1489/1105 1289/1488/1105 1226/1492/1105
f 1223/1493/1218 1290/1495/1218 1239/1490/1218
f 1139/1494/1215 1238/1496/1215 1290/1495/1215
f 1238/1496/1216 1140/1543/1216 1227/1497/1216
f 1290/1495/1217 1227/1497/1217 1156/1491/1217
f 1155/1484/1214 1224/1500/1214 1291/1498/1214
f 1223/1499/1248 1291/1498/1248 1224/1500/1248
f 1159/1486/1213 1240/1487/1213 1291/1498/1213
f 1141/1502/1223 1207/1505/1223 1292/1503/1223
f 1207/1505/1224 1147/1517/1224 1244/1506/1224
f 1292/1503/1249 1244/1506/1249 1160/1507/1249
f 1214/1504/1222 1292/1503/1222 1241/1508/1222
f 1241/1508/1111 1293/1511/1111 1213/1510/1111
f 1160/1507/1112 1242/1512/1112 1293/1511/1112
f 1242/1512/1113 1153/1477/1113 1220/1463/1113
f 1293/1511/1110 1220/1463/1110 1145/1460/1110
f 1160/1507/1228 1243/1514/1228 1294/1513/1228
f 1243/1514/1229 1155/1544/1229 1225/1515/1229
f 1294/1513/1230 1225/1515/1230 1143/1481/1230
f 1242/1512/1227 1294/1513/1227 1219/1480/1227
f 1208/1516/1119 1295/1519/1119 1244/1506/1119
f 1139/1518/1120 1224/1520/1120 1295/1519/1120
f 1224/1520/1121 1155/1544/1121 1243/1514/1121
f 1295/1519/1118 1243/1514/1118 1160/1507/1118
f 1146/1470/1232 1221/1469/1232 1296/1521/1232
f 1221/1469/1233 1154/1476/1233 1248/1523/1233
f 1296/1521/1234 1248/1523/1234 1161/1524/1234
f 1216/1522/1231 1296/1521/1231 1245/1525/1231
f 1245/1525/1127 1297/1528/1127 1215/1527/1127
f 1161/1524/1128 1246/1529/1128 1297/1528/1128
f 1246/1529/1129 1148/1537/1129 1210/1530/1129
f 1297/1528/1126 1210/1530/1126 1142/1531/1126
f 1161/1524/1236 1247/1533/1236 1298/1532/1236
f 1247/1533/1237 1156/1545/1237 1227/1534/1237
f 1298/1532/1238 1227/1534/1238 1140/1535/1238
f 1246/1529/1235 1298/1532/1235 1209/1536/1235
f 1222/1475/1135 1299/1538/1135 1248/1523/1135
f 1144/1474/1250 1226/1539/1250 1299/1538/1250
f 1226/1539/1137 1156/1545/1137 1247/1533/1137
f 1299/1538/1134 1247/1533/1134 1161/1524/1134
