# Exported Deformed Terrain from Level Editor
o TerrainGround
v -32.0541 0.0000 -48.2389
v -30.0508 0.0000 -48.2389
v -28.0474 0.0000 -48.2389
v -26.0440 0.0000 -48.2389
v -24.0406 0.0000 -48.2389
v -22.0372 0.0000 -48.2389
v -20.0338 0.0000 -48.2389
v -18.0305 0.0000 -48.2389
v -16.0271 0.0000 -48.2389
v -14.0237 0.0000 -48.2389
v -12.0203 0.0000 -48.2389
v -10.0169 0.0000 -48.2389
v -8.0135 0.0000 -48.2389
v -6.0102 0.0000 -48.2389
v -4.0068 0.0000 -48.2389
v -2.0034 0.0000 -48.2389
v 0.0000 0.0000 -48.2389
v 2.0034 0.0000 -48.2389
v 4.0068 0.0000 -48.2389
v 6.0102 0.0000 -48.2389
v 8.0135 0.0000 -48.2389
v 10.0169 0.0000 -48.2389
v 12.0203 0.0000 -48.2389
v 14.0237 0.0000 -48.2389
v 16.0271 0.0000 -48.2389
v 18.0305 0.0000 -48.2389
v 20.0338 0.0000 -48.2389
v 22.0372 0.0000 -48.2389
v 24.0406 0.0000 -48.2389
v 26.0440 0.0000 -48.2389
v 28.0474 0.0000 -48.2389
v 30.0508 0.0000 -48.2389
v 32.0541 0.0000 -48.2389
v -32.0541 0.0000 -45.2240
v -30.0508 0.0000 -45.2240
v -28.0474 0.0000 -45.2240
v -26.0440 0.0000 -45.2240
v -24.0406 0.0000 -45.2240
v -22.0372 0.0000 -45.2240
v -20.0338 0.0000 -45.2240
v -18.0305 0.0000 -45.2240
v -16.0271 0.0000 -45.2240
v -14.0237 0.0000 -45.2240
v -12.0203 0.0000 -45.2240
v -10.0169 0.0000 -45.2240
v -8.0135 0.0000 -45.2240
v -6.0102 0.0000 -45.2240
v -4.0068 0.0000 -45.2240
v -2.0034 0.0000 -45.2240
v 0.0000 0.0000 -45.2240
v 2.0034 0.0000 -45.2240
v 4.0068 0.0000 -45.2240
v 6.0102 0.0000 -45.2240
v 8.0135 0.0000 -45.2240
v 10.0169 0.0000 -45.2240
v 12.0203 0.0000 -45.2240
v 14.0237 0.0000 -45.2240
v 16.0271 0.0000 -45.2240
v 18.0305 0.0000 -45.2240
v 20.0338 0.0000 -45.2240
v 22.0372 0.0000 -45.2240
v 24.0406 0.0000 -45.2240
v 26.0440 0.0000 -45.2240
v 28.0474 0.0000 -45.2240
v 30.0508 0.0000 -45.2240
v 32.0541 0.0000 -45.2240
v -32.0541 0.0000 -42.2091
v -30.0508 0.0000 -42.2091
v -28.0474 0.0000 -42.2091
v -26.0440 0.0000 -42.2091
v -24.0406 0.0000 -42.2091
v -22.0372 0.0000 -42.2091
v -20.0338 0.0000 -42.2091
v -18.0305 0.0000 -42.2091
v -16.0271 0.0000 -42.2091
v -14.0237 0.0000 -42.2091
v -12.0203 0.0000 -42.2091
v -10.0169 0.0000 -42.2091
v -8.0135 0.0000 -42.2091
v -6.0102 0.0000 -42.2091
v -4.0068 0.0000 -42.2091
v -2.0034 0.0000 -42.2091
v 0.0000 0.0000 -42.2091
v 2.0034 0.0000 -42.2091
v 4.0068 0.0000 -42.2091
v 6.0102 0.0000 -42.2091
v 8.0135 0.0000 -42.2091
v 10.0169 0.0549 -42.2091
v 12.0203 0.4056 -42.2091
v 14.0237 0.5314 -42.2091
v 16.0271 0.4670 -42.2091
v 18.0305 0.3171 -42.2091
v 20.0338 0.1177 -42.2091
v 22.0372 0.0000 -42.2091
v 24.0406 0.0000 -42.2091
v 26.0440 0.0000 -42.2091
v 28.0474 0.0000 -42.2091
v 30.0508 0.0000 -42.2091
v 32.0541 0.0000 -42.2091
v -32.0541 0.0000 -39.1941
v -30.0508 0.0000 -39.1941
v -28.0474 0.0000 -39.1941
v -26.0440 0.0000 -39.1941
v -24.0406 0.0000 -39.1941
v -22.0372 0.0000 -39.1941
v -20.0338 0.0000 -39.1941
v -18.0305 0.0000 -39.1941
v -16.0271 0.0000 -39.1941
v -14.0237 0.0000 -39.1941
v -12.0203 0.0000 -39.1941
v -10.0169 0.0000 -39.1941
v -8.0135 0.0000 -39.1941
v -6.0102 0.0000 -39.1941
v -4.0068 0.0000 -39.1941
v -2.0034 0.0000 -39.1941
v 0.0000 0.0000 -39.1941
v 2.0034 0.0000 -39.1941
v 4.0068 0.0000 -39.1941
v 6.0102 0.0000 -39.1941
v 8.0135 0.2906 -39.1941
v 10.0169 0.9713 -39.1941
v 12.0203 0.9256 -39.1941
v 14.0237 0.7535 -39.1941
v 16.0271 0.6065 -39.1941
v 18.0305 0.5318 -39.1941
v 20.0338 0.5033 -39.1941
v 22.0372 0.4476 -39.1941
v 24.0406 0.1094 -39.1941
v 26.0440 0.0000 -39.1941
v 28.0474 0.0000 -39.1941
v 30.0508 0.0000 -39.1941
v 32.0541 0.0000 -39.1941
v -32.0541 0.0000 -36.1792
v -30.0508 0.0000 -36.1792
v -28.0474 0.0000 -36.1792
v -26.0440 0.0000 -36.1792
v -24.0406 0.0000 -36.1792
v -22.0372 0.0000 -36.1792
v -20.0338 0.0000 -36.1792
v -18.0305 0.0000 -36.1792
v -16.0271 0.0000 -36.1792
v -14.0237 0.0000 -36.1792
v -12.0203 0.0000 -36.1792
v -10.0169 0.0000 -36.1792
v -8.0135 0.0000 -36.1792
v -6.0102 0.0000 -36.1792
v -4.0068 0.0000 -36.1792
v -2.0034 0.0000 -36.1792
v 0.0000 0.0000 -36.1792
v 2.0034 0.0000 -36.1792
v 4.0068 0.0000 -36.1792
v 6.0102 0.0091 -36.1792
v 8.0135 1.1064 -36.1792
v 10.0169 1.3551 -36.1792
v 12.0203 1.2514 -36.1792
v 14.0237 1.0344 -36.1792
v 16.0271 0.5669 -36.1792
v 18.0305 0.5077 -36.1792
v 20.0338 0.3465 -36.1792
v 22.0372 0.2246 -36.1792
v 24.0406 0.1520 -36.1792
v 26.0440 0.0000 -36.1792
v 28.0474 0.0000 -36.1792
v 30.0508 0.0000 -36.1792
v 32.0541 0.0000 -36.1792
v -32.0541 0.0000 -33.1643
v -30.0508 0.0000 -33.1643
v -28.0474 0.0000 -33.1643
v -26.0440 0.0000 -33.1643
v -24.0406 0.0000 -33.1643
v -22.0372 0.0000 -33.1643
v -20.0338 0.0000 -33.1643
v -18.0305 0.0000 -33.1643
v -16.0271 0.0000 -33.1643
v -14.0237 0.0000 -33.1643
v -12.0203 0.0000 -33.1643
v -10.0169 0.0000 -33.1643
v -8.0135 0.0000 -33.1643
v -6.0102 0.0000 -33.1643
v -4.0068 0.0000 -33.1643
v -2.0034 0.0000 -33.1643
v 0.0000 0.0000 -33.1643
v 2.0034 0.0000 -33.1643
v 4.0068 0.0000 -33.1643
v 6.0102 0.2245 -33.1643
v 8.0135 1.6640 -33.1643
v 10.0169 1.7736 -33.1643
v 12.0203 1.7376 -33.1643
v 14.0237 1.6878 -33.1643
v 16.0271 -0.0699 -33.1643
v 18.0305 -0.5043 -33.1643
v 20.0338 -0.6418 -33.1643
v 22.0372 -0.7654 -33.1643
v 24.0406 -0.5079 -33.1643
v 26.0440 -0.0237 -33.1643
v 28.0474 0.0000 -33.1643
v 30.0508 0.0000 -33.1643
v 32.0541 0.0000 -33.1643
v -32.0541 0.0000 -30.1493
v -30.0508 0.0000 -30.1493
v -28.0474 0.0000 -30.1493
v -26.0440 0.0000 -30.1493
v -24.0406 0.0000 -30.1493
v -22.0372 0.0000 -30.1493
v -20.0338 0.0000 -30.1493
v -18.0305 0.0000 -30.1493
v -16.0271 0.0000 -30.1493
v -14.0237 0.0000 -30.1493
v -12.0203 0.0000 -30.1493
v -10.0169 0.0000 -30.1493
v -8.0135 0.0000 -30.1493
v -6.0102 0.0000 -30.1493
v -4.0068 0.0000 -30.1493
v -2.0034 0.0000 -30.1493
v 0.0000 0.0000 -30.1493
v 2.0034 0.0000 -30.1493
v 4.0068 0.0000 -30.1493
v 6.0102 0.4219 -30.1493
v 8.0135 2.1029 -30.1493
v 10.0169 2.2027 -30.1493
v 12.0203 2.1955 -30.1493
v 14.0237 2.1640 -30.1493
v 16.0271 0.8420 -30.1493
v 18.0305 -1.3072 -30.1493
v 20.0338 -1.6301 -30.1493
v 22.0372 -1.7537 -30.1493
v 24.0406 -1.5384 -30.1493
v 26.0440 -0.2876 -30.1493
v 28.0474 0.0000 -30.1493
v 30.0508 0.0000 -30.1493
v 32.0541 0.0000 -30.1493
v -32.0541 0.0000 -27.1344
v -30.0508 0.0000 -27.1344
v -28.0474 0.0000 -27.1344
v -26.0440 0.0000 -27.1344
v -24.0406 0.0000 -27.1344
v -22.0372 0.0000 -27.1344
v -20.0338 0.0000 -27.1344
v -18.0305 0.0000 -27.1344
v -16.0271 0.0000 -27.1344
v -14.0237 0.0000 -27.1344
v -12.0203 0.0000 -27.1344
v -10.0169 0.0000 -27.1344
v -8.0135 0.0000 -27.1344
v -6.0102 0.0000 -27.1344
v -4.0068 0.0000 -27.1344
v -2.0034 0.0000 -27.1344
v 0.0000 0.0000 -27.1344
v 2.0034 0.0000 -27.1344
v 4.0068 0.0000 -27.1344
v 6.0102 0.5079 -27.1344
v 8.0135 2.4922 -27.1344
v 10.0169 2.6187 -27.1344
v 12.0203 2.6221 -27.1344
v 14.0237 2.5964 -27.1344
v 16.0271 1.0005 -27.1344
v 18.0305 -1.7677 -27.1344
v 20.0338 -2.6184 -27.1344
v 22.0372 -2.7420 -27.1344
v 24.0406 -2.7473 -27.1344
v 26.0440 -0.9947 -27.1344
v 28.0474 0.0000 -27.1344
v 30.0508 0.0000 -27.1344
v 32.0541 0.0000 -27.1344
v -32.0541 0.0000 -24.1195
v -30.0508 0.0000 -24.1195
v -28.0474 0.0000 -24.1195
v -26.0440 0.0000 -24.1195
v -24.0406 0.0000 -24.1195
v -22.0372 0.0000 -24.1195
v -20.0338 0.0000 -24.1195
v -18.0305 0.0000 -24.1195
v -16.0271 0.0000 -24.1195
v -14.0237 0.0000 -24.1195
v -12.0203 0.0000 -24.1195
v -10.0169 0.0000 -24.1195
v -8.0135 0.0000 -24.1195
v -6.0102 0.0000 -24.1195
v -4.0068 0.0000 -24.1195
v -2.0034 0.0000 -24.1195
v 0.0000 0.0000 -24.1195
v 2.0034 0.0000 -24.1195
v 4.0068 0.0000 -24.1195
v 6.0102 0.5134 -24.1195
v 8.0135 2.8496 -24.1195
v 10.0169 3.0226 -24.1195
v 12.0203 3.0285 -24.1195
v 14.0237 3.0087 -24.1195
v 16.0271 1.2452 -24.1195
v 18.0305 -1.8004 -24.1195
v 20.0338 -3.6068 -24.1195
v 22.0372 -3.7303 -24.1195
v 24.0406 -3.7835 -24.1195
v 26.0440 -2.2247 -24.1195
v 28.0474 -0.0421 -24.1195
v 30.0508 0.0000 -24.1195
v 32.0541 0.0000 -24.1195
v -32.0541 0.0000 -21.1045
v -30.0508 0.0000 -21.1045
v -28.0474 0.0000 -21.1045
v -26.0440 0.0000 -21.1045
v -24.0406 0.0000 -21.1045
v -22.0372 0.0000 -21.1045
v -20.0338 0.0000 -21.1045
v -18.0305 0.0000 -21.1045
v -16.0271 0.0000 -21.1045
v -14.0237 0.0000 -21.1045
v -12.0203 0.0000 -21.1045
v -10.0169 0.0000 -21.1045
v -8.0135 0.0000 -21.1045
v -6.0102 0.0000 -21.1045
v -4.0068 0.0000 -21.1045
v -2.0034 0.0000 -21.1045
v 0.0000 0.0000 -21.1045
v 2.0034 0.0000 -21.1045
v 4.0068 0.0000 -21.1045
v 6.0102 0.5034 -21.1045
v 8.0135 3.1944 -21.1045
v 10.0169 3.4182 -21.1045
v 12.0203 3.4212 -21.1045
v 14.0237 3.4027 -21.1045
v 16.0271 1.4980 -21.1045
v 18.0305 -1.0707 -21.1045
v 20.0338 -3.1150 -21.1045
v 22.0372 -3.2197 -21.1045
v 24.0406 -3.1997 -21.1045
v 26.0440 -2.1608 -21.1045
v 28.0474 -0.1240 -21.1045
v 30.0508 0.0000 -21.1045
v 32.0541 0.0000 -21.1045
v -32.0541 0.0000 -18.0896
v -30.0508 0.0000 -18.0896
v -28.0474 0.0000 -18.0896
v -26.0440 0.0000 -18.0896
v -24.0406 0.0000 -18.0896
v -22.0372 0.0000 -18.0896
v -20.0338 0.0000 -18.0896
v -18.0305 0.0000 -18.0896
v -16.0271 0.0000 -18.0896
v -14.0237 0.0000 -18.0896
v -12.0203 0.0000 -18.0896
v -10.0169 0.0000 -18.0896
v -8.0135 0.0000 -18.0896
v -6.0102 0.0000 -18.0896
v -4.0068 0.0000 -18.0896
v -2.0034 0.0000 -18.0896
v 0.0000 0.0000 -18.0896
v 2.0034 0.0000 -18.0896
v 4.0068 0.0000 -18.0896
v 6.0102 0.5630 -18.0896
v 8.0135 3.5654 -18.0896
v 10.0169 3.8077 -18.0896
v 12.0203 3.8039 -18.0896
v 14.0237 3.7762 -18.0896
v 16.0271 1.6602 -18.0896
v 18.0305 -0.7394 -18.0896
v 20.0338 -2.4309 -18.0896
v 22.0372 -2.5704 -18.0896
v 24.0406 -2.5593 -18.0896
v 26.0440 -1.8123 -18.0896
v 28.0474 -0.1429 -18.0896
v 30.0508 0.0000 -18.0896
v 32.0541 0.0000 -18.0896
v -32.0541 0.0000 -15.0747
v -30.0508 0.0000 -15.0747
v -28.0474 0.0000 -15.0747
v -26.0440 0.0000 -15.0747
v -24.0406 0.0000 -15.0747
v -22.0372 0.0000 -15.0747
v -20.0338 0.0000 -15.0747
v -18.0305 0.0000 -15.0747
v -16.0271 0.0000 -15.0747
v -14.0237 0.0000 -15.0747
v -12.0203 0.0000 -15.0747
v -10.0169 0.0000 -15.0747
v -8.0135 0.0000 -15.0747
v -6.0102 0.0000 -15.0747
v -4.0068 0.0000 -15.0747
v -2.0034 0.0000 -15.0747
v 0.0000 0.0000 -15.0747
v 2.0034 0.0000 -15.0747
v 4.0068 0.0000 -15.0747
v 6.0102 0.8338 -15.0747
v 8.0135 4.0124 -15.0747
v 10.0169 4.1925 -15.0747
v 12.0203 4.1772 -15.0747
v 14.0237 4.1180 -15.0747
v 16.0271 1.6043 -15.0747
v 18.0305 -0.5113 -15.0747
v 20.0338 -1.7968 -15.0747
v 22.0372 -1.9263 -15.0747
v 24.0406 -1.9189 -15.0747
v 26.0440 -1.4002 -15.0747
v 28.0474 -0.1303 -15.0747
v 30.0508 0.0000 -15.0747
v 32.0541 0.0000 -15.0747
v -32.0541 0.0000 -12.0597
v -30.0508 0.0000 -12.0597
v -28.0474 0.0000 -12.0597
v -26.0440 0.0000 -12.0597
v -24.0406 0.0000 -12.0597
v -22.0372 0.0000 -12.0597
v -20.0338 0.0000 -12.0597
v -18.0305 0.0000 -12.0597
v -16.0271 0.0000 -12.0597
v -14.0237 0.0000 -12.0597
v -12.0203 0.0000 -12.0597
v -10.0169 0.0000 -12.0597
v -8.0135 0.0000 -12.0597
v -6.0102 0.0000 -12.0597
v -4.0068 0.0000 -12.0597
v -2.0034 0.0000 -12.0597
v 0.0000 0.0000 -12.0597
v 2.0034 0.0000 -12.0597
v 4.0068 0.0000 -12.0597
v 6.0102 1.6333 -12.0597
v 8.0135 4.5329 -12.0597
v 10.0169 4.5705 -12.0597
v 12.0203 4.5378 -12.0597
v 14.0237 4.3695 -12.0597
v 16.0271 1.1756 -12.0597
v 18.0305 -0.3215 -12.0597
v 20.0338 -1.1863 -12.0597
v 22.0372 -1.2846 -12.0597
v 24.0406 -1.2789 -12.0597
v 26.0440 -0.9521 -12.0597
v 28.0474 -0.0987 -12.0597
v 30.0508 0.0000 -12.0597
v 32.0541 0.0000 -12.0597
v -32.0541 0.0000 -9.0448
v -30.0508 0.0000 -9.0448
v -28.0474 0.0000 -9.0448
v -26.0440 0.0000 -9.0448
v -24.0406 0.0000 -9.0448
v -22.0372 0.0000 -9.0448
v -20.0338 0.0000 -9.0448
v -18.0305 0.0000 -9.0448
v -16.0271 0.0000 -9.0448
v -14.0237 0.0000 -9.0448
v -12.0203 0.0000 -9.0448
v -10.0169 0.0000 -9.0448
v -8.0135 0.0000 -9.0448
v -6.0102 0.0000 -9.0448
v -4.0068 0.0000 -9.0448
v -2.0034 0.0000 -9.0448
v 0.0000 0.0000 -9.0448
v 2.0034 0.0000 -9.0448
v 4.0068 0.0000 -9.0448
v 6.0102 3.4445 -9.0448
v 8.0135 4.9959 -9.0448
v 10.0169 4.9318 -9.0448
v 12.0203 4.8767 -9.0448
v 14.0237 4.2718 -9.0448
v 16.0271 0.3623 -9.0448
v 18.0305 -0.1543 -9.0448
v 20.0338 -0.5913 -9.0448
v 22.0372 -0.6441 -9.0448
v 24.0406 -0.6394 -9.0448
v 26.0440 -0.4821 -9.0448
v 28.0474 -0.0540 -9.0448
v 30.0508 0.0000 -9.0448
v 32.0541 0.0000 -9.0448
v -32.0541 0.0000 -6.0299
v -30.0508 0.0000 -6.0299
v -28.0474 0.0000 -6.0299
v -26.0440 0.0000 -6.0299
v -24.0406 0.0000 -6.0299
v -22.0372 0.0000 -6.0299
v -20.0338 0.0000 -6.0299
v -18.0305 0.0000 -6.0299
v -16.0271 0.0000 -6.0299
v -14.0237 0.0000 -6.0299
v -12.0203 0.0000 -6.0299
v -10.0169 0.0000 -6.0299
v -8.0135 0.0000 -6.0299
v -6.0102 0.0000 -6.0299
v -4.0068 0.0032 -6.0299
v -2.0034 0.0096 -6.0299
v 0.0000 0.0152 -6.0299
v 2.0034 0.4005 -6.0299
v 4.0068 3.1265 -6.0299
v 6.0102 5.3843 -6.0299
v 8.0135 5.3484 -6.0299
v 10.0169 5.2526 -6.0299
v 12.0203 5.1676 -6.0299
v 14.0237 3.0206 -6.0299
v 16.0271 0.0000 -6.0299
v 18.0305 -0.0029 -6.0299
v 20.0338 -0.0078 -6.0299
v 22.0372 -0.0043 -6.0299
v 24.0406 0.0001 -6.0299
v 26.0440 0.0034 -6.0299
v 28.0474 0.0008 -6.0299
v 30.0508 0.0000 -6.0299
v 32.0541 0.0000 -6.0299
v -32.0541 0.0000 -3.0149
v -30.0508 0.0000 -3.0149
v -28.0474 0.0000 -3.0149
v -26.0440 0.0000 -3.0149
v -24.0406 0.0000 -3.0149
v -22.0372 0.0096 -3.0149
v -20.0338 1.1569 -3.0149
v -18.0305 2.7570 -3.0149
v -16.0271 3.9549 -3.0149
v -14.0237 4.7190 -3.0149
v -12.0203 5.1867 -3.0149
v -10.0169 5.4752 -3.0149
v -8.0135 5.6563 -3.0149
v -6.0102 5.7693 -3.0149
v -4.0068 5.8362 -3.0149
v -2.0034 5.8693 -3.0149
v 0.0000 5.8788 -3.0149
v 2.0034 5.9136 -3.0149
v 4.0068 5.8484 -3.0149
v 6.0102 5.7199 -3.0149
v 8.0135 5.6003 -3.0149
v 10.0169 5.4976 -3.0149
v 12.0203 4.4305 -3.0149
v 14.0237 0.3560 -3.0149
v 16.0271 0.0000 -3.0149
v 18.0305 0.1353 -3.0149
v 20.0338 0.5657 -3.0149
v 22.0372 0.6353 -3.0149
v 24.0406 0.6397 -3.0149
v 26.0440 0.5024 -3.0149
v 28.0474 0.0649 -3.0149
v 30.0508 0.0000 -3.0149
v 32.0541 0.0000 -3.0149
v -32.0541 0.0000 0.0000
v -30.0508 0.0000 0.0000
v -28.0474 0.0000 0.0000
v -26.0440 0.0000 0.0000
v -24.0406 1.8705 0.0000
v -22.0372 3.9890 0.0000
v -20.0338 4.6105 0.0000
v -18.0305 4.9462 0.0000
v -16.0271 5.2301 0.0000
v -14.0237 5.4535 0.0000
v -12.0203 5.6251 0.0000
v -10.0169 5.7538 0.0000
v -8.0135 5.8478 0.0000
v -6.0102 5.9133 0.0000
v -4.0068 5.9551 0.0000
v -2.0034 5.9767 0.0000
v 0.0000 5.9807 0.0000
v 2.0034 5.9590 0.0000
v 4.0068 5.9061 0.0000
v 6.0102 5.8283 0.0000
v 8.0135 5.6982 0.0000
v 10.0169 4.1238 0.0000
v 12.0203 0.4084 0.0000
v 14.0237 0.0000 0.0000
v 16.0271 0.0000 0.0000
v 18.0305 0.2601 0.0000
v 20.0338 1.1285 0.0000
v 22.0372 1.2749 0.0000
v 24.0406 1.2799 0.0000
v 26.0440 1.0155 0.0000
v 28.0474 0.1395 0.0000
v 30.0508 0.0000 0.0000
v 32.0541 0.0000 0.0000
v -32.0541 0.0000 3.0149
v -30.0508 0.0000 3.0149
v -28.0474 0.0000 3.0149
v -26.0440 1.5608 3.0149
v -24.0406 3.4738 3.0149
v -22.0372 3.7908 3.0149
v -20.0338 4.2443 3.0149
v -18.0305 4.7411 3.0149
v -16.0271 5.1275 3.0149
v -14.0237 5.3981 3.0149
v -12.0203 5.5794 3.0149
v -10.0169 5.6821 3.0149
v -8.0135 5.7334 3.0149
v -6.0102 5.7549 3.0149
v -4.0068 5.7623 3.0149
v -2.0034 5.7644 3.0149
v 0.0000 5.7603 3.0149
v 2.0034 5.6166 3.0149
v 4.0068 5.0704 3.0149
v 6.0102 3.5913 3.0149
v 8.0135 1.0692 3.0149
v 10.0169 0.0000 3.0149
v 12.0203 0.0000 3.0149
v 14.0237 0.0000 3.0149
v 16.0271 0.0000 3.0149
v 18.0305 0.3682 3.0149
v 20.0338 1.6773 3.0149
v 22.0372 1.9148 3.0149
v 24.0406 1.9211 3.0149
v 26.0440 1.5468 3.0149
v 28.0474 0.2281 3.0149
v 30.0508 0.0000 3.0149
v 32.0541 0.0000 3.0149
v -32.0541 0.0000 6.0299
v -30.0508 0.0000 6.0299
v -28.0474 0.0000 6.0299
v -26.0440 2.0367 6.0299
v -24.0406 2.7400 6.0299
v -22.0372 2.7920 6.0299
v -20.0338 2.9010 6.0299
v -18.0305 3.2031 6.0299
v -16.0271 1.9994 6.0299
v -14.0237 0.9370 6.0299
v -12.0203 0.3546 6.0299
v -10.0169 0.0947 6.0299
v -8.0135 0.0093 6.0299
v -6.0102 0.0000 6.0299
v -4.0068 0.0000 6.0299
v -2.0034 0.0000 6.0299
v 0.0000 0.0000 6.0299
v 2.0034 0.0000 6.0299
v 4.0068 0.0000 6.0299
v 6.0102 0.0000 6.0299
v 8.0135 0.0000 6.0299
v 10.0169 0.0000 6.0299
v 12.0203 0.0000 6.0299
v 14.0237 0.0000 6.0299
v 16.0271 0.0000 6.0299
v 18.0305 0.4525 6.0299
v 20.0338 2.2044 6.0299
v 22.0372 2.5555 6.0299
v 24.0406 2.5642 6.0299
v 26.0440 2.1052 6.0299
v 28.0474 0.3393 6.0299
v 30.0508 0.0000 6.0299
v 32.0541 0.0000 6.0299
v -32.0541 0.0000 9.0448
v -30.0508 0.0000 9.0448
v -28.0474 0.0000 9.0448
v -26.0440 1.3233 9.0448
v -24.0406 1.9067 9.0448
v -22.0372 1.8006 9.0448
v -20.0338 1.6830 9.0448
v -18.0305 1.3516 9.0448
v -16.0271 0.0868 9.0448
v -14.0237 0.0000 9.0448
v -12.0203 0.0000 9.0448
v -10.0169 0.0000 9.0448
v -8.0135 0.0000 9.0448
v -6.0102 0.0000 9.0448
v -4.0068 0.0000 9.0448
v -2.0034 0.0000 9.0448
v 0.0000 0.0000 9.0448
v 2.0034 0.0000 9.0448
v 4.0068 0.0000 9.0448
v 6.0102 0.0000 9.0448
v 8.0135 0.0000 9.0448
v 10.0169 0.0000 9.0448
v 12.0203 0.0000 9.0448
v 14.0237 0.0000 9.0448
v 16.0271 0.0000 9.0448
v 18.0305 0.4341 9.0448
v 20.0338 2.4744 9.0448
v 22.0372 3.0243 9.0448
v 24.0406 3.0243 9.0448
v 26.0440 2.4166 9.0448
v 28.0474 0.3821 9.0448
v 30.0508 0.0000 9.0448
v 32.0541 0.0000 9.0448
v -32.0541 0.0000 12.0597
v -30.0508 0.0000 12.0597
v -28.0474 0.0000 12.0597
v -26.0440 0.4644 12.0597
v -24.0406 1.1956 12.0597
v -22.0372 1.1214 12.0597
v -20.0338 1.0338 12.0597
v -18.0305 0.9411 12.0597
v -16.0271 0.3166 12.0597
v -14.0237 0.0000 12.0597
v -12.0203 0.0000 12.0597
v -10.0169 0.0000 12.0597
v -8.0135 0.0000 12.0597
v -6.0102 0.0000 12.0597
v -4.0068 0.0000 12.0597
v -2.0034 0.0000 12.0597
v 0.0000 0.0000 12.0597
v 2.0034 0.0000 12.0597
v 4.0068 0.0000 12.0597
v 6.0102 0.0000 12.0597
v 8.0135 0.0000 12.0597
v 10.0169 0.0000 12.0597
v 12.0203 0.0000 12.0597
v 14.0237 0.0000 12.0597
v 16.0271 0.0000 12.0597
v 18.0305 0.0000 12.0597
v 20.0338 0.5906 12.0597
v 22.0372 1.5420 12.0597
v 24.0406 1.5233 12.0597
v 26.0440 0.5539 12.0597
v 28.0474 0.0000 12.0597
v 30.0508 0.0000 12.0597
v 32.0541 0.0000 12.0597
v -32.0541 0.0000 15.0747
v -30.0508 0.0000 15.0747
v -28.0474 0.0000 15.0747
v -26.0440 0.0497 15.0747
v -24.0406 0.6319 15.0747
v -22.0372 0.6783 15.0747
v -20.0338 0.6451 15.0747
v -18.0305 0.6191 15.0747
v -16.0271 0.3734 15.0747
v -14.0237 0.0000 15.0747
v -12.0203 0.0000 15.0747
v -10.0169 0.0000 15.0747
v -8.0135 0.0000 15.0747
v -6.0102 0.0000 15.0747
v -4.0068 0.0000 15.0747
v -2.0034 0.0000 15.0747
v 0.0000 0.0000 15.0747
v 2.0034 0.0000 15.0747
v 4.0068 0.0000 15.0747
v 6.0102 0.0000 15.0747
v 8.0135 0.0000 15.0747
v 10.0169 0.0000 15.0747
v 12.0203 0.0000 15.0747
v 14.0237 0.0000 15.0747
v 16.0271 0.0000 15.0747
v 18.0305 0.0000 15.0747
v 20.0338 0.0000 15.0747
v 22.0372 0.0000 15.0747
v 24.0406 0.0000 15.0747
v 26.0440 0.0000 15.0747
v 28.0474 0.0000 15.0747
v 30.0508 0.0000 15.0747
v 32.0541 0.0000 15.0747
v -32.0541 0.0000 18.0896
v -30.0508 0.0000 18.0896
v -28.0474 0.0000 18.0896
v -26.0440 0.0008 18.0896
v -24.0406 0.3882 18.0896
v -22.0372 0.5005 18.0896
v -20.0338 0.5004 18.0896
v -18.0305 0.5004 18.0896
v -16.0271 0.3593 18.0896
v -14.0237 0.0000 18.0896
v -12.0203 0.0000 18.0896
v -10.0169 0.0000 18.0896
v -8.0135 0.0000 18.0896
v -6.0102 0.0000 18.0896
v -4.0068 0.0000 18.0896
v -2.0034 0.0000 18.0896
v 0.0000 0.0000 18.0896
v 2.0034 0.0000 18.0896
v 4.0068 0.0000 18.0896
v 6.0102 0.0000 18.0896
v 8.0135 0.0000 18.0896
v 10.0169 0.0000 18.0896
v 12.0203 0.0000 18.0896
v 14.0237 0.0000 18.0896
v 16.0271 0.0000 18.0896
v 18.0305 0.0000 18.0896
v 20.0338 0.0000 18.0896
v 22.0372 0.0000 18.0896
v 24.0406 0.0000 18.0896
v 26.0440 0.0000 18.0896
v 28.0474 0.0000 18.0896
v 30.0508 0.0000 18.0896
v 32.0541 0.0000 18.0896
v -32.0541 0.0000 21.1045
v -30.0508 0.0000 21.1045
v -28.0474 0.0000 21.1045
v -26.0440 0.0000 21.1045
v -24.0406 0.3553 21.1045
v -22.0372 0.5000 21.1045
v -20.0338 0.5000 21.1045
v -18.0305 0.5000 21.1045
v -16.0271 0.4050 21.1045
v -14.0237 0.0075 21.1045
v -12.0203 0.0000 21.1045
v -10.0169 0.0000 21.1045
v -8.0135 0.0000 21.1045
v -6.0102 0.0000 21.1045
v -4.0068 0.0000 21.1045
v -2.0034 0.0000 21.1045
v 0.0000 0.0000 21.1045
v 2.0034 0.0000 21.1045
v 4.0068 0.0000 21.1045
v 6.0102 0.0000 21.1045
v 8.0135 0.0000 21.1045
v 10.0169 0.0000 21.1045
v 12.0203 0.0000 21.1045
v 14.0237 0.0000 21.1045
v 16.0271 0.0000 21.1045
v 18.0305 0.0000 21.1045
v 20.0338 0.0000 21.1045
v 22.0372 0.0000 21.1045
v 24.0406 0.0000 21.1045
v 26.0440 0.0000 21.1045
v 28.0474 0.0000 21.1045
v 30.0508 0.0000 21.1045
v 32.0541 0.0000 21.1045
v -32.0541 0.0000 24.1195
v -30.0508 0.0000 24.1195
v -28.0474 0.0000 24.1195
v -26.0440 0.0000 24.1195
v -24.0406 0.2323 24.1195
v -22.0372 0.4967 24.1195
v -20.0338 0.5000 24.1195
v -18.0305 0.5000 24.1195
v -16.0271 0.4862 24.1195
v -14.0237 0.1686 24.1195
v -12.0203 0.0000 24.1195
v -10.0169 0.0000 24.1195
v -8.0135 0.0000 24.1195
v -6.0102 0.0000 24.1195
v -4.0068 0.0000 24.1195
v -2.0034 0.0000 24.1195
v 0.0000 0.0000 24.1195
v 2.0034 0.0000 24.1195
v 4.0068 0.0000 24.1195
v 6.0102 0.0000 24.1195
v 8.0135 0.0000 24.1195
v 10.0169 0.0000 24.1195
v 12.0203 0.0000 24.1195
v 14.0237 0.0000 24.1195
v 16.0271 0.0000 24.1195
v 18.0305 0.0000 24.1195
v 20.0338 0.0000 24.1195
v 22.0372 0.0000 24.1195
v 24.0406 0.0000 24.1195
v 26.0440 0.0000 24.1195
v 28.0474 0.0000 24.1195
v 30.0508 0.0000 24.1195
v 32.0541 0.0000 24.1195
v -32.0541 0.0000 27.1344
v -30.0508 0.0000 27.1344
v -28.0474 0.0000 27.1344
v -26.0440 0.0000 27.1344
v -24.0406 0.0379 27.1344
v -22.0372 0.4302 27.1344
v -20.0338 0.5000 27.1344
v -18.0305 0.5000 27.1344
v -16.0271 0.5000 27.1344
v -14.0237 0.4515 27.1344
v -12.0203 0.1132 27.1344
v -10.0169 0.0000 27.1344
v -8.0135 0.0000 27.1344
v -6.0102 0.0000 27.1344
v -4.0068 0.0000 27.1344
v -2.0034 0.0000 27.1344
v 0.0000 0.0000 27.1344
v 2.0034 0.0000 27.1344
v 4.0068 0.0000 27.1344
v 6.0102 0.0000 27.1344
v 8.0135 0.0000 27.1344
v 10.0169 0.0000 27.1344
v 12.0203 0.0000 27.1344
v 14.0237 0.0000 27.1344
v 16.0271 0.0000 27.1344
v 18.0305 0.0000 27.1344
v 20.0338 0.0000 27.1344
v 22.0372 0.0000 27.1344
v 24.0406 0.0000 27.1344
v 26.0440 0.0000 27.1344
v 28.0474 0.0000 27.1344
v 30.0508 0.0000 27.1344
v 32.0541 0.0000 27.1344
v -32.0541 0.0000 30.1493
v -30.0508 0.0000 30.1493
v -28.0474 0.0000 30.1493
v -26.0440 0.0000 30.1493
v -24.0406 0.0000 30.1493
v -22.0372 0.1557 30.1493
v -20.0338 0.4759 30.1493
v -18.0305 0.5000 30.1493
v -16.0271 0.5000 30.1493
v -14.0237 0.5000 30.1493
v -12.0203 0.4797 30.1493
v -10.0169 0.2648 30.1493
v -8.0135 0.0153 30.1493
v -6.0102 0.0000 30.1493
v -4.0068 0.0000 30.1493
v -2.0034 0.0000 30.1493
v 0.0000 0.0000 30.1493
v 2.0034 0.0000 30.1493
v 4.0068 0.0000 30.1493
v 6.0102 0.0000 30.1493
v 8.0135 0.0000 30.1493
v 10.0169 0.0000 30.1493
v 12.0203 0.0000 30.1493
v 14.0237 0.0000 30.1493
v 16.0271 0.0000 30.1493
v 18.0305 0.0000 30.1493
v 20.0338 0.0000 30.1493
v 22.0372 0.0000 30.1493
v 24.0406 0.0000 30.1493
v 26.0440 0.0000 30.1493
v 28.0474 0.0000 30.1493
v 30.0508 0.0000 30.1493
v 32.0541 0.0000 30.1493
v -32.0541 0.0000 33.1643
v -30.0508 0.0000 33.1643
v -28.0474 0.0000 33.1643
v -26.0440 0.0000 33.1643
v -24.0406 0.0000 33.1643
v -22.0372 0.0000 33.1643
v -20.0338 0.1693 33.1643
v -18.0305 0.4673 33.1643
v -16.0271 0.5000 33.1643
v -14.0237 0.5000 33.1643
v -12.0203 0.5000 33.1643
v -10.0169 0.5000 33.1643
v -8.0135 0.4821 33.1643
v -6.0102 0.3833 33.1643
v -4.0068 0.2473 33.1643
v -2.0034 0.1544 33.1643
v 0.0000 0.1263 33.1643
v 2.0034 0.0426 33.1643
v 4.0068 0.0000 33.1643
v 6.0102 0.0000 33.1643
v 8.0135 0.0000 33.1643
v 10.0169 0.0000 33.1643
v 12.0203 0.0000 33.1643
v 14.0237 0.0000 33.1643
v 16.0271 0.0000 33.1643
v 18.0305 0.0000 33.1643
v 20.0338 0.0000 33.1643
v 22.0372 0.0000 33.1643
v 24.0406 0.0000 33.1643
v 26.0440 0.0000 33.1643
v 28.0474 0.0000 33.1643
v 30.0508 0.0000 33.1643
v 32.0541 0.0000 33.1643
v -32.0541 0.0000 36.1792
v -30.0508 0.0000 36.1792
v -28.0474 0.0000 36.1792
v -26.0440 0.0000 36.1792
v -24.0406 0.0000 36.1792
v -22.0372 0.0000 36.1792
v -20.0338 0.0000 36.1792
v -18.0305 0.0664 36.1792
v -16.0271 0.3778 36.1792
v -14.0237 0.4966 36.1792
v -12.0203 0.5000 36.1792
v -10.0169 0.5000 36.1792
v -8.0135 0.5000 36.1792
v -6.0102 0.5000 36.1792
v -4.0068 0.5000 36.1792
v -2.0034 0.5000 36.1792
v 0.0000 0.5000 36.1792
v 2.0034 0.4899 36.1792
v 4.0068 0.2415 36.1792
v 6.0102 0.0000 36.1792
v 8.0135 0.0000 36.1792
v 10.0169 0.0000 36.1792
v 12.0203 0.0000 36.1792
v 14.0237 0.0000 36.1792
v 16.0271 0.0000 36.1792
v 18.0305 0.0000 36.1792
v 20.0338 0.0000 36.1792
v 22.0372 0.0000 36.1792
v 24.0406 0.0000 36.1792
v 26.0440 0.0000 36.1792
v 28.0474 0.0000 36.1792
v 30.0508 0.0000 36.1792
v 32.0541 0.0000 36.1792
v -32.0541 0.0000 39.1941
v -30.0508 0.0000 39.1941
v -28.0474 0.0000 39.1941
v -26.0440 0.0000 39.1941
v -24.0406 0.0000 39.1941
v -22.0372 0.0000 39.1941
v -20.0338 0.0000 39.1941
v -18.0305 0.0000 39.1941
v -16.0271 0.0000 39.1941
v -14.0237 0.1088 39.1941
v -12.0203 0.3553 39.1941
v -10.0169 0.4783 39.1941
v -8.0135 0.4996 39.1941
v -6.0102 0.5000 39.1941
v -4.0068 0.5000 39.1941
v -2.0034 0.5000 39.1941
v 0.0000 0.5000 39.1941
v 2.0034 0.4998 39.1941
v 4.0068 0.3295 39.1941
v 6.0102 0.0000 39.1941
v 8.0135 0.0000 39.1941
v 10.0169 0.0000 39.1941
v 12.0203 0.0000 39.1941
v 14.0237 0.0000 39.1941
v 16.0271 0.0000 39.1941
v 18.0305 0.0000 39.1941
v 20.0338 0.0000 39.1941
v 22.0372 0.0000 39.1941
v 24.0406 0.0000 39.1941
v 26.0440 0.0000 39.1941
v 28.0474 0.0000 39.1941
v 30.0508 0.0000 39.1941
v 32.0541 0.0000 39.1941
v -32.0541 0.0000 42.2091
v -30.0508 0.0000 42.2091
v -28.0474 0.0000 42.2091
v -26.0440 0.0000 42.2091
v -24.0406 0.0000 42.2091
v -22.0372 0.0000 42.2091
v -20.0338 0.0000 42.2091
v -18.0305 0.0000 42.2091
v -16.0271 0.0000 42.2091
v -14.0237 0.0000 42.2091
v -12.0203 0.0000 42.2091
v -10.0169 0.0008 42.2091
v -8.0135 0.0912 42.2091
v -6.0102 0.2219 42.2091
v -4.0068 0.3169 42.2091
v -2.0034 0.3666 42.2091
v 0.0000 0.3803 42.2091
v 2.0034 0.2671 42.2091
v 4.0068 0.0141 42.2091
v 6.0102 0.0000 42.2091
v 8.0135 0.0000 42.2091
v 10.0169 0.0000 42.2091
v 12.0203 0.0000 42.2091
v 14.0237 0.0000 42.2091
v 16.0271 0.0000 42.2091
v 18.0305 0.0000 42.2091
v 20.0338 0.0000 42.2091
v 22.0372 0.0000 42.2091
v 24.0406 0.0000 42.2091
v 26.0440 0.0000 42.2091
v 28.0474 0.0000 42.2091
v 30.0508 0.0000 42.2091
v 32.0541 0.0000 42.2091
v -32.0541 0.0000 45.2240
v -30.0508 0.0000 45.2240
v -28.0474 0.0000 45.2240
v -26.0440 0.0000 45.2240
v -24.0406 0.0000 45.2240
v -22.0372 0.0000 45.2240
v -20.0338 0.0000 45.2240
v -18.0305 0.0000 45.2240
v -16.0271 0.0000 45.2240
v -14.0237 0.0000 45.2240
v -12.0203 0.0000 45.2240
v -10.0169 0.0000 45.2240
v -8.0135 0.0000 45.2240
v -6.0102 0.0000 45.2240
v -4.0068 0.0000 45.2240
v -2.0034 0.0000 45.2240
v 0.0000 0.0000 45.2240
v 2.0034 0.0000 45.2240
v 4.0068 0.0000 45.2240
v 6.0102 0.0000 45.2240
v 8.0135 0.0000 45.2240
v 10.0169 0.0000 45.2240
v 12.0203 0.0000 45.2240
v 14.0237 0.0000 45.2240
v 16.0271 0.0000 45.2240
v 18.0305 0.0000 45.2240
v 20.0338 0.0000 45.2240
v 22.0372 0.0000 45.2240
v 24.0406 0.0000 45.2240
v 26.0440 0.0000 45.2240
v 28.0474 0.0000 45.2240
v 30.0508 0.0000 45.2240
v 32.0541 0.0000 45.2240
v -32.0541 0.0000 48.2389
v -30.0508 0.0000 48.2389
v -28.0474 0.0000 48.2389
v -26.0440 0.0000 48.2389
v -24.0406 0.0000 48.2389
v -22.0372 0.0000 48.2389
v -20.0338 0.0000 48.2389
v -18.0305 0.0000 48.2389
v -16.0271 0.0000 48.2389
v -14.0237 0.0000 48.2389
v -12.0203 0.0000 48.2389
v -10.0169 0.0000 48.2389
v -8.0135 0.0000 48.2389
v -6.0102 0.0000 48.2389
v -4.0068 0.0000 48.2389
v -2.0034 0.0000 48.2389
v 0.0000 0.0000 48.2389
v 2.0034 0.0000 48.2389
v 4.0068 0.0000 48.2389
v 6.0102 0.0000 48.2389
v 8.0135 0.0000 48.2389
v 10.0169 0.0000 48.2389
v 12.0203 0.0000 48.2389
v 14.0237 0.0000 48.2389
v 16.0271 0.0000 48.2389
v 18.0305 0.0000 48.2389
v 20.0338 0.0000 48.2389
v 22.0372 0.0000 48.2389
v 24.0406 0.0000 48.2389
v 26.0440 0.0000 48.2389
v 28.0474 0.0000 48.2389
v 30.0508 0.0000 48.2389
v 32.0541 0.0000 48.2389
vt 0.0000 0.0000
vt 0.1250 0.0000
vt 0.1250 0.1250
vt 0.0000 0.1250
vt 0.1250 0.0000
vt 0.2500 0.0000
vt 0.2500 0.1250
vt 0.1250 0.1250
vt 0.2500 0.0000
vt 0.3750 0.0000
vt 0.3750 0.1250
vt 0.2500 0.1250
vt 0.3750 0.0000
vt 0.5000 0.0000
vt 0.5000 0.1250
vt 0.3750 0.1250
vt 0.5000 0.0000
vt 0.6250 0.0000
vt 0.6250 0.1250
vt 0.5000 0.1250
vt 0.6250 0.0000
vt 0.7500 0.0000
vt 0.7500 0.1250
vt 0.6250 0.1250
vt 0.7500 0.0000
vt 0.8750 0.0000
vt 0.8750 0.1250
vt 0.7500 0.1250
vt 0.8750 0.0000
vt 1.0000 0.0000
vt 1.0000 0.1250
vt 0.8750 0.1250
vt 1.0000 0.0000
vt 1.1250 0.0000
vt 1.1250 0.1250
vt 1.0000 0.1250
vt 1.1250 0.0000
vt 1.2500 0.0000
vt 1.2500 0.1250
vt 1.1250 0.1250
vt 1.2500 0.0000
vt 1.3750 0.0000
vt 1.3750 0.1250
vt 1.2500 0.1250
vt 1.3750 0.0000
vt 1.5000 0.0000
vt 1.5000 0.1250
vt 1.3750 0.1250
vt 1.5000 0.0000
vt 1.6250 0.0000
vt 1.6250 0.1250
vt 1.5000 0.1250
vt 1.6250 0.0000
vt 1.7500 0.0000
vt 1.7500 0.1250
vt 1.6250 0.1250
vt 1.7500 0.0000
vt 1.8750 0.0000
vt 1.8750 0.1250
vt 1.7500 0.1250
vt 1.8750 0.0000
vt 2.0000 0.0000
vt 2.0000 0.1250
vt 1.8750 0.1250
vt 2.0000 0.0000
vt 2.1250 0.0000
vt 2.1250 0.1250
vt 2.0000 0.1250
vt 2.1250 0.0000
vt 2.2500 0.0000
vt 2.2500 0.1250
vt 2.1250 0.1250
vt 2.2500 0.0000
vt 2.3750 0.0000
vt 2.3750 0.1250
vt 2.2500 0.1250
vt 2.3750 0.0000
vt 2.5000 0.0000
vt 2.5000 0.1250
vt 2.3750 0.1250
vt 2.5000 0.0000
vt 2.6250 0.0000
vt 2.6250 0.1250
vt 2.5000 0.1250
vt 2.6250 0.0000
vt 2.7500 0.0000
vt 2.7500 0.1250
vt 2.6250 0.1250
vt 2.7500 0.0000
vt 2.8750 0.0000
vt 2.8750 0.1250
vt 2.7500 0.1250
vt 2.8750 0.0000
vt 3.0000 0.0000
vt 3.0000 0.1250
vt 2.8750 0.1250
vt 3.0000 0.0000
vt 3.1250 0.0000
vt 3.1250 0.1250
vt 3.0000 0.1250
vt 3.1250 0.0000
vt 3.2500 0.0000
vt 3.2500 0.1250
vt 3.1250 0.1250
vt 3.2500 0.0000
vt 3.3750 0.0000
vt 3.3750 0.1250
vt 3.2500 0.1250
vt 3.3750 0.0000
vt 3.5000 0.0000
vt 3.5000 0.1250
vt 3.3750 0.1250
vt 3.5000 0.0000
vt 3.6250 0.0000
vt 3.6250 0.1250
vt 3.5000 0.1250
vt 3.6250 0.0000
vt 3.7500 0.0000
vt 3.7500 0.1250
vt 3.6250 0.1250
vt 3.7500 0.0000
vt 3.8750 0.0000
vt 3.8750 0.1250
vt 3.7500 0.1250
vt 3.8750 0.0000
vt 4.0000 0.0000
vt 4.0000 0.1250
vt 3.8750 0.1250
vt 0.0000 0.1250
vt 0.1250 0.1250
vt 0.1250 0.2500
vt 0.0000 0.2500
vt 0.1250 0.1250
vt 0.2500 0.1250
vt 0.2500 0.2500
vt 0.1250 0.2500
vt 0.2500 0.1250
vt 0.3750 0.1250
vt 0.3750 0.2500
vt 0.2500 0.2500
vt 0.3750 0.1250
vt 0.5000 0.1250
vt 0.5000 0.2500
vt 0.3750 0.2500
vt 0.5000 0.1250
vt 0.6250 0.1250
vt 0.6250 0.2500
vt 0.5000 0.2500
vt 0.6250 0.1250
vt 0.7500 0.1250
vt 0.7500 0.2500
vt 0.6250 0.2500
vt 0.7500 0.1250
vt 0.8750 0.1250
vt 0.8750 0.2500
vt 0.7500 0.2500
vt 0.8750 0.1250
vt 1.0000 0.1250
vt 1.0000 0.2500
vt 0.8750 0.2500
vt 1.0000 0.1250
vt 1.1250 0.1250
vt 1.1250 0.2500
vt 1.0000 0.2500
vt 1.1250 0.1250
vt 1.2500 0.1250
vt 1.2500 0.2500
vt 1.1250 0.2500
vt 1.2500 0.1250
vt 1.3750 0.1250
vt 1.3750 0.2500
vt 1.2500 0.2500
vt 1.3750 0.1250
vt 1.5000 0.1250
vt 1.5000 0.2500
vt 1.3750 0.2500
vt 1.5000 0.1250
vt 1.6250 0.1250
vt 1.6250 0.2500
vt 1.5000 0.2500
vt 1.6250 0.1250
vt 1.7500 0.1250
vt 1.7500 0.2500
vt 1.6250 0.2500
vt 1.7500 0.1250
vt 1.8750 0.1250
vt 1.8750 0.2500
vt 1.7500 0.2500
vt 1.8750 0.1250
vt 2.0000 0.1250
vt 2.0000 0.2500
vt 1.8750 0.2500
vt 2.0000 0.1250
vt 2.1250 0.1250
vt 2.1250 0.2500
vt 2.0000 0.2500
vt 2.1250 0.1250
vt 2.2500 0.1250
vt 2.2500 0.2500
vt 2.1250 0.2500
vt 2.2500 0.1250
vt 2.3750 0.1250
vt 2.3750 0.2500
vt 2.2500 0.2500
vt 2.3750 0.1250
vt 2.5000 0.1250
vt 2.5000 0.2500
vt 2.3750 0.2500
vt 2.5000 0.1250
vt 2.6250 0.1250
vt 2.6250 0.2500
vt 2.5000 0.2500
vt 2.6250 0.1250
vt 2.7500 0.1250
vt 2.7500 0.2500
vt 2.6250 0.2500
vt 2.7500 0.1250
vt 2.8750 0.1250
vt 2.8750 0.2500
vt 2.7500 0.2500
vt 2.8750 0.1250
vt 3.0000 0.1250
vt 3.0000 0.2500
vt 2.8750 0.2500
vt 3.0000 0.1250
vt 3.1250 0.1250
vt 3.1250 0.2500
vt 3.0000 0.2500
vt 3.1250 0.1250
vt 3.2500 0.1250
vt 3.2500 0.2500
vt 3.1250 0.2500
vt 3.2500 0.1250
vt 3.3750 0.1250
vt 3.3750 0.2500
vt 3.2500 0.2500
vt 3.3750 0.1250
vt 3.5000 0.1250
vt 3.5000 0.2500
vt 3.3750 0.2500
vt 3.5000 0.1250
vt 3.6250 0.1250
vt 3.6250 0.2500
vt 3.5000 0.2500
vt 3.6250 0.1250
vt 3.7500 0.1250
vt 3.7500 0.2500
vt 3.6250 0.2500
vt 3.7500 0.1250
vt 3.8750 0.1250
vt 3.8750 0.2500
vt 3.7500 0.2500
vt 3.8750 0.1250
vt 4.0000 0.1250
vt 4.0000 0.2500
vt 3.8750 0.2500
vt 0.0000 0.2500
vt 0.1250 0.2500
vt 0.1250 0.3750
vt 0.0000 0.3750
vt 0.1250 0.2500
vt 0.2500 0.2500
vt 0.2500 0.3750
vt 0.1250 0.3750
vt 0.2500 0.2500
vt 0.3750 0.2500
vt 0.3750 0.3750
vt 0.2500 0.3750
vt 0.3750 0.2500
vt 0.5000 0.2500
vt 0.5000 0.3750
vt 0.3750 0.3750
vt 0.5000 0.2500
vt 0.6250 0.2500
vt 0.6250 0.3750
vt 0.5000 0.3750
vt 0.6250 0.2500
vt 0.7500 0.2500
vt 0.7500 0.3750
vt 0.6250 0.3750
vt 0.7500 0.2500
vt 0.8750 0.2500
vt 0.8750 0.3750
vt 0.7500 0.3750
vt 0.8750 0.2500
vt 1.0000 0.2500
vt 1.0000 0.3750
vt 0.8750 0.3750
vt 1.0000 0.2500
vt 1.1250 0.2500
vt 1.1250 0.3750
vt 1.0000 0.3750
vt 1.1250 0.2500
vt 1.2500 0.2500
vt 1.2500 0.3750
vt 1.1250 0.3750
vt 1.2500 0.2500
vt 1.3750 0.2500
vt 1.3750 0.3750
vt 1.2500 0.3750
vt 1.3750 0.2500
vt 1.5000 0.2500
vt 1.5000 0.3750
vt 1.3750 0.3750
vt 1.5000 0.2500
vt 1.6250 0.2500
vt 1.6250 0.3750
vt 1.5000 0.3750
vt 1.6250 0.2500
vt 1.7500 0.2500
vt 1.7500 0.3750
vt 1.6250 0.3750
vt 1.7500 0.2500
vt 1.8750 0.2500
vt 1.8750 0.3750
vt 1.7500 0.3750
vt 1.8750 0.2500
vt 2.0000 0.2500
vt 2.0000 0.3750
vt 1.8750 0.3750
vt 2.0000 0.2500
vt 2.1250 0.2500
vt 2.1250 0.3750
vt 2.0000 0.3750
vt 2.1250 0.2500
vt 2.2500 0.2500
vt 2.2500 0.3750
vt 2.1250 0.3750
vt 2.2500 0.2500
vt 2.3750 0.2500
vt 2.3750 0.3750
vt 2.2500 0.3750
vt 2.3750 0.2500
vt 2.5000 0.2500
vt 2.5000 0.3750
vt 2.3750 0.3750
vt 2.5000 0.2500
vt 2.6250 0.2500
vt 2.6250 0.3750
vt 2.5000 0.3750
vt 2.6250 0.2500
vt 2.7500 0.2500
vt 2.7500 0.3750
vt 2.6250 0.3750
vt 2.7500 0.2500
vt 2.8750 0.2500
vt 2.8750 0.3750
vt 2.7500 0.3750
vt 2.8750 0.2500
vt 3.0000 0.2500
vt 3.0000 0.3750
vt 2.8750 0.3750
vt 3.0000 0.2500
vt 3.1250 0.2500
vt 3.1250 0.3750
vt 3.0000 0.3750
vt 3.1250 0.2500
vt 3.2500 0.2500
vt 3.2500 0.3750
vt 3.1250 0.3750
vt 3.2500 0.2500
vt 3.3750 0.2500
vt 3.3750 0.3750
vt 3.2500 0.3750
vt 3.3750 0.2500
vt 3.5000 0.2500
vt 3.5000 0.3750
vt 3.3750 0.3750
vt 3.5000 0.2500
vt 3.6250 0.2500
vt 3.6250 0.3750
vt 3.5000 0.3750
vt 3.6250 0.2500
vt 3.7500 0.2500
vt 3.7500 0.3750
vt 3.6250 0.3750
vt 3.7500 0.2500
vt 3.8750 0.2500
vt 3.8750 0.3750
vt 3.7500 0.3750
vt 3.8750 0.2500
vt 4.0000 0.2500
vt 4.0000 0.3750
vt 3.8750 0.3750
vt 0.0000 0.3750
vt 0.1250 0.3750
vt 0.1250 0.5000
vt 0.0000 0.5000
vt 0.1250 0.3750
vt 0.2500 0.3750
vt 0.2500 0.5000
vt 0.1250 0.5000
vt 0.2500 0.3750
vt 0.3750 0.3750
vt 0.3750 0.5000
vt 0.2500 0.5000
vt 0.3750 0.3750
vt 0.5000 0.3750
vt 0.5000 0.5000
vt 0.3750 0.5000
vt 0.5000 0.3750
vt 0.6250 0.3750
vt 0.6250 0.5000
vt 0.5000 0.5000
vt 0.6250 0.3750
vt 0.7500 0.3750
vt 0.7500 0.5000
vt 0.6250 0.5000
vt 0.7500 0.3750
vt 0.8750 0.3750
vt 0.8750 0.5000
vt 0.7500 0.5000
vt 0.8750 0.3750
vt 1.0000 0.3750
vt 1.0000 0.5000
vt 0.8750 0.5000
vt 1.0000 0.3750
vt 1.1250 0.3750
vt 1.1250 0.5000
vt 1.0000 0.5000
vt 1.1250 0.3750
vt 1.2500 0.3750
vt 1.2500 0.5000
vt 1.1250 0.5000
vt 1.2500 0.3750
vt 1.3750 0.3750
vt 1.3750 0.5000
vt 1.2500 0.5000
vt 1.3750 0.3750
vt 1.5000 0.3750
vt 1.5000 0.5000
vt 1.3750 0.5000
vt 1.5000 0.3750
vt 1.6250 0.3750
vt 1.6250 0.5000
vt 1.5000 0.5000
vt 1.6250 0.3750
vt 1.7500 0.3750
vt 1.7500 0.5000
vt 1.6250 0.5000
vt 1.7500 0.3750
vt 1.8750 0.3750
vt 1.8750 0.5000
vt 1.7500 0.5000
vt 1.8750 0.3750
vt 2.0000 0.3750
vt 2.0000 0.5000
vt 1.8750 0.5000
vt 2.0000 0.3750
vt 2.1250 0.3750
vt 2.1250 0.5000
vt 2.0000 0.5000
vt 2.1250 0.3750
vt 2.2500 0.3750
vt 2.2500 0.5000
vt 2.1250 0.5000
vt 2.2500 0.3750
vt 2.3750 0.3750
vt 2.3750 0.5000
vt 2.2500 0.5000
vt 2.3750 0.3750
vt 2.5000 0.3750
vt 2.5000 0.5000
vt 2.3750 0.5000
vt 2.5000 0.3750
vt 2.6250 0.3750
vt 2.6250 0.5000
vt 2.5000 0.5000
vt 2.6250 0.3750
vt 2.7500 0.3750
vt 2.7500 0.5000
vt 2.6250 0.5000
vt 2.7500 0.3750
vt 2.8750 0.3750
vt 2.8750 0.5000
vt 2.7500 0.5000
vt 2.8750 0.3750
vt 3.0000 0.3750
vt 3.0000 0.5000
vt 2.8750 0.5000
vt 3.0000 0.3750
vt 3.1250 0.3750
vt 3.1250 0.5000
vt 3.0000 0.5000
vt 3.1250 0.3750
vt 3.2500 0.3750
vt 3.2500 0.5000
vt 3.1250 0.5000
vt 3.2500 0.3750
vt 3.3750 0.3750
vt 3.3750 0.5000
vt 3.2500 0.5000
vt 3.3750 0.3750
vt 3.5000 0.3750
vt 3.5000 0.5000
vt 3.3750 0.5000
vt 3.5000 0.3750
vt 3.6250 0.3750
vt 3.6250 0.5000
vt 3.5000 0.5000
vt 3.6250 0.3750
vt 3.7500 0.3750
vt 3.7500 0.5000
vt 3.6250 0.5000
vt 3.7500 0.3750
vt 3.8750 0.3750
vt 3.8750 0.5000
vt 3.7500 0.5000
vt 3.8750 0.3750
vt 4.0000 0.3750
vt 4.0000 0.5000
vt 3.8750 0.5000
vt 0.0000 0.5000
vt 0.1250 0.5000
vt 0.1250 0.6250
vt 0.0000 0.6250
vt 0.1250 0.5000
vt 0.2500 0.5000
vt 0.2500 0.6250
vt 0.1250 0.6250
vt 0.2500 0.5000
vt 0.3750 0.5000
vt 0.3750 0.6250
vt 0.2500 0.6250
vt 0.3750 0.5000
vt 0.5000 0.5000
vt 0.5000 0.6250
vt 0.3750 0.6250
vt 0.5000 0.5000
vt 0.6250 0.5000
vt 0.6250 0.6250
vt 0.5000 0.6250
vt 0.6250 0.5000
vt 0.7500 0.5000
vt 0.7500 0.6250
vt 0.6250 0.6250
vt 0.7500 0.5000
vt 0.8750 0.5000
vt 0.8750 0.6250
vt 0.7500 0.6250
vt 0.8750 0.5000
vt 1.0000 0.5000
vt 1.0000 0.6250
vt 0.8750 0.6250
vt 1.0000 0.5000
vt 1.1250 0.5000
vt 1.1250 0.6250
vt 1.0000 0.6250
vt 1.1250 0.5000
vt 1.2500 0.5000
vt 1.2500 0.6250
vt 1.1250 0.6250
vt 1.2500 0.5000
vt 1.3750 0.5000
vt 1.3750 0.6250
vt 1.2500 0.6250
vt 1.3750 0.5000
vt 1.5000 0.5000
vt 1.5000 0.6250
vt 1.3750 0.6250
vt 1.5000 0.5000
vt 1.6250 0.5000
vt 1.6250 0.6250
vt 1.5000 0.6250
vt 1.6250 0.5000
vt 1.7500 0.5000
vt 1.7500 0.6250
vt 1.6250 0.6250
vt 1.7500 0.5000
vt 1.8750 0.5000
vt 1.8750 0.6250
vt 1.7500 0.6250
vt 1.8750 0.5000
vt 2.0000 0.5000
vt 2.0000 0.6250
vt 1.8750 0.6250
vt 2.0000 0.5000
vt 2.1250 0.5000
vt 2.1250 0.6250
vt 2.0000 0.6250
vt 2.1250 0.5000
vt 2.2500 0.5000
vt 2.2500 0.6250
vt 2.1250 0.6250
vt 2.2500 0.5000
vt 2.3750 0.5000
vt 2.3750 0.6250
vt 2.2500 0.6250
vt 2.3750 0.5000
vt 2.5000 0.5000
vt 2.5000 0.6250
vt 2.3750 0.6250
vt 2.5000 0.5000
vt 2.6250 0.5000
vt 2.6250 0.6250
vt 2.5000 0.6250
vt 2.6250 0.5000
vt 2.7500 0.5000
vt 2.7500 0.6250
vt 2.6250 0.6250
vt 2.7500 0.5000
vt 2.8750 0.5000
vt 2.8750 0.6250
vt 2.7500 0.6250
vt 2.8750 0.5000
vt 3.0000 0.5000
vt 3.0000 0.6250
vt 2.8750 0.6250
vt 3.0000 0.5000
vt 3.1250 0.5000
vt 3.1250 0.6250
vt 3.0000 0.6250
vt 3.1250 0.5000
vt 3.2500 0.5000
vt 3.2500 0.6250
vt 3.1250 0.6250
vt 3.2500 0.5000
vt 3.3750 0.5000
vt 3.3750 0.6250
vt 3.2500 0.6250
vt 3.3750 0.5000
vt 3.5000 0.5000
vt 3.5000 0.6250
vt 3.3750 0.6250
vt 3.5000 0.5000
vt 3.6250 0.5000
vt 3.6250 0.6250
vt 3.5000 0.6250
vt 3.6250 0.5000
vt 3.7500 0.5000
vt 3.7500 0.6250
vt 3.6250 0.6250
vt 3.7500 0.5000
vt 3.8750 0.5000
vt 3.8750 0.6250
vt 3.7500 0.6250
vt 3.8750 0.5000
vt 4.0000 0.5000
vt 4.0000 0.6250
vt 3.8750 0.6250
vt 0.0000 0.6250
vt 0.1250 0.6250
vt 0.1250 0.7500
vt 0.0000 0.7500
vt 0.1250 0.6250
vt 0.2500 0.6250
vt 0.2500 0.7500
vt 0.1250 0.7500
vt 0.2500 0.6250
vt 0.3750 0.6250
vt 0.3750 0.7500
vt 0.2500 0.7500
vt 0.3750 0.6250
vt 0.5000 0.6250
vt 0.5000 0.7500
vt 0.3750 0.7500
vt 0.5000 0.6250
vt 0.6250 0.6250
vt 0.6250 0.7500
vt 0.5000 0.7500
vt 0.6250 0.6250
vt 0.7500 0.6250
vt 0.7500 0.7500
vt 0.6250 0.7500
vt 0.7500 0.6250
vt 0.8750 0.6250
vt 0.8750 0.7500
vt 0.7500 0.7500
vt 0.8750 0.6250
vt 1.0000 0.6250
vt 1.0000 0.7500
vt 0.8750 0.7500
vt 1.0000 0.6250
vt 1.1250 0.6250
vt 1.1250 0.7500
vt 1.0000 0.7500
vt 1.1250 0.6250
vt 1.2500 0.6250
vt 1.2500 0.7500
vt 1.1250 0.7500
vt 1.2500 0.6250
vt 1.3750 0.6250
vt 1.3750 0.7500
vt 1.2500 0.7500
vt 1.3750 0.6250
vt 1.5000 0.6250
vt 1.5000 0.7500
vt 1.3750 0.7500
vt 1.5000 0.6250
vt 1.6250 0.6250
vt 1.6250 0.7500
vt 1.5000 0.7500
vt 1.6250 0.6250
vt 1.7500 0.6250
vt 1.7500 0.7500
vt 1.6250 0.7500
vt 1.7500 0.6250
vt 1.8750 0.6250
vt 1.8750 0.7500
vt 1.7500 0.7500
vt 1.8750 0.6250
vt 2.0000 0.6250
vt 2.0000 0.7500
vt 1.8750 0.7500
vt 2.0000 0.6250
vt 2.1250 0.6250
vt 2.1250 0.7500
vt 2.0000 0.7500
vt 2.1250 0.6250
vt 2.2500 0.6250
vt 2.2500 0.7500
vt 2.1250 0.7500
vt 2.2500 0.6250
vt 2.3750 0.6250
vt 2.3750 0.7500
vt 2.2500 0.7500
vt 2.3750 0.6250
vt 2.5000 0.6250
vt 2.5000 0.7500
vt 2.3750 0.7500
vt 2.5000 0.6250
vt 2.6250 0.6250
vt 2.6250 0.7500
vt 2.5000 0.7500
vt 2.6250 0.6250
vt 2.7500 0.6250
vt 2.7500 0.7500
vt 2.6250 0.7500
vt 2.7500 0.6250
vt 2.8750 0.6250
vt 2.8750 0.7500
vt 2.7500 0.7500
vt 2.8750 0.6250
vt 3.0000 0.6250
vt 3.0000 0.7500
vt 2.8750 0.7500
vt 3.0000 0.6250
vt 3.1250 0.6250
vt 3.1250 0.7500
vt 3.0000 0.7500
vt 3.1250 0.6250
vt 3.2500 0.6250
vt 3.2500 0.7500
vt 3.1250 0.7500
vt 3.2500 0.6250
vt 3.3750 0.6250
vt 3.3750 0.7500
vt 3.2500 0.7500
vt 3.3750 0.6250
vt 3.5000 0.6250
vt 3.5000 0.7500
vt 3.3750 0.7500
vt 3.5000 0.6250
vt 3.6250 0.6250
vt 3.6250 0.7500
vt 3.5000 0.7500
vt 3.6250 0.6250
vt 3.7500 0.6250
vt 3.7500 0.7500
vt 3.6250 0.7500
vt 3.7500 0.6250
vt 3.8750 0.6250
vt 3.8750 0.7500
vt 3.7500 0.7500
vt 3.8750 0.6250
vt 4.0000 0.6250
vt 4.0000 0.7500
vt 3.8750 0.7500
vt 0.0000 0.7500
vt 0.1250 0.7500
vt 0.1250 0.8750
vt 0.0000 0.8750
vt 0.1250 0.7500
vt 0.2500 0.7500
vt 0.2500 0.8750
vt 0.1250 0.8750
vt 0.2500 0.7500
vt 0.3750 0.7500
vt 0.3750 0.8750
vt 0.2500 0.8750
vt 0.3750 0.7500
vt 0.5000 0.7500
vt 0.5000 0.8750
vt 0.3750 0.8750
vt 0.5000 0.7500
vt 0.6250 0.7500
vt 0.6250 0.8750
vt 0.5000 0.8750
vt 0.6250 0.7500
vt 0.7500 0.7500
vt 0.7500 0.8750
vt 0.6250 0.8750
vt 0.7500 0.7500
vt 0.8750 0.7500
vt 0.8750 0.8750
vt 0.7500 0.8750
vt 0.8750 0.7500
vt 1.0000 0.7500
vt 1.0000 0.8750
vt 0.8750 0.8750
vt 1.0000 0.7500
vt 1.1250 0.7500
vt 1.1250 0.8750
vt 1.0000 0.8750
vt 1.1250 0.7500
vt 1.2500 0.7500
vt 1.2500 0.8750
vt 1.1250 0.8750
vt 1.2500 0.7500
vt 1.3750 0.7500
vt 1.3750 0.8750
vt 1.2500 0.8750
vt 1.3750 0.7500
vt 1.5000 0.7500
vt 1.5000 0.8750
vt 1.3750 0.8750
vt 1.5000 0.7500
vt 1.6250 0.7500
vt 1.6250 0.8750
vt 1.5000 0.8750
vt 1.6250 0.7500
vt 1.7500 0.7500
vt 1.7500 0.8750
vt 1.6250 0.8750
vt 1.7500 0.7500
vt 1.8750 0.7500
vt 1.8750 0.8750
vt 1.7500 0.8750
vt 1.8750 0.7500
vt 2.0000 0.7500
vt 2.0000 0.8750
vt 1.8750 0.8750
vt 2.0000 0.7500
vt 2.1250 0.7500
vt 2.1250 0.8750
vt 2.0000 0.8750
vt 2.1250 0.7500
vt 2.2500 0.7500
vt 2.2500 0.8750
vt 2.1250 0.8750
vt 2.2500 0.7500
vt 2.3750 0.7500
vt 2.3750 0.8750
vt 2.2500 0.8750
vt 2.3750 0.7500
vt 2.5000 0.7500
vt 2.5000 0.8750
vt 2.3750 0.8750
vt 2.5000 0.7500
vt 2.6250 0.7500
vt 2.6250 0.8750
vt 2.5000 0.8750
vt 2.6250 0.7500
vt 2.7500 0.7500
vt 2.7500 0.8750
vt 2.6250 0.8750
vt 2.7500 0.7500
vt 2.8750 0.7500
vt 2.8750 0.8750
vt 2.7500 0.8750
vt 2.8750 0.7500
vt 3.0000 0.7500
vt 3.0000 0.8750
vt 2.8750 0.8750
vt 3.0000 0.7500
vt 3.1250 0.7500
vt 3.1250 0.8750
vt 3.0000 0.8750
vt 3.1250 0.7500
vt 3.2500 0.7500
vt 3.2500 0.8750
vt 3.1250 0.8750
vt 3.2500 0.7500
vt 3.3750 0.7500
vt 3.3750 0.8750
vt 3.2500 0.8750
vt 3.3750 0.7500
vt 3.5000 0.7500
vt 3.5000 0.8750
vt 3.3750 0.8750
vt 3.5000 0.7500
vt 3.6250 0.7500
vt 3.6250 0.8750
vt 3.5000 0.8750
vt 3.6250 0.7500
vt 3.7500 0.7500
vt 3.7500 0.8750
vt 3.6250 0.8750
vt 3.7500 0.7500
vt 3.8750 0.7500
vt 3.8750 0.8750
vt 3.7500 0.8750
vt 3.8750 0.7500
vt 4.0000 0.7500
vt 4.0000 0.8750
vt 3.8750 0.8750
vt 0.0000 0.8750
vt 0.1250 0.8750
vt 0.1250 1.0000
vt 0.0000 1.0000
vt 0.1250 0.8750
vt 0.2500 0.8750
vt 0.2500 1.0000
vt 0.1250 1.0000
vt 0.2500 0.8750
vt 0.3750 0.8750
vt 0.3750 1.0000
vt 0.2500 1.0000
vt 0.3750 0.8750
vt 0.5000 0.8750
vt 0.5000 1.0000
vt 0.3750 1.0000
vt 0.5000 0.8750
vt 0.6250 0.8750
vt 0.6250 1.0000
vt 0.5000 1.0000
vt 0.6250 0.8750
vt 0.7500 0.8750
vt 0.7500 1.0000
vt 0.6250 1.0000
vt 0.7500 0.8750
vt 0.8750 0.8750
vt 0.8750 1.0000
vt 0.7500 1.0000
vt 0.8750 0.8750
vt 1.0000 0.8750
vt 1.0000 1.0000
vt 0.8750 1.0000
vt 1.0000 0.8750
vt 1.1250 0.8750
vt 1.1250 1.0000
vt 1.0000 1.0000
vt 1.1250 0.8750
vt 1.2500 0.8750
vt 1.2500 1.0000
vt 1.1250 1.0000
vt 1.2500 0.8750
vt 1.3750 0.8750
vt 1.3750 1.0000
vt 1.2500 1.0000
vt 1.3750 0.8750
vt 1.5000 0.8750
vt 1.5000 1.0000
vt 1.3750 1.0000
vt 1.5000 0.8750
vt 1.6250 0.8750
vt 1.6250 1.0000
vt 1.5000 1.0000
vt 1.6250 0.8750
vt 1.7500 0.8750
vt 1.7500 1.0000
vt 1.6250 1.0000
vt 1.7500 0.8750
vt 1.8750 0.8750
vt 1.8750 1.0000
vt 1.7500 1.0000
vt 1.8750 0.8750
vt 2.0000 0.8750
vt 2.0000 1.0000
vt 1.8750 1.0000
vt 2.0000 0.8750
vt 2.1250 0.8750
vt 2.1250 1.0000
vt 2.0000 1.0000
vt 2.1250 0.8750
vt 2.2500 0.8750
vt 2.2500 1.0000
vt 2.1250 1.0000
vt 2.2500 0.8750
vt 2.3750 0.8750
vt 2.3750 1.0000
vt 2.2500 1.0000
vt 2.3750 0.8750
vt 2.5000 0.8750
vt 2.5000 1.0000
vt 2.3750 1.0000
vt 2.5000 0.8750
vt 2.6250 0.8750
vt 2.6250 1.0000
vt 2.5000 1.0000
vt 2.6250 0.8750
vt 2.7500 0.8750
vt 2.7500 1.0000
vt 2.6250 1.0000
vt 2.7500 0.8750
vt 2.8750 0.8750
vt 2.8750 1.0000
vt 2.7500 1.0000
vt 2.8750 0.8750
vt 3.0000 0.8750
vt 3.0000 1.0000
vt 2.8750 1.0000
vt 3.0000 0.8750
vt 3.1250 0.8750
vt 3.1250 1.0000
vt 3.0000 1.0000
vt 3.1250 0.8750
vt 3.2500 0.8750
vt 3.2500 1.0000
vt 3.1250 1.0000
vt 3.2500 0.8750
vt 3.3750 0.8750
vt 3.3750 1.0000
vt 3.2500 1.0000
vt 3.3750 0.8750
vt 3.5000 0.8750
vt 3.5000 1.0000
vt 3.3750 1.0000
vt 3.5000 0.8750
vt 3.6250 0.8750
vt 3.6250 1.0000
vt 3.5000 1.0000
vt 3.6250 0.8750
vt 3.7500 0.8750
vt 3.7500 1.0000
vt 3.6250 1.0000
vt 3.7500 0.8750
vt 3.8750 0.8750
vt 3.8750 1.0000
vt 3.7500 1.0000
vt 3.8750 0.8750
vt 4.0000 0.8750
vt 4.0000 1.0000
vt 3.8750 1.0000
vt 0.0000 1.0000
vt 0.1250 1.0000
vt 0.1250 1.1250
vt 0.0000 1.1250
vt 0.1250 1.0000
vt 0.2500 1.0000
vt 0.2500 1.1250
vt 0.1250 1.1250
vt 0.2500 1.0000
vt 0.3750 1.0000
vt 0.3750 1.1250
vt 0.2500 1.1250
vt 0.3750 1.0000
vt 0.5000 1.0000
vt 0.5000 1.1250
vt 0.3750 1.1250
vt 0.5000 1.0000
vt 0.6250 1.0000
vt 0.6250 1.1250
vt 0.5000 1.1250
vt 0.6250 1.0000
vt 0.7500 1.0000
vt 0.7500 1.1250
vt 0.6250 1.1250
vt 0.7500 1.0000
vt 0.8750 1.0000
vt 0.8750 1.1250
vt 0.7500 1.1250
vt 0.8750 1.0000
vt 1.0000 1.0000
vt 1.0000 1.1250
vt 0.8750 1.1250
vt 1.0000 1.0000
vt 1.1250 1.0000
vt 1.1250 1.1250
vt 1.0000 1.1250
vt 1.1250 1.0000
vt 1.2500 1.0000
vt 1.2500 1.1250
vt 1.1250 1.1250
vt 1.2500 1.0000
vt 1.3750 1.0000
vt 1.3750 1.1250
vt 1.2500 1.1250
vt 1.3750 1.0000
vt 1.5000 1.0000
vt 1.5000 1.1250
vt 1.3750 1.1250
vt 1.5000 1.0000
vt 1.6250 1.0000
vt 1.6250 1.1250
vt 1.5000 1.1250
vt 1.6250 1.0000
vt 1.7500 1.0000
vt 1.7500 1.1250
vt 1.6250 1.1250
vt 1.7500 1.0000
vt 1.8750 1.0000
vt 1.8750 1.1250
vt 1.7500 1.1250
vt 1.8750 1.0000
vt 2.0000 1.0000
vt 2.0000 1.1250
vt 1.8750 1.1250
vt 2.0000 1.0000
vt 2.1250 1.0000
vt 2.1250 1.1250
vt 2.0000 1.1250
vt 2.1250 1.0000
vt 2.2500 1.0000
vt 2.2500 1.1250
vt 2.1250 1.1250
vt 2.2500 1.0000
vt 2.3750 1.0000
vt 2.3750 1.1250
vt 2.2500 1.1250
vt 2.3750 1.0000
vt 2.5000 1.0000
vt 2.5000 1.1250
vt 2.3750 1.1250
vt 2.5000 1.0000
vt 2.6250 1.0000
vt 2.6250 1.1250
vt 2.5000 1.1250
vt 2.6250 1.0000
vt 2.7500 1.0000
vt 2.7500 1.1250
vt 2.6250 1.1250
vt 2.7500 1.0000
vt 2.8750 1.0000
vt 2.8750 1.1250
vt 2.7500 1.1250
vt 2.8750 1.0000
vt 3.0000 1.0000
vt 3.0000 1.1250
vt 2.8750 1.1250
vt 3.0000 1.0000
vt 3.1250 1.0000
vt 3.1250 1.1250
vt 3.0000 1.1250
vt 3.1250 1.0000
vt 3.2500 1.0000
vt 3.2500 1.1250
vt 3.1250 1.1250
vt 3.2500 1.0000
vt 3.3750 1.0000
vt 3.3750 1.1250
vt 3.2500 1.1250
vt 3.3750 1.0000
vt 3.5000 1.0000
vt 3.5000 1.1250
vt 3.3750 1.1250
vt 3.5000 1.0000
vt 3.6250 1.0000
vt 3.6250 1.1250
vt 3.5000 1.1250
vt 3.6250 1.0000
vt 3.7500 1.0000
vt 3.7500 1.1250
vt 3.6250 1.1250
vt 3.7500 1.0000
vt 3.8750 1.0000
vt 3.8750 1.1250
vt 3.7500 1.1250
vt 3.8750 1.0000
vt 4.0000 1.0000
vt 4.0000 1.1250
vt 3.8750 1.1250
vt 0.0000 1.1250
vt 0.1250 1.1250
vt 0.1250 1.2500
vt 0.0000 1.2500
vt 0.1250 1.1250
vt 0.2500 1.1250
vt 0.2500 1.2500
vt 0.1250 1.2500
vt 0.2500 1.1250
vt 0.3750 1.1250
vt 0.3750 1.2500
vt 0.2500 1.2500
vt 0.3750 1.1250
vt 0.5000 1.1250
vt 0.5000 1.2500
vt 0.3750 1.2500
vt 0.5000 1.1250
vt 0.6250 1.1250
vt 0.6250 1.2500
vt 0.5000 1.2500
vt 0.6250 1.1250
vt 0.7500 1.1250
vt 0.7500 1.2500
vt 0.6250 1.2500
vt 0.7500 1.1250
vt 0.8750 1.1250
vt 0.8750 1.2500
vt 0.7500 1.2500
vt 0.8750 1.1250
vt 1.0000 1.1250
vt 1.0000 1.2500
vt 0.8750 1.2500
vt 1.0000 1.1250
vt 1.1250 1.1250
vt 1.1250 1.2500
vt 1.0000 1.2500
vt 1.1250 1.1250
vt 1.2500 1.1250
vt 1.2500 1.2500
vt 1.1250 1.2500
vt 1.2500 1.1250
vt 1.3750 1.1250
vt 1.3750 1.2500
vt 1.2500 1.2500
vt 1.3750 1.1250
vt 1.5000 1.1250
vt 1.5000 1.2500
vt 1.3750 1.2500
vt 1.5000 1.1250
vt 1.6250 1.1250
vt 1.6250 1.2500
vt 1.5000 1.2500
vt 1.6250 1.1250
vt 1.7500 1.1250
vt 1.7500 1.2500
vt 1.6250 1.2500
vt 1.7500 1.1250
vt 1.8750 1.1250
vt 1.8750 1.2500
vt 1.7500 1.2500
vt 1.8750 1.1250
vt 2.0000 1.1250
vt 2.0000 1.2500
vt 1.8750 1.2500
vt 2.0000 1.1250
vt 2.1250 1.1250
vt 2.1250 1.2500
vt 2.0000 1.2500
vt 2.1250 1.1250
vt 2.2500 1.1250
vt 2.2500 1.2500
vt 2.1250 1.2500
vt 2.2500 1.1250
vt 2.3750 1.1250
vt 2.3750 1.2500
vt 2.2500 1.2500
vt 2.3750 1.1250
vt 2.5000 1.1250
vt 2.5000 1.2500
vt 2.3750 1.2500
vt 2.5000 1.1250
vt 2.6250 1.1250
vt 2.6250 1.2500
vt 2.5000 1.2500
vt 2.6250 1.1250
vt 2.7500 1.1250
vt 2.7500 1.2500
vt 2.6250 1.2500
vt 2.7500 1.1250
vt 2.8750 1.1250
vt 2.8750 1.2500
vt 2.7500 1.2500
vt 2.8750 1.1250
vt 3.0000 1.1250
vt 3.0000 1.2500
vt 2.8750 1.2500
vt 3.0000 1.1250
vt 3.1250 1.1250
vt 3.1250 1.2500
vt 3.0000 1.2500
vt 3.1250 1.1250
vt 3.2500 1.1250
vt 3.2500 1.2500
vt 3.1250 1.2500
vt 3.2500 1.1250
vt 3.3750 1.1250
vt 3.3750 1.2500
vt 3.2500 1.2500
vt 3.3750 1.1250
vt 3.5000 1.1250
vt 3.5000 1.2500
vt 3.3750 1.2500
vt 3.5000 1.1250
vt 3.6250 1.1250
vt 3.6250 1.2500
vt 3.5000 1.2500
vt 3.6250 1.1250
vt 3.7500 1.1250
vt 3.7500 1.2500
vt 3.6250 1.2500
vt 3.7500 1.1250
vt 3.8750 1.1250
vt 3.8750 1.2500
vt 3.7500 1.2500
vt 3.8750 1.1250
vt 4.0000 1.1250
vt 4.0000 1.2500
vt 3.8750 1.2500
vt 0.0000 1.2500
vt 0.1250 1.2500
vt 0.1250 1.3750
vt 0.0000 1.3750
vt 0.1250 1.2500
vt 0.2500 1.2500
vt 0.2500 1.3750
vt 0.1250 1.3750
vt 0.2500 1.2500
vt 0.3750 1.2500
vt 0.3750 1.3750
vt 0.2500 1.3750
vt 0.3750 1.2500
vt 0.5000 1.2500
vt 0.5000 1.3750
vt 0.3750 1.3750
vt 0.5000 1.2500
vt 0.6250 1.2500
vt 0.6250 1.3750
vt 0.5000 1.3750
vt 0.6250 1.2500
vt 0.7500 1.2500
vt 0.7500 1.3750
vt 0.6250 1.3750
vt 0.7500 1.2500
vt 0.8750 1.2500
vt 0.8750 1.3750
vt 0.7500 1.3750
vt 0.8750 1.2500
vt 1.0000 1.2500
vt 1.0000 1.3750
vt 0.8750 1.3750
vt 1.0000 1.2500
vt 1.1250 1.2500
vt 1.1250 1.3750
vt 1.0000 1.3750
vt 1.1250 1.2500
vt 1.2500 1.2500
vt 1.2500 1.3750
vt 1.1250 1.3750
vt 1.2500 1.2500
vt 1.3750 1.2500
vt 1.3750 1.3750
vt 1.2500 1.3750
vt 1.3750 1.2500
vt 1.5000 1.2500
vt 1.5000 1.3750
vt 1.3750 1.3750
vt 1.5000 1.2500
vt 1.6250 1.2500
vt 1.6250 1.3750
vt 1.5000 1.3750
vt 1.6250 1.2500
vt 1.7500 1.2500
vt 1.7500 1.3750
vt 1.6250 1.3750
vt 1.7500 1.2500
vt 1.8750 1.2500
vt 1.8750 1.3750
vt 1.7500 1.3750
vt 1.8750 1.2500
vt 2.0000 1.2500
vt 2.0000 1.3750
vt 1.8750 1.3750
vt 2.0000 1.2500
vt 2.1250 1.2500
vt 2.1250 1.3750
vt 2.0000 1.3750
vt 2.1250 1.2500
vt 2.2500 1.2500
vt 2.2500 1.3750
vt 2.1250 1.3750
vt 2.2500 1.2500
vt 2.3750 1.2500
vt 2.3750 1.3750
vt 2.2500 1.3750
vt 2.3750 1.2500
vt 2.5000 1.2500
vt 2.5000 1.3750
vt 2.3750 1.3750
vt 2.5000 1.2500
vt 2.6250 1.2500
vt 2.6250 1.3750
vt 2.5000 1.3750
vt 2.6250 1.2500
vt 2.7500 1.2500
vt 2.7500 1.3750
vt 2.6250 1.3750
vt 2.7500 1.2500
vt 2.8750 1.2500
vt 2.8750 1.3750
vt 2.7500 1.3750
vt 2.8750 1.2500
vt 3.0000 1.2500
vt 3.0000 1.3750
vt 2.8750 1.3750
vt 3.0000 1.2500
vt 3.1250 1.2500
vt 3.1250 1.3750
vt 3.0000 1.3750
vt 3.1250 1.2500
vt 3.2500 1.2500
vt 3.2500 1.3750
vt 3.1250 1.3750
vt 3.2500 1.2500
vt 3.3750 1.2500
vt 3.3750 1.3750
vt 3.2500 1.3750
vt 3.3750 1.2500
vt 3.5000 1.2500
vt 3.5000 1.3750
vt 3.3750 1.3750
vt 3.5000 1.2500
vt 3.6250 1.2500
vt 3.6250 1.3750
vt 3.5000 1.3750
vt 3.6250 1.2500
vt 3.7500 1.2500
vt 3.7500 1.3750
vt 3.6250 1.3750
vt 3.7500 1.2500
vt 3.8750 1.2500
vt 3.8750 1.3750
vt 3.7500 1.3750
vt 3.8750 1.2500
vt 4.0000 1.2500
vt 4.0000 1.3750
vt 3.8750 1.3750
vt 0.0000 1.3750
vt 0.1250 1.3750
vt 0.1250 1.5000
vt 0.0000 1.5000
vt 0.1250 1.3750
vt 0.2500 1.3750
vt 0.2500 1.5000
vt 0.1250 1.5000
vt 0.2500 1.3750
vt 0.3750 1.3750
vt 0.3750 1.5000
vt 0.2500 1.5000
vt 0.3750 1.3750
vt 0.5000 1.3750
vt 0.5000 1.5000
vt 0.3750 1.5000
vt 0.5000 1.3750
vt 0.6250 1.3750
vt 0.6250 1.5000
vt 0.5000 1.5000
vt 0.6250 1.3750
vt 0.7500 1.3750
vt 0.7500 1.5000
vt 0.6250 1.5000
vt 0.7500 1.3750
vt 0.8750 1.3750
vt 0.8750 1.5000
vt 0.7500 1.5000
vt 0.8750 1.3750
vt 1.0000 1.3750
vt 1.0000 1.5000
vt 0.8750 1.5000
vt 1.0000 1.3750
vt 1.1250 1.3750
vt 1.1250 1.5000
vt 1.0000 1.5000
vt 1.1250 1.3750
vt 1.2500 1.3750
vt 1.2500 1.5000
vt 1.1250 1.5000
vt 1.2500 1.3750
vt 1.3750 1.3750
vt 1.3750 1.5000
vt 1.2500 1.5000
vt 1.3750 1.3750
vt 1.5000 1.3750
vt 1.5000 1.5000
vt 1.3750 1.5000
vt 1.5000 1.3750
vt 1.6250 1.3750
vt 1.6250 1.5000
vt 1.5000 1.5000
vt 1.6250 1.3750
vt 1.7500 1.3750
vt 1.7500 1.5000
vt 1.6250 1.5000
vt 1.7500 1.3750
vt 1.8750 1.3750
vt 1.8750 1.5000
vt 1.7500 1.5000
vt 1.8750 1.3750
vt 2.0000 1.3750
vt 2.0000 1.5000
vt 1.8750 1.5000
vt 2.0000 1.3750
vt 2.1250 1.3750
vt 2.1250 1.5000
vt 2.0000 1.5000
vt 2.1250 1.3750
vt 2.2500 1.3750
vt 2.2500 1.5000
vt 2.1250 1.5000
vt 2.2500 1.3750
vt 2.3750 1.3750
vt 2.3750 1.5000
vt 2.2500 1.5000
vt 2.3750 1.3750
vt 2.5000 1.3750
vt 2.5000 1.5000
vt 2.3750 1.5000
vt 2.5000 1.3750
vt 2.6250 1.3750
vt 2.6250 1.5000
vt 2.5000 1.5000
vt 2.6250 1.3750
vt 2.7500 1.3750
vt 2.7500 1.5000
vt 2.6250 1.5000
vt 2.7500 1.3750
vt 2.8750 1.3750
vt 2.8750 1.5000
vt 2.7500 1.5000
vt 2.8750 1.3750
vt 3.0000 1.3750
vt 3.0000 1.5000
vt 2.8750 1.5000
vt 3.0000 1.3750
vt 3.1250 1.3750
vt 3.1250 1.5000
vt 3.0000 1.5000
vt 3.1250 1.3750
vt 3.2500 1.3750
vt 3.2500 1.5000
vt 3.1250 1.5000
vt 3.2500 1.3750
vt 3.3750 1.3750
vt 3.3750 1.5000
vt 3.2500 1.5000
vt 3.3750 1.3750
vt 3.5000 1.3750
vt 3.5000 1.5000
vt 3.3750 1.5000
vt 3.5000 1.3750
vt 3.6250 1.3750
vt 3.6250 1.5000
vt 3.5000 1.5000
vt 3.6250 1.3750
vt 3.7500 1.3750
vt 3.7500 1.5000
vt 3.6250 1.5000
vt 3.7500 1.3750
vt 3.8750 1.3750
vt 3.8750 1.5000
vt 3.7500 1.5000
vt 3.8750 1.3750
vt 4.0000 1.3750
vt 4.0000 1.5000
vt 3.8750 1.5000
vt 0.0000 1.5000
vt 0.1250 1.5000
vt 0.1250 1.6250
vt 0.0000 1.6250
vt 0.1250 1.5000
vt 0.2500 1.5000
vt 0.2500 1.6250
vt 0.1250 1.6250
vt 0.2500 1.5000
vt 0.3750 1.5000
vt 0.3750 1.6250
vt 0.2500 1.6250
vt 0.3750 1.5000
vt 0.5000 1.5000
vt 0.5000 1.6250
vt 0.3750 1.6250
vt 0.5000 1.5000
vt 0.6250 1.5000
vt 0.6250 1.6250
vt 0.5000 1.6250
vt 0.6250 1.5000
vt 0.7500 1.5000
vt 0.7500 1.6250
vt 0.6250 1.6250
vt 0.7500 1.5000
vt 0.8750 1.5000
vt 0.8750 1.6250
vt 0.7500 1.6250
vt 0.8750 1.5000
vt 1.0000 1.5000
vt 1.0000 1.6250
vt 0.8750 1.6250
vt 1.0000 1.5000
vt 1.1250 1.5000
vt 1.1250 1.6250
vt 1.0000 1.6250
vt 1.1250 1.5000
vt 1.2500 1.5000
vt 1.2500 1.6250
vt 1.1250 1.6250
vt 1.2500 1.5000
vt 1.3750 1.5000
vt 1.3750 1.6250
vt 1.2500 1.6250
vt 1.3750 1.5000
vt 1.5000 1.5000
vt 1.5000 1.6250
vt 1.3750 1.6250
vt 1.5000 1.5000
vt 1.6250 1.5000
vt 1.6250 1.6250
vt 1.5000 1.6250
vt 1.6250 1.5000
vt 1.7500 1.5000
vt 1.7500 1.6250
vt 1.6250 1.6250
vt 1.7500 1.5000
vt 1.8750 1.5000
vt 1.8750 1.6250
vt 1.7500 1.6250
vt 1.8750 1.5000
vt 2.0000 1.5000
vt 2.0000 1.6250
vt 1.8750 1.6250
vt 2.0000 1.5000
vt 2.1250 1.5000
vt 2.1250 1.6250
vt 2.0000 1.6250
vt 2.1250 1.5000
vt 2.2500 1.5000
vt 2.2500 1.6250
vt 2.1250 1.6250
vt 2.2500 1.5000
vt 2.3750 1.5000
vt 2.3750 1.6250
vt 2.2500 1.6250
vt 2.3750 1.5000
vt 2.5000 1.5000
vt 2.5000 1.6250
vt 2.3750 1.6250
vt 2.5000 1.5000
vt 2.6250 1.5000
vt 2.6250 1.6250
vt 2.5000 1.6250
vt 2.6250 1.5000
vt 2.7500 1.5000
vt 2.7500 1.6250
vt 2.6250 1.6250
vt 2.7500 1.5000
vt 2.8750 1.5000
vt 2.8750 1.6250
vt 2.7500 1.6250
vt 2.8750 1.5000
vt 3.0000 1.5000
vt 3.0000 1.6250
vt 2.8750 1.6250
vt 3.0000 1.5000
vt 3.1250 1.5000
vt 3.1250 1.6250
vt 3.0000 1.6250
vt 3.1250 1.5000
vt 3.2500 1.5000
vt 3.2500 1.6250
vt 3.1250 1.6250
vt 3.2500 1.5000
vt 3.3750 1.5000
vt 3.3750 1.6250
vt 3.2500 1.6250
vt 3.3750 1.5000
vt 3.5000 1.5000
vt 3.5000 1.6250
vt 3.3750 1.6250
vt 3.5000 1.5000
vt 3.6250 1.5000
vt 3.6250 1.6250
vt 3.5000 1.6250
vt 3.6250 1.5000
vt 3.7500 1.5000
vt 3.7500 1.6250
vt 3.6250 1.6250
vt 3.7500 1.5000
vt 3.8750 1.5000
vt 3.8750 1.6250
vt 3.7500 1.6250
vt 3.8750 1.5000
vt 4.0000 1.5000
vt 4.0000 1.6250
vt 3.8750 1.6250
vt 0.0000 1.6250
vt 0.1250 1.6250
vt 0.1250 1.7500
vt 0.0000 1.7500
vt 0.1250 1.6250
vt 0.2500 1.6250
vt 0.2500 1.7500
vt 0.1250 1.7500
vt 0.2500 1.6250
vt 0.3750 1.6250
vt 0.3750 1.7500
vt 0.2500 1.7500
vt 0.3750 1.6250
vt 0.5000 1.6250
vt 0.5000 1.7500
vt 0.3750 1.7500
vt 0.5000 1.6250
vt 0.6250 1.6250
vt 0.6250 1.7500
vt 0.5000 1.7500
vt 0.6250 1.6250
vt 0.7500 1.6250
vt 0.7500 1.7500
vt 0.6250 1.7500
vt 0.7500 1.6250
vt 0.8750 1.6250
vt 0.8750 1.7500
vt 0.7500 1.7500
vt 0.8750 1.6250
vt 1.0000 1.6250
vt 1.0000 1.7500
vt 0.8750 1.7500
vt 1.0000 1.6250
vt 1.1250 1.6250
vt 1.1250 1.7500
vt 1.0000 1.7500
vt 1.1250 1.6250
vt 1.2500 1.6250
vt 1.2500 1.7500
vt 1.1250 1.7500
vt 1.2500 1.6250
vt 1.3750 1.6250
vt 1.3750 1.7500
vt 1.2500 1.7500
vt 1.3750 1.6250
vt 1.5000 1.6250
vt 1.5000 1.7500
vt 1.3750 1.7500
vt 1.5000 1.6250
vt 1.6250 1.6250
vt 1.6250 1.7500
vt 1.5000 1.7500
vt 1.6250 1.6250
vt 1.7500 1.6250
vt 1.7500 1.7500
vt 1.6250 1.7500
vt 1.7500 1.6250
vt 1.8750 1.6250
vt 1.8750 1.7500
vt 1.7500 1.7500
vt 1.8750 1.6250
vt 2.0000 1.6250
vt 2.0000 1.7500
vt 1.8750 1.7500
vt 2.0000 1.6250
vt 2.1250 1.6250
vt 2.1250 1.7500
vt 2.0000 1.7500
vt 2.1250 1.6250
vt 2.2500 1.6250
vt 2.2500 1.7500
vt 2.1250 1.7500
vt 2.2500 1.6250
vt 2.3750 1.6250
vt 2.3750 1.7500
vt 2.2500 1.7500
vt 2.3750 1.6250
vt 2.5000 1.6250
vt 2.5000 1.7500
vt 2.3750 1.7500
vt 2.5000 1.6250
vt 2.6250 1.6250
vt 2.6250 1.7500
vt 2.5000 1.7500
vt 2.6250 1.6250
vt 2.7500 1.6250
vt 2.7500 1.7500
vt 2.6250 1.7500
vt 2.7500 1.6250
vt 2.8750 1.6250
vt 2.8750 1.7500
vt 2.7500 1.7500
vt 2.8750 1.6250
vt 3.0000 1.6250
vt 3.0000 1.7500
vt 2.8750 1.7500
vt 3.0000 1.6250
vt 3.1250 1.6250
vt 3.1250 1.7500
vt 3.0000 1.7500
vt 3.1250 1.6250
vt 3.2500 1.6250
vt 3.2500 1.7500
vt 3.1250 1.7500
vt 3.2500 1.6250
vt 3.3750 1.6250
vt 3.3750 1.7500
vt 3.2500 1.7500
vt 3.3750 1.6250
vt 3.5000 1.6250
vt 3.5000 1.7500
vt 3.3750 1.7500
vt 3.5000 1.6250
vt 3.6250 1.6250
vt 3.6250 1.7500
vt 3.5000 1.7500
vt 3.6250 1.6250
vt 3.7500 1.6250
vt 3.7500 1.7500
vt 3.6250 1.7500
vt 3.7500 1.6250
vt 3.8750 1.6250
vt 3.8750 1.7500
vt 3.7500 1.7500
vt 3.8750 1.6250
vt 4.0000 1.6250
vt 4.0000 1.7500
vt 3.8750 1.7500
vt 0.0000 1.7500
vt 0.1250 1.7500
vt 0.1250 1.8750
vt 0.0000 1.8750
vt 0.1250 1.7500
vt 0.2500 1.7500
vt 0.2500 1.8750
vt 0.1250 1.8750
vt 0.2500 1.7500
vt 0.3750 1.7500
vt 0.3750 1.8750
vt 0.2500 1.8750
vt 0.3750 1.7500
vt 0.5000 1.7500
vt 0.5000 1.8750
vt 0.3750 1.8750
vt 0.5000 1.7500
vt 0.6250 1.7500
vt 0.6250 1.8750
vt 0.5000 1.8750
vt 0.6250 1.7500
vt 0.7500 1.7500
vt 0.7500 1.8750
vt 0.6250 1.8750
vt 0.7500 1.7500
vt 0.8750 1.7500
vt 0.8750 1.8750
vt 0.7500 1.8750
vt 0.8750 1.7500
vt 1.0000 1.7500
vt 1.0000 1.8750
vt 0.8750 1.8750
vt 1.0000 1.7500
vt 1.1250 1.7500
vt 1.1250 1.8750
vt 1.0000 1.8750
vt 1.1250 1.7500
vt 1.2500 1.7500
vt 1.2500 1.8750
vt 1.1250 1.8750
vt 1.2500 1.7500
vt 1.3750 1.7500
vt 1.3750 1.8750
vt 1.2500 1.8750
vt 1.3750 1.7500
vt 1.5000 1.7500
vt 1.5000 1.8750
vt 1.3750 1.8750
vt 1.5000 1.7500
vt 1.6250 1.7500
vt 1.6250 1.8750
vt 1.5000 1.8750
vt 1.6250 1.7500
vt 1.7500 1.7500
vt 1.7500 1.8750
vt 1.6250 1.8750
vt 1.7500 1.7500
vt 1.8750 1.7500
vt 1.8750 1.8750
vt 1.7500 1.8750
vt 1.8750 1.7500
vt 2.0000 1.7500
vt 2.0000 1.8750
vt 1.8750 1.8750
vt 2.0000 1.7500
vt 2.1250 1.7500
vt 2.1250 1.8750
vt 2.0000 1.8750
vt 2.1250 1.7500
vt 2.2500 1.7500
vt 2.2500 1.8750
vt 2.1250 1.8750
vt 2.2500 1.7500
vt 2.3750 1.7500
vt 2.3750 1.8750
vt 2.2500 1.8750
vt 2.3750 1.7500
vt 2.5000 1.7500
vt 2.5000 1.8750
vt 2.3750 1.8750
vt 2.5000 1.7500
vt 2.6250 1.7500
vt 2.6250 1.8750
vt 2.5000 1.8750
vt 2.6250 1.7500
vt 2.7500 1.7500
vt 2.7500 1.8750
vt 2.6250 1.8750
vt 2.7500 1.7500
vt 2.8750 1.7500
vt 2.8750 1.8750
vt 2.7500 1.8750
vt 2.8750 1.7500
vt 3.0000 1.7500
vt 3.0000 1.8750
vt 2.8750 1.8750
vt 3.0000 1.7500
vt 3.1250 1.7500
vt 3.1250 1.8750
vt 3.0000 1.8750
vt 3.1250 1.7500
vt 3.2500 1.7500
vt 3.2500 1.8750
vt 3.1250 1.8750
vt 3.2500 1.7500
vt 3.3750 1.7500
vt 3.3750 1.8750
vt 3.2500 1.8750
vt 3.3750 1.7500
vt 3.5000 1.7500
vt 3.5000 1.8750
vt 3.3750 1.8750
vt 3.5000 1.7500
vt 3.6250 1.7500
vt 3.6250 1.8750
vt 3.5000 1.8750
vt 3.6250 1.7500
vt 3.7500 1.7500
vt 3.7500 1.8750
vt 3.6250 1.8750
vt 3.7500 1.7500
vt 3.8750 1.7500
vt 3.8750 1.8750
vt 3.7500 1.8750
vt 3.8750 1.7500
vt 4.0000 1.7500
vt 4.0000 1.8750
vt 3.8750 1.8750
vt 0.0000 1.8750
vt 0.1250 1.8750
vt 0.1250 2.0000
vt 0.0000 2.0000
vt 0.1250 1.8750
vt 0.2500 1.8750
vt 0.2500 2.0000
vt 0.1250 2.0000
vt 0.2500 1.8750
vt 0.3750 1.8750
vt 0.3750 2.0000
vt 0.2500 2.0000
vt 0.3750 1.8750
vt 0.5000 1.8750
vt 0.5000 2.0000
vt 0.3750 2.0000
vt 0.5000 1.8750
vt 0.6250 1.8750
vt 0.6250 2.0000
vt 0.5000 2.0000
vt 0.6250 1.8750
vt 0.7500 1.8750
vt 0.7500 2.0000
vt 0.6250 2.0000
vt 0.7500 1.8750
vt 0.8750 1.8750
vt 0.8750 2.0000
vt 0.7500 2.0000
vt 0.8750 1.8750
vt 1.0000 1.8750
vt 1.0000 2.0000
vt 0.8750 2.0000
vt 1.0000 1.8750
vt 1.1250 1.8750
vt 1.1250 2.0000
vt 1.0000 2.0000
vt 1.1250 1.8750
vt 1.2500 1.8750
vt 1.2500 2.0000
vt 1.1250 2.0000
vt 1.2500 1.8750
vt 1.3750 1.8750
vt 1.3750 2.0000
vt 1.2500 2.0000
vt 1.3750 1.8750
vt 1.5000 1.8750
vt 1.5000 2.0000
vt 1.3750 2.0000
vt 1.5000 1.8750
vt 1.6250 1.8750
vt 1.6250 2.0000
vt 1.5000 2.0000
vt 1.6250 1.8750
vt 1.7500 1.8750
vt 1.7500 2.0000
vt 1.6250 2.0000
vt 1.7500 1.8750
vt 1.8750 1.8750
vt 1.8750 2.0000
vt 1.7500 2.0000
vt 1.8750 1.8750
vt 2.0000 1.8750
vt 2.0000 2.0000
vt 1.8750 2.0000
vt 2.0000 1.8750
vt 2.1250 1.8750
vt 2.1250 2.0000
vt 2.0000 2.0000
vt 2.1250 1.8750
vt 2.2500 1.8750
vt 2.2500 2.0000
vt 2.1250 2.0000
vt 2.2500 1.8750
vt 2.3750 1.8750
vt 2.3750 2.0000
vt 2.2500 2.0000
vt 2.3750 1.8750
vt 2.5000 1.8750
vt 2.5000 2.0000
vt 2.3750 2.0000
vt 2.5000 1.8750
vt 2.6250 1.8750
vt 2.6250 2.0000
vt 2.5000 2.0000
vt 2.6250 1.8750
vt 2.7500 1.8750
vt 2.7500 2.0000
vt 2.6250 2.0000
vt 2.7500 1.8750
vt 2.8750 1.8750
vt 2.8750 2.0000
vt 2.7500 2.0000
vt 2.8750 1.8750
vt 3.0000 1.8750
vt 3.0000 2.0000
vt 2.8750 2.0000
vt 3.0000 1.8750
vt 3.1250 1.8750
vt 3.1250 2.0000
vt 3.0000 2.0000
vt 3.1250 1.8750
vt 3.2500 1.8750
vt 3.2500 2.0000
vt 3.1250 2.0000
vt 3.2500 1.8750
vt 3.3750 1.8750
vt 3.3750 2.0000
vt 3.2500 2.0000
vt 3.3750 1.8750
vt 3.5000 1.8750
vt 3.5000 2.0000
vt 3.3750 2.0000
vt 3.5000 1.8750
vt 3.6250 1.8750
vt 3.6250 2.0000
vt 3.5000 2.0000
vt 3.6250 1.8750
vt 3.7500 1.8750
vt 3.7500 2.0000
vt 3.6250 2.0000
vt 3.7500 1.8750
vt 3.8750 1.8750
vt 3.8750 2.0000
vt 3.7500 2.0000
vt 3.8750 1.8750
vt 4.0000 1.8750
vt 4.0000 2.0000
vt 3.8750 2.0000
vt 0.0000 2.0000
vt 0.1250 2.0000
vt 0.1250 2.1250
vt 0.0000 2.1250
vt 0.1250 2.0000
vt 0.2500 2.0000
vt 0.2500 2.1250
vt 0.1250 2.1250
vt 0.2500 2.0000
vt 0.3750 2.0000
vt 0.3750 2.1250
vt 0.2500 2.1250
vt 0.3750 2.0000
vt 0.5000 2.0000
vt 0.5000 2.1250
vt 0.3750 2.1250
vt 0.5000 2.0000
vt 0.6250 2.0000
vt 0.6250 2.1250
vt 0.5000 2.1250
vt 0.6250 2.0000
vt 0.7500 2.0000
vt 0.7500 2.1250
vt 0.6250 2.1250
vt 0.7500 2.0000
vt 0.8750 2.0000
vt 0.8750 2.1250
vt 0.7500 2.1250
vt 0.8750 2.0000
vt 1.0000 2.0000
vt 1.0000 2.1250
vt 0.8750 2.1250
vt 1.0000 2.0000
vt 1.1250 2.0000
vt 1.1250 2.1250
vt 1.0000 2.1250
vt 1.1250 2.0000
vt 1.2500 2.0000
vt 1.2500 2.1250
vt 1.1250 2.1250
vt 1.2500 2.0000
vt 1.3750 2.0000
vt 1.3750 2.1250
vt 1.2500 2.1250
vt 1.3750 2.0000
vt 1.5000 2.0000
vt 1.5000 2.1250
vt 1.3750 2.1250
vt 1.5000 2.0000
vt 1.6250 2.0000
vt 1.6250 2.1250
vt 1.5000 2.1250
vt 1.6250 2.0000
vt 1.7500 2.0000
vt 1.7500 2.1250
vt 1.6250 2.1250
vt 1.7500 2.0000
vt 1.8750 2.0000
vt 1.8750 2.1250
vt 1.7500 2.1250
vt 1.8750 2.0000
vt 2.0000 2.0000
vt 2.0000 2.1250
vt 1.8750 2.1250
vt 2.0000 2.0000
vt 2.1250 2.0000
vt 2.1250 2.1250
vt 2.0000 2.1250
vt 2.1250 2.0000
vt 2.2500 2.0000
vt 2.2500 2.1250
vt 2.1250 2.1250
vt 2.2500 2.0000
vt 2.3750 2.0000
vt 2.3750 2.1250
vt 2.2500 2.1250
vt 2.3750 2.0000
vt 2.5000 2.0000
vt 2.5000 2.1250
vt 2.3750 2.1250
vt 2.5000 2.0000
vt 2.6250 2.0000
vt 2.6250 2.1250
vt 2.5000 2.1250
vt 2.6250 2.0000
vt 2.7500 2.0000
vt 2.7500 2.1250
vt 2.6250 2.1250
vt 2.7500 2.0000
vt 2.8750 2.0000
vt 2.8750 2.1250
vt 2.7500 2.1250
vt 2.8750 2.0000
vt 3.0000 2.0000
vt 3.0000 2.1250
vt 2.8750 2.1250
vt 3.0000 2.0000
vt 3.1250 2.0000
vt 3.1250 2.1250
vt 3.0000 2.1250
vt 3.1250 2.0000
vt 3.2500 2.0000
vt 3.2500 2.1250
vt 3.1250 2.1250
vt 3.2500 2.0000
vt 3.3750 2.0000
vt 3.3750 2.1250
vt 3.2500 2.1250
vt 3.3750 2.0000
vt 3.5000 2.0000
vt 3.5000 2.1250
vt 3.3750 2.1250
vt 3.5000 2.0000
vt 3.6250 2.0000
vt 3.6250 2.1250
vt 3.5000 2.1250
vt 3.6250 2.0000
vt 3.7500 2.0000
vt 3.7500 2.1250
vt 3.6250 2.1250
vt 3.7500 2.0000
vt 3.8750 2.0000
vt 3.8750 2.1250
vt 3.7500 2.1250
vt 3.8750 2.0000
vt 4.0000 2.0000
vt 4.0000 2.1250
vt 3.8750 2.1250
vt 0.0000 2.1250
vt 0.1250 2.1250
vt 0.1250 2.2500
vt 0.0000 2.2500
vt 0.1250 2.1250
vt 0.2500 2.1250
vt 0.2500 2.2500
vt 0.1250 2.2500
vt 0.2500 2.1250
vt 0.3750 2.1250
vt 0.3750 2.2500
vt 0.2500 2.2500
vt 0.3750 2.1250
vt 0.5000 2.1250
vt 0.5000 2.2500
vt 0.3750 2.2500
vt 0.5000 2.1250
vt 0.6250 2.1250
vt 0.6250 2.2500
vt 0.5000 2.2500
vt 0.6250 2.1250
vt 0.7500 2.1250
vt 0.7500 2.2500
vt 0.6250 2.2500
vt 0.7500 2.1250
vt 0.8750 2.1250
vt 0.8750 2.2500
vt 0.7500 2.2500
vt 0.8750 2.1250
vt 1.0000 2.1250
vt 1.0000 2.2500
vt 0.8750 2.2500
vt 1.0000 2.1250
vt 1.1250 2.1250
vt 1.1250 2.2500
vt 1.0000 2.2500
vt 1.1250 2.1250
vt 1.2500 2.1250
vt 1.2500 2.2500
vt 1.1250 2.2500
vt 1.2500 2.1250
vt 1.3750 2.1250
vt 1.3750 2.2500
vt 1.2500 2.2500
vt 1.3750 2.1250
vt 1.5000 2.1250
vt 1.5000 2.2500
vt 1.3750 2.2500
vt 1.5000 2.1250
vt 1.6250 2.1250
vt 1.6250 2.2500
vt 1.5000 2.2500
vt 1.6250 2.1250
vt 1.7500 2.1250
vt 1.7500 2.2500
vt 1.6250 2.2500
vt 1.7500 2.1250
vt 1.8750 2.1250
vt 1.8750 2.2500
vt 1.7500 2.2500
vt 1.8750 2.1250
vt 2.0000 2.1250
vt 2.0000 2.2500
vt 1.8750 2.2500
vt 2.0000 2.1250
vt 2.1250 2.1250
vt 2.1250 2.2500
vt 2.0000 2.2500
vt 2.1250 2.1250
vt 2.2500 2.1250
vt 2.2500 2.2500
vt 2.1250 2.2500
vt 2.2500 2.1250
vt 2.3750 2.1250
vt 2.3750 2.2500
vt 2.2500 2.2500
vt 2.3750 2.1250
vt 2.5000 2.1250
vt 2.5000 2.2500
vt 2.3750 2.2500
vt 2.5000 2.1250
vt 2.6250 2.1250
vt 2.6250 2.2500
vt 2.5000 2.2500
vt 2.6250 2.1250
vt 2.7500 2.1250
vt 2.7500 2.2500
vt 2.6250 2.2500
vt 2.7500 2.1250
vt 2.8750 2.1250
vt 2.8750 2.2500
vt 2.7500 2.2500
vt 2.8750 2.1250
vt 3.0000 2.1250
vt 3.0000 2.2500
vt 2.8750 2.2500
vt 3.0000 2.1250
vt 3.1250 2.1250
vt 3.1250 2.2500
vt 3.0000 2.2500
vt 3.1250 2.1250
vt 3.2500 2.1250
vt 3.2500 2.2500
vt 3.1250 2.2500
vt 3.2500 2.1250
vt 3.3750 2.1250
vt 3.3750 2.2500
vt 3.2500 2.2500
vt 3.3750 2.1250
vt 3.5000 2.1250
vt 3.5000 2.2500
vt 3.3750 2.2500
vt 3.5000 2.1250
vt 3.6250 2.1250
vt 3.6250 2.2500
vt 3.5000 2.2500
vt 3.6250 2.1250
vt 3.7500 2.1250
vt 3.7500 2.2500
vt 3.6250 2.2500
vt 3.7500 2.1250
vt 3.8750 2.1250
vt 3.8750 2.2500
vt 3.7500 2.2500
vt 3.8750 2.1250
vt 4.0000 2.1250
vt 4.0000 2.2500
vt 3.8750 2.2500
vt 0.0000 2.2500
vt 0.1250 2.2500
vt 0.1250 2.3750
vt 0.0000 2.3750
vt 0.1250 2.2500
vt 0.2500 2.2500
vt 0.2500 2.3750
vt 0.1250 2.3750
vt 0.2500 2.2500
vt 0.3750 2.2500
vt 0.3750 2.3750
vt 0.2500 2.3750
vt 0.3750 2.2500
vt 0.5000 2.2500
vt 0.5000 2.3750
vt 0.3750 2.3750
vt 0.5000 2.2500
vt 0.6250 2.2500
vt 0.6250 2.3750
vt 0.5000 2.3750
vt 0.6250 2.2500
vt 0.7500 2.2500
vt 0.7500 2.3750
vt 0.6250 2.3750
vt 0.7500 2.2500
vt 0.8750 2.2500
vt 0.8750 2.3750
vt 0.7500 2.3750
vt 0.8750 2.2500
vt 1.0000 2.2500
vt 1.0000 2.3750
vt 0.8750 2.3750
vt 1.0000 2.2500
vt 1.1250 2.2500
vt 1.1250 2.3750
vt 1.0000 2.3750
vt 1.1250 2.2500
vt 1.2500 2.2500
vt 1.2500 2.3750
vt 1.1250 2.3750
vt 1.2500 2.2500
vt 1.3750 2.2500
vt 1.3750 2.3750
vt 1.2500 2.3750
vt 1.3750 2.2500
vt 1.5000 2.2500
vt 1.5000 2.3750
vt 1.3750 2.3750
vt 1.5000 2.2500
vt 1.6250 2.2500
vt 1.6250 2.3750
vt 1.5000 2.3750
vt 1.6250 2.2500
vt 1.7500 2.2500
vt 1.7500 2.3750
vt 1.6250 2.3750
vt 1.7500 2.2500
vt 1.8750 2.2500
vt 1.8750 2.3750
vt 1.7500 2.3750
vt 1.8750 2.2500
vt 2.0000 2.2500
vt 2.0000 2.3750
vt 1.8750 2.3750
vt 2.0000 2.2500
vt 2.1250 2.2500
vt 2.1250 2.3750
vt 2.0000 2.3750
vt 2.1250 2.2500
vt 2.2500 2.2500
vt 2.2500 2.3750
vt 2.1250 2.3750
vt 2.2500 2.2500
vt 2.3750 2.2500
vt 2.3750 2.3750
vt 2.2500 2.3750
vt 2.3750 2.2500
vt 2.5000 2.2500
vt 2.5000 2.3750
vt 2.3750 2.3750
vt 2.5000 2.2500
vt 2.6250 2.2500
vt 2.6250 2.3750
vt 2.5000 2.3750
vt 2.6250 2.2500
vt 2.7500 2.2500
vt 2.7500 2.3750
vt 2.6250 2.3750
vt 2.7500 2.2500
vt 2.8750 2.2500
vt 2.8750 2.3750
vt 2.7500 2.3750
vt 2.8750 2.2500
vt 3.0000 2.2500
vt 3.0000 2.3750
vt 2.8750 2.3750
vt 3.0000 2.2500
vt 3.1250 2.2500
vt 3.1250 2.3750
vt 3.0000 2.3750
vt 3.1250 2.2500
vt 3.2500 2.2500
vt 3.2500 2.3750
vt 3.1250 2.3750
vt 3.2500 2.2500
vt 3.3750 2.2500
vt 3.3750 2.3750
vt 3.2500 2.3750
vt 3.3750 2.2500
vt 3.5000 2.2500
vt 3.5000 2.3750
vt 3.3750 2.3750
vt 3.5000 2.2500
vt 3.6250 2.2500
vt 3.6250 2.3750
vt 3.5000 2.3750
vt 3.6250 2.2500
vt 3.7500 2.2500
vt 3.7500 2.3750
vt 3.6250 2.3750
vt 3.7500 2.2500
vt 3.8750 2.2500
vt 3.8750 2.3750
vt 3.7500 2.3750
vt 3.8750 2.2500
vt 4.0000 2.2500
vt 4.0000 2.3750
vt 3.8750 2.3750
vt 0.0000 2.3750
vt 0.1250 2.3750
vt 0.1250 2.5000
vt 0.0000 2.5000
vt 0.1250 2.3750
vt 0.2500 2.3750
vt 0.2500 2.5000
vt 0.1250 2.5000
vt 0.2500 2.3750
vt 0.3750 2.3750
vt 0.3750 2.5000
vt 0.2500 2.5000
vt 0.3750 2.3750
vt 0.5000 2.3750
vt 0.5000 2.5000
vt 0.3750 2.5000
vt 0.5000 2.3750
vt 0.6250 2.3750
vt 0.6250 2.5000
vt 0.5000 2.5000
vt 0.6250 2.3750
vt 0.7500 2.3750
vt 0.7500 2.5000
vt 0.6250 2.5000
vt 0.7500 2.3750
vt 0.8750 2.3750
vt 0.8750 2.5000
vt 0.7500 2.5000
vt 0.8750 2.3750
vt 1.0000 2.3750
vt 1.0000 2.5000
vt 0.8750 2.5000
vt 1.0000 2.3750
vt 1.1250 2.3750
vt 1.1250 2.5000
vt 1.0000 2.5000
vt 1.1250 2.3750
vt 1.2500 2.3750
vt 1.2500 2.5000
vt 1.1250 2.5000
vt 1.2500 2.3750
vt 1.3750 2.3750
vt 1.3750 2.5000
vt 1.2500 2.5000
vt 1.3750 2.3750
vt 1.5000 2.3750
vt 1.5000 2.5000
vt 1.3750 2.5000
vt 1.5000 2.3750
vt 1.6250 2.3750
vt 1.6250 2.5000
vt 1.5000 2.5000
vt 1.6250 2.3750
vt 1.7500 2.3750
vt 1.7500 2.5000
vt 1.6250 2.5000
vt 1.7500 2.3750
vt 1.8750 2.3750
vt 1.8750 2.5000
vt 1.7500 2.5000
vt 1.8750 2.3750
vt 2.0000 2.3750
vt 2.0000 2.5000
vt 1.8750 2.5000
vt 2.0000 2.3750
vt 2.1250 2.3750
vt 2.1250 2.5000
vt 2.0000 2.5000
vt 2.1250 2.3750
vt 2.2500 2.3750
vt 2.2500 2.5000
vt 2.1250 2.5000
vt 2.2500 2.3750
vt 2.3750 2.3750
vt 2.3750 2.5000
vt 2.2500 2.5000
vt 2.3750 2.3750
vt 2.5000 2.3750
vt 2.5000 2.5000
vt 2.3750 2.5000
vt 2.5000 2.3750
vt 2.6250 2.3750
vt 2.6250 2.5000
vt 2.5000 2.5000
vt 2.6250 2.3750
vt 2.7500 2.3750
vt 2.7500 2.5000
vt 2.6250 2.5000
vt 2.7500 2.3750
vt 2.8750 2.3750
vt 2.8750 2.5000
vt 2.7500 2.5000
vt 2.8750 2.3750
vt 3.0000 2.3750
vt 3.0000 2.5000
vt 2.8750 2.5000
vt 3.0000 2.3750
vt 3.1250 2.3750
vt 3.1250 2.5000
vt 3.0000 2.5000
vt 3.1250 2.3750
vt 3.2500 2.3750
vt 3.2500 2.5000
vt 3.1250 2.5000
vt 3.2500 2.3750
vt 3.3750 2.3750
vt 3.3750 2.5000
vt 3.2500 2.5000
vt 3.3750 2.3750
vt 3.5000 2.3750
vt 3.5000 2.5000
vt 3.3750 2.5000
vt 3.5000 2.3750
vt 3.6250 2.3750
vt 3.6250 2.5000
vt 3.5000 2.5000
vt 3.6250 2.3750
vt 3.7500 2.3750
vt 3.7500 2.5000
vt 3.6250 2.5000
vt 3.7500 2.3750
vt 3.8750 2.3750
vt 3.8750 2.5000
vt 3.7500 2.5000
vt 3.8750 2.3750
vt 4.0000 2.3750
vt 4.0000 2.5000
vt 3.8750 2.5000
vt 0.0000 2.5000
vt 0.1250 2.5000
vt 0.1250 2.6250
vt 0.0000 2.6250
vt 0.1250 2.5000
vt 0.2500 2.5000
vt 0.2500 2.6250
vt 0.1250 2.6250
vt 0.2500 2.5000
vt 0.3750 2.5000
vt 0.3750 2.6250
vt 0.2500 2.6250
vt 0.3750 2.5000
vt 0.5000 2.5000
vt 0.5000 2.6250
vt 0.3750 2.6250
vt 0.5000 2.5000
vt 0.6250 2.5000
vt 0.6250 2.6250
vt 0.5000 2.6250
vt 0.6250 2.5000
vt 0.7500 2.5000
vt 0.7500 2.6250
vt 0.6250 2.6250
vt 0.7500 2.5000
vt 0.8750 2.5000
vt 0.8750 2.6250
vt 0.7500 2.6250
vt 0.8750 2.5000
vt 1.0000 2.5000
vt 1.0000 2.6250
vt 0.8750 2.6250
vt 1.0000 2.5000
vt 1.1250 2.5000
vt 1.1250 2.6250
vt 1.0000 2.6250
vt 1.1250 2.5000
vt 1.2500 2.5000
vt 1.2500 2.6250
vt 1.1250 2.6250
vt 1.2500 2.5000
vt 1.3750 2.5000
vt 1.3750 2.6250
vt 1.2500 2.6250
vt 1.3750 2.5000
vt 1.5000 2.5000
vt 1.5000 2.6250
vt 1.3750 2.6250
vt 1.5000 2.5000
vt 1.6250 2.5000
vt 1.6250 2.6250
vt 1.5000 2.6250
vt 1.6250 2.5000
vt 1.7500 2.5000
vt 1.7500 2.6250
vt 1.6250 2.6250
vt 1.7500 2.5000
vt 1.8750 2.5000
vt 1.8750 2.6250
vt 1.7500 2.6250
vt 1.8750 2.5000
vt 2.0000 2.5000
vt 2.0000 2.6250
vt 1.8750 2.6250
vt 2.0000 2.5000
vt 2.1250 2.5000
vt 2.1250 2.6250
vt 2.0000 2.6250
vt 2.1250 2.5000
vt 2.2500 2.5000
vt 2.2500 2.6250
vt 2.1250 2.6250
vt 2.2500 2.5000
vt 2.3750 2.5000
vt 2.3750 2.6250
vt 2.2500 2.6250
vt 2.3750 2.5000
vt 2.5000 2.5000
vt 2.5000 2.6250
vt 2.3750 2.6250
vt 2.5000 2.5000
vt 2.6250 2.5000
vt 2.6250 2.6250
vt 2.5000 2.6250
vt 2.6250 2.5000
vt 2.7500 2.5000
vt 2.7500 2.6250
vt 2.6250 2.6250
vt 2.7500 2.5000
vt 2.8750 2.5000
vt 2.8750 2.6250
vt 2.7500 2.6250
vt 2.8750 2.5000
vt 3.0000 2.5000
vt 3.0000 2.6250
vt 2.8750 2.6250
vt 3.0000 2.5000
vt 3.1250 2.5000
vt 3.1250 2.6250
vt 3.0000 2.6250
vt 3.1250 2.5000
vt 3.2500 2.5000
vt 3.2500 2.6250
vt 3.1250 2.6250
vt 3.2500 2.5000
vt 3.3750 2.5000
vt 3.3750 2.6250
vt 3.2500 2.6250
vt 3.3750 2.5000
vt 3.5000 2.5000
vt 3.5000 2.6250
vt 3.3750 2.6250
vt 3.5000 2.5000
vt 3.6250 2.5000
vt 3.6250 2.6250
vt 3.5000 2.6250
vt 3.6250 2.5000
vt 3.7500 2.5000
vt 3.7500 2.6250
vt 3.6250 2.6250
vt 3.7500 2.5000
vt 3.8750 2.5000
vt 3.8750 2.6250
vt 3.7500 2.6250
vt 3.8750 2.5000
vt 4.0000 2.5000
vt 4.0000 2.6250
vt 3.8750 2.6250
vt 0.0000 2.6250
vt 0.1250 2.6250
vt 0.1250 2.7500
vt 0.0000 2.7500
vt 0.1250 2.6250
vt 0.2500 2.6250
vt 0.2500 2.7500
vt 0.1250 2.7500
vt 0.2500 2.6250
vt 0.3750 2.6250
vt 0.3750 2.7500
vt 0.2500 2.7500
vt 0.3750 2.6250
vt 0.5000 2.6250
vt 0.5000 2.7500
vt 0.3750 2.7500
vt 0.5000 2.6250
vt 0.6250 2.6250
vt 0.6250 2.7500
vt 0.5000 2.7500
vt 0.6250 2.6250
vt 0.7500 2.6250
vt 0.7500 2.7500
vt 0.6250 2.7500
vt 0.7500 2.6250
vt 0.8750 2.6250
vt 0.8750 2.7500
vt 0.7500 2.7500
vt 0.8750 2.6250
vt 1.0000 2.6250
vt 1.0000 2.7500
vt 0.8750 2.7500
vt 1.0000 2.6250
vt 1.1250 2.6250
vt 1.1250 2.7500
vt 1.0000 2.7500
vt 1.1250 2.6250
vt 1.2500 2.6250
vt 1.2500 2.7500
vt 1.1250 2.7500
vt 1.2500 2.6250
vt 1.3750 2.6250
vt 1.3750 2.7500
vt 1.2500 2.7500
vt 1.3750 2.6250
vt 1.5000 2.6250
vt 1.5000 2.7500
vt 1.3750 2.7500
vt 1.5000 2.6250
vt 1.6250 2.6250
vt 1.6250 2.7500
vt 1.5000 2.7500
vt 1.6250 2.6250
vt 1.7500 2.6250
vt 1.7500 2.7500
vt 1.6250 2.7500
vt 1.7500 2.6250
vt 1.8750 2.6250
vt 1.8750 2.7500
vt 1.7500 2.7500
vt 1.8750 2.6250
vt 2.0000 2.6250
vt 2.0000 2.7500
vt 1.8750 2.7500
vt 2.0000 2.6250
vt 2.1250 2.6250
vt 2.1250 2.7500
vt 2.0000 2.7500
vt 2.1250 2.6250
vt 2.2500 2.6250
vt 2.2500 2.7500
vt 2.1250 2.7500
vt 2.2500 2.6250
vt 2.3750 2.6250
vt 2.3750 2.7500
vt 2.2500 2.7500
vt 2.3750 2.6250
vt 2.5000 2.6250
vt 2.5000 2.7500
vt 2.3750 2.7500
vt 2.5000 2.6250
vt 2.6250 2.6250
vt 2.6250 2.7500
vt 2.5000 2.7500
vt 2.6250 2.6250
vt 2.7500 2.6250
vt 2.7500 2.7500
vt 2.6250 2.7500
vt 2.7500 2.6250
vt 2.8750 2.6250
vt 2.8750 2.7500
vt 2.7500 2.7500
vt 2.8750 2.6250
vt 3.0000 2.6250
vt 3.0000 2.7500
vt 2.8750 2.7500
vt 3.0000 2.6250
vt 3.1250 2.6250
vt 3.1250 2.7500
vt 3.0000 2.7500
vt 3.1250 2.6250
vt 3.2500 2.6250
vt 3.2500 2.7500
vt 3.1250 2.7500
vt 3.2500 2.6250
vt 3.3750 2.6250
vt 3.3750 2.7500
vt 3.2500 2.7500
vt 3.3750 2.6250
vt 3.5000 2.6250
vt 3.5000 2.7500
vt 3.3750 2.7500
vt 3.5000 2.6250
vt 3.6250 2.6250
vt 3.6250 2.7500
vt 3.5000 2.7500
vt 3.6250 2.6250
vt 3.7500 2.6250
vt 3.7500 2.7500
vt 3.6250 2.7500
vt 3.7500 2.6250
vt 3.8750 2.6250
vt 3.8750 2.7500
vt 3.7500 2.7500
vt 3.8750 2.6250
vt 4.0000 2.6250
vt 4.0000 2.7500
vt 3.8750 2.7500
vt 0.0000 2.7500
vt 0.1250 2.7500
vt 0.1250 2.8750
vt 0.0000 2.8750
vt 0.1250 2.7500
vt 0.2500 2.7500
vt 0.2500 2.8750
vt 0.1250 2.8750
vt 0.2500 2.7500
vt 0.3750 2.7500
vt 0.3750 2.8750
vt 0.2500 2.8750
vt 0.3750 2.7500
vt 0.5000 2.7500
vt 0.5000 2.8750
vt 0.3750 2.8750
vt 0.5000 2.7500
vt 0.6250 2.7500
vt 0.6250 2.8750
vt 0.5000 2.8750
vt 0.6250 2.7500
vt 0.7500 2.7500
vt 0.7500 2.8750
vt 0.6250 2.8750
vt 0.7500 2.7500
vt 0.8750 2.7500
vt 0.8750 2.8750
vt 0.7500 2.8750
vt 0.8750 2.7500
vt 1.0000 2.7500
vt 1.0000 2.8750
vt 0.8750 2.8750
vt 1.0000 2.7500
vt 1.1250 2.7500
vt 1.1250 2.8750
vt 1.0000 2.8750
vt 1.1250 2.7500
vt 1.2500 2.7500
vt 1.2500 2.8750
vt 1.1250 2.8750
vt 1.2500 2.7500
vt 1.3750 2.7500
vt 1.3750 2.8750
vt 1.2500 2.8750
vt 1.3750 2.7500
vt 1.5000 2.7500
vt 1.5000 2.8750
vt 1.3750 2.8750
vt 1.5000 2.7500
vt 1.6250 2.7500
vt 1.6250 2.8750
vt 1.5000 2.8750
vt 1.6250 2.7500
vt 1.7500 2.7500
vt 1.7500 2.8750
vt 1.6250 2.8750
vt 1.7500 2.7500
vt 1.8750 2.7500
vt 1.8750 2.8750
vt 1.7500 2.8750
vt 1.8750 2.7500
vt 2.0000 2.7500
vt 2.0000 2.8750
vt 1.8750 2.8750
vt 2.0000 2.7500
vt 2.1250 2.7500
vt 2.1250 2.8750
vt 2.0000 2.8750
vt 2.1250 2.7500
vt 2.2500 2.7500
vt 2.2500 2.8750
vt 2.1250 2.8750
vt 2.2500 2.7500
vt 2.3750 2.7500
vt 2.3750 2.8750
vt 2.2500 2.8750
vt 2.3750 2.7500
vt 2.5000 2.7500
vt 2.5000 2.8750
vt 2.3750 2.8750
vt 2.5000 2.7500
vt 2.6250 2.7500
vt 2.6250 2.8750
vt 2.5000 2.8750
vt 2.6250 2.7500
vt 2.7500 2.7500
vt 2.7500 2.8750
vt 2.6250 2.8750
vt 2.7500 2.7500
vt 2.8750 2.7500
vt 2.8750 2.8750
vt 2.7500 2.8750
vt 2.8750 2.7500
vt 3.0000 2.7500
vt 3.0000 2.8750
vt 2.8750 2.8750
vt 3.0000 2.7500
vt 3.1250 2.7500
vt 3.1250 2.8750
vt 3.0000 2.8750
vt 3.1250 2.7500
vt 3.2500 2.7500
vt 3.2500 2.8750
vt 3.1250 2.8750
vt 3.2500 2.7500
vt 3.3750 2.7500
vt 3.3750 2.8750
vt 3.2500 2.8750
vt 3.3750 2.7500
vt 3.5000 2.7500
vt 3.5000 2.8750
vt 3.3750 2.8750
vt 3.5000 2.7500
vt 3.6250 2.7500
vt 3.6250 2.8750
vt 3.5000 2.8750
vt 3.6250 2.7500
vt 3.7500 2.7500
vt 3.7500 2.8750
vt 3.6250 2.8750
vt 3.7500 2.7500
vt 3.8750 2.7500
vt 3.8750 2.8750
vt 3.7500 2.8750
vt 3.8750 2.7500
vt 4.0000 2.7500
vt 4.0000 2.8750
vt 3.8750 2.8750
vt 0.0000 2.8750
vt 0.1250 2.8750
vt 0.1250 3.0000
vt 0.0000 3.0000
vt 0.1250 2.8750
vt 0.2500 2.8750
vt 0.2500 3.0000
vt 0.1250 3.0000
vt 0.2500 2.8750
vt 0.3750 2.8750
vt 0.3750 3.0000
vt 0.2500 3.0000
vt 0.3750 2.8750
vt 0.5000 2.8750
vt 0.5000 3.0000
vt 0.3750 3.0000
vt 0.5000 2.8750
vt 0.6250 2.8750
vt 0.6250 3.0000
vt 0.5000 3.0000
vt 0.6250 2.8750
vt 0.7500 2.8750
vt 0.7500 3.0000
vt 0.6250 3.0000
vt 0.7500 2.8750
vt 0.8750 2.8750
vt 0.8750 3.0000
vt 0.7500 3.0000
vt 0.8750 2.8750
vt 1.0000 2.8750
vt 1.0000 3.0000
vt 0.8750 3.0000
vt 1.0000 2.8750
vt 1.1250 2.8750
vt 1.1250 3.0000
vt 1.0000 3.0000
vt 1.1250 2.8750
vt 1.2500 2.8750
vt 1.2500 3.0000
vt 1.1250 3.0000
vt 1.2500 2.8750
vt 1.3750 2.8750
vt 1.3750 3.0000
vt 1.2500 3.0000
vt 1.3750 2.8750
vt 1.5000 2.8750
vt 1.5000 3.0000
vt 1.3750 3.0000
vt 1.5000 2.8750
vt 1.6250 2.8750
vt 1.6250 3.0000
vt 1.5000 3.0000
vt 1.6250 2.8750
vt 1.7500 2.8750
vt 1.7500 3.0000
vt 1.6250 3.0000
vt 1.7500 2.8750
vt 1.8750 2.8750
vt 1.8750 3.0000
vt 1.7500 3.0000
vt 1.8750 2.8750
vt 2.0000 2.8750
vt 2.0000 3.0000
vt 1.8750 3.0000
vt 2.0000 2.8750
vt 2.1250 2.8750
vt 2.1250 3.0000
vt 2.0000 3.0000
vt 2.1250 2.8750
vt 2.2500 2.8750
vt 2.2500 3.0000
vt 2.1250 3.0000
vt 2.2500 2.8750
vt 2.3750 2.8750
vt 2.3750 3.0000
vt 2.2500 3.0000
vt 2.3750 2.8750
vt 2.5000 2.8750
vt 2.5000 3.0000
vt 2.3750 3.0000
vt 2.5000 2.8750
vt 2.6250 2.8750
vt 2.6250 3.0000
vt 2.5000 3.0000
vt 2.6250 2.8750
vt 2.7500 2.8750
vt 2.7500 3.0000
vt 2.6250 3.0000
vt 2.7500 2.8750
vt 2.8750 2.8750
vt 2.8750 3.0000
vt 2.7500 3.0000
vt 2.8750 2.8750
vt 3.0000 2.8750
vt 3.0000 3.0000
vt 2.8750 3.0000
vt 3.0000 2.8750
vt 3.1250 2.8750
vt 3.1250 3.0000
vt 3.0000 3.0000
vt 3.1250 2.8750
vt 3.2500 2.8750
vt 3.2500 3.0000
vt 3.1250 3.0000
vt 3.2500 2.8750
vt 3.3750 2.8750
vt 3.3750 3.0000
vt 3.2500 3.0000
vt 3.3750 2.8750
vt 3.5000 2.8750
vt 3.5000 3.0000
vt 3.3750 3.0000
vt 3.5000 2.8750
vt 3.6250 2.8750
vt 3.6250 3.0000
vt 3.5000 3.0000
vt 3.6250 2.8750
vt 3.7500 2.8750
vt 3.7500 3.0000
vt 3.6250 3.0000
vt 3.7500 2.8750
vt 3.8750 2.8750
vt 3.8750 3.0000
vt 3.7500 3.0000
vt 3.8750 2.8750
vt 4.0000 2.8750
vt 4.0000 3.0000
vt 3.8750 3.0000
vt 0.0000 3.0000
vt 0.1250 3.0000
vt 0.1250 3.1250
vt 0.0000 3.1250
vt 0.1250 3.0000
vt 0.2500 3.0000
vt 0.2500 3.1250
vt 0.1250 3.1250
vt 0.2500 3.0000
vt 0.3750 3.0000
vt 0.3750 3.1250
vt 0.2500 3.1250
vt 0.3750 3.0000
vt 0.5000 3.0000
vt 0.5000 3.1250
vt 0.3750 3.1250
vt 0.5000 3.0000
vt 0.6250 3.0000
vt 0.6250 3.1250
vt 0.5000 3.1250
vt 0.6250 3.0000
vt 0.7500 3.0000
vt 0.7500 3.1250
vt 0.6250 3.1250
vt 0.7500 3.0000
vt 0.8750 3.0000
vt 0.8750 3.1250
vt 0.7500 3.1250
vt 0.8750 3.0000
vt 1.0000 3.0000
vt 1.0000 3.1250
vt 0.8750 3.1250
vt 1.0000 3.0000
vt 1.1250 3.0000
vt 1.1250 3.1250
vt 1.0000 3.1250
vt 1.1250 3.0000
vt 1.2500 3.0000
vt 1.2500 3.1250
vt 1.1250 3.1250
vt 1.2500 3.0000
vt 1.3750 3.0000
vt 1.3750 3.1250
vt 1.2500 3.1250
vt 1.3750 3.0000
vt 1.5000 3.0000
vt 1.5000 3.1250
vt 1.3750 3.1250
vt 1.5000 3.0000
vt 1.6250 3.0000
vt 1.6250 3.1250
vt 1.5000 3.1250
vt 1.6250 3.0000
vt 1.7500 3.0000
vt 1.7500 3.1250
vt 1.6250 3.1250
vt 1.7500 3.0000
vt 1.8750 3.0000
vt 1.8750 3.1250
vt 1.7500 3.1250
vt 1.8750 3.0000
vt 2.0000 3.0000
vt 2.0000 3.1250
vt 1.8750 3.1250
vt 2.0000 3.0000
vt 2.1250 3.0000
vt 2.1250 3.1250
vt 2.0000 3.1250
vt 2.1250 3.0000
vt 2.2500 3.0000
vt 2.2500 3.1250
vt 2.1250 3.1250
vt 2.2500 3.0000
vt 2.3750 3.0000
vt 2.3750 3.1250
vt 2.2500 3.1250
vt 2.3750 3.0000
vt 2.5000 3.0000
vt 2.5000 3.1250
vt 2.3750 3.1250
vt 2.5000 3.0000
vt 2.6250 3.0000
vt 2.6250 3.1250
vt 2.5000 3.1250
vt 2.6250 3.0000
vt 2.7500 3.0000
vt 2.7500 3.1250
vt 2.6250 3.1250
vt 2.7500 3.0000
vt 2.8750 3.0000
vt 2.8750 3.1250
vt 2.7500 3.1250
vt 2.8750 3.0000
vt 3.0000 3.0000
vt 3.0000 3.1250
vt 2.8750 3.1250
vt 3.0000 3.0000
vt 3.1250 3.0000
vt 3.1250 3.1250
vt 3.0000 3.1250
vt 3.1250 3.0000
vt 3.2500 3.0000
vt 3.2500 3.1250
vt 3.1250 3.1250
vt 3.2500 3.0000
vt 3.3750 3.0000
vt 3.3750 3.1250
vt 3.2500 3.1250
vt 3.3750 3.0000
vt 3.5000 3.0000
vt 3.5000 3.1250
vt 3.3750 3.1250
vt 3.5000 3.0000
vt 3.6250 3.0000
vt 3.6250 3.1250
vt 3.5000 3.1250
vt 3.6250 3.0000
vt 3.7500 3.0000
vt 3.7500 3.1250
vt 3.6250 3.1250
vt 3.7500 3.0000
vt 3.8750 3.0000
vt 3.8750 3.1250
vt 3.7500 3.1250
vt 3.8750 3.0000
vt 4.0000 3.0000
vt 4.0000 3.1250
vt 3.8750 3.1250
vt 0.0000 3.1250
vt 0.1250 3.1250
vt 0.1250 3.2500
vt 0.0000 3.2500
vt 0.1250 3.1250
vt 0.2500 3.1250
vt 0.2500 3.2500
vt 0.1250 3.2500
vt 0.2500 3.1250
vt 0.3750 3.1250
vt 0.3750 3.2500
vt 0.2500 3.2500
vt 0.3750 3.1250
vt 0.5000 3.1250
vt 0.5000 3.2500
vt 0.3750 3.2500
vt 0.5000 3.1250
vt 0.6250 3.1250
vt 0.6250 3.2500
vt 0.5000 3.2500
vt 0.6250 3.1250
vt 0.7500 3.1250
vt 0.7500 3.2500
vt 0.6250 3.2500
vt 0.7500 3.1250
vt 0.8750 3.1250
vt 0.8750 3.2500
vt 0.7500 3.2500
vt 0.8750 3.1250
vt 1.0000 3.1250
vt 1.0000 3.2500
vt 0.8750 3.2500
vt 1.0000 3.1250
vt 1.1250 3.1250
vt 1.1250 3.2500
vt 1.0000 3.2500
vt 1.1250 3.1250
vt 1.2500 3.1250
vt 1.2500 3.2500
vt 1.1250 3.2500
vt 1.2500 3.1250
vt 1.3750 3.1250
vt 1.3750 3.2500
vt 1.2500 3.2500
vt 1.3750 3.1250
vt 1.5000 3.1250
vt 1.5000 3.2500
vt 1.3750 3.2500
vt 1.5000 3.1250
vt 1.6250 3.1250
vt 1.6250 3.2500
vt 1.5000 3.2500
vt 1.6250 3.1250
vt 1.7500 3.1250
vt 1.7500 3.2500
vt 1.6250 3.2500
vt 1.7500 3.1250
vt 1.8750 3.1250
vt 1.8750 3.2500
vt 1.7500 3.2500
vt 1.8750 3.1250
vt 2.0000 3.1250
vt 2.0000 3.2500
vt 1.8750 3.2500
vt 2.0000 3.1250
vt 2.1250 3.1250
vt 2.1250 3.2500
vt 2.0000 3.2500
vt 2.1250 3.1250
vt 2.2500 3.1250
vt 2.2500 3.2500
vt 2.1250 3.2500
vt 2.2500 3.1250
vt 2.3750 3.1250
vt 2.3750 3.2500
vt 2.2500 3.2500
vt 2.3750 3.1250
vt 2.5000 3.1250
vt 2.5000 3.2500
vt 2.3750 3.2500
vt 2.5000 3.1250
vt 2.6250 3.1250
vt 2.6250 3.2500
vt 2.5000 3.2500
vt 2.6250 3.1250
vt 2.7500 3.1250
vt 2.7500 3.2500
vt 2.6250 3.2500
vt 2.7500 3.1250
vt 2.8750 3.1250
vt 2.8750 3.2500
vt 2.7500 3.2500
vt 2.8750 3.1250
vt 3.0000 3.1250
vt 3.0000 3.2500
vt 2.8750 3.2500
vt 3.0000 3.1250
vt 3.1250 3.1250
vt 3.1250 3.2500
vt 3.0000 3.2500
vt 3.1250 3.1250
vt 3.2500 3.1250
vt 3.2500 3.2500
vt 3.1250 3.2500
vt 3.2500 3.1250
vt 3.3750 3.1250
vt 3.3750 3.2500
vt 3.2500 3.2500
vt 3.3750 3.1250
vt 3.5000 3.1250
vt 3.5000 3.2500
vt 3.3750 3.2500
vt 3.5000 3.1250
vt 3.6250 3.1250
vt 3.6250 3.2500
vt 3.5000 3.2500
vt 3.6250 3.1250
vt 3.7500 3.1250
vt 3.7500 3.2500
vt 3.6250 3.2500
vt 3.7500 3.1250
vt 3.8750 3.1250
vt 3.8750 3.2500
vt 3.7500 3.2500
vt 3.8750 3.1250
vt 4.0000 3.1250
vt 4.0000 3.2500
vt 3.8750 3.2500
vt 0.0000 3.2500
vt 0.1250 3.2500
vt 0.1250 3.3750
vt 0.0000 3.3750
vt 0.1250 3.2500
vt 0.2500 3.2500
vt 0.2500 3.3750
vt 0.1250 3.3750
vt 0.2500 3.2500
vt 0.3750 3.2500
vt 0.3750 3.3750
vt 0.2500 3.3750
vt 0.3750 3.2500
vt 0.5000 3.2500
vt 0.5000 3.3750
vt 0.3750 3.3750
vt 0.5000 3.2500
vt 0.6250 3.2500
vt 0.6250 3.3750
vt 0.5000 3.3750
vt 0.6250 3.2500
vt 0.7500 3.2500
vt 0.7500 3.3750
vt 0.6250 3.3750
vt 0.7500 3.2500
vt 0.8750 3.2500
vt 0.8750 3.3750
vt 0.7500 3.3750
vt 0.8750 3.2500
vt 1.0000 3.2500
vt 1.0000 3.3750
vt 0.8750 3.3750
vt 1.0000 3.2500
vt 1.1250 3.2500
vt 1.1250 3.3750
vt 1.0000 3.3750
vt 1.1250 3.2500
vt 1.2500 3.2500
vt 1.2500 3.3750
vt 1.1250 3.3750
vt 1.2500 3.2500
vt 1.3750 3.2500
vt 1.3750 3.3750
vt 1.2500 3.3750
vt 1.3750 3.2500
vt 1.5000 3.2500
vt 1.5000 3.3750
vt 1.3750 3.3750
vt 1.5000 3.2500
vt 1.6250 3.2500
vt 1.6250 3.3750
vt 1.5000 3.3750
vt 1.6250 3.2500
vt 1.7500 3.2500
vt 1.7500 3.3750
vt 1.6250 3.3750
vt 1.7500 3.2500
vt 1.8750 3.2500
vt 1.8750 3.3750
vt 1.7500 3.3750
vt 1.8750 3.2500
vt 2.0000 3.2500
vt 2.0000 3.3750
vt 1.8750 3.3750
vt 2.0000 3.2500
vt 2.1250 3.2500
vt 2.1250 3.3750
vt 2.0000 3.3750
vt 2.1250 3.2500
vt 2.2500 3.2500
vt 2.2500 3.3750
vt 2.1250 3.3750
vt 2.2500 3.2500
vt 2.3750 3.2500
vt 2.3750 3.3750
vt 2.2500 3.3750
vt 2.3750 3.2500
vt 2.5000 3.2500
vt 2.5000 3.3750
vt 2.3750 3.3750
vt 2.5000 3.2500
vt 2.6250 3.2500
vt 2.6250 3.3750
vt 2.5000 3.3750
vt 2.6250 3.2500
vt 2.7500 3.2500
vt 2.7500 3.3750
vt 2.6250 3.3750
vt 2.7500 3.2500
vt 2.8750 3.2500
vt 2.8750 3.3750
vt 2.7500 3.3750
vt 2.8750 3.2500
vt 3.0000 3.2500
vt 3.0000 3.3750
vt 2.8750 3.3750
vt 3.0000 3.2500
vt 3.1250 3.2500
vt 3.1250 3.3750
vt 3.0000 3.3750
vt 3.1250 3.2500
vt 3.2500 3.2500
vt 3.2500 3.3750
vt 3.1250 3.3750
vt 3.2500 3.2500
vt 3.3750 3.2500
vt 3.3750 3.3750
vt 3.2500 3.3750
vt 3.3750 3.2500
vt 3.5000 3.2500
vt 3.5000 3.3750
vt 3.3750 3.3750
vt 3.5000 3.2500
vt 3.6250 3.2500
vt 3.6250 3.3750
vt 3.5000 3.3750
vt 3.6250 3.2500
vt 3.7500 3.2500
vt 3.7500 3.3750
vt 3.6250 3.3750
vt 3.7500 3.2500
vt 3.8750 3.2500
vt 3.8750 3.3750
vt 3.7500 3.3750
vt 3.8750 3.2500
vt 4.0000 3.2500
vt 4.0000 3.3750
vt 3.8750 3.3750
vt 0.0000 3.3750
vt 0.1250 3.3750
vt 0.1250 3.5000
vt 0.0000 3.5000
vt 0.1250 3.3750
vt 0.2500 3.3750
vt 0.2500 3.5000
vt 0.1250 3.5000
vt 0.2500 3.3750
vt 0.3750 3.3750
vt 0.3750 3.5000
vt 0.2500 3.5000
vt 0.3750 3.3750
vt 0.5000 3.3750
vt 0.5000 3.5000
vt 0.3750 3.5000
vt 0.5000 3.3750
vt 0.6250 3.3750
vt 0.6250 3.5000
vt 0.5000 3.5000
vt 0.6250 3.3750
vt 0.7500 3.3750
vt 0.7500 3.5000
vt 0.6250 3.5000
vt 0.7500 3.3750
vt 0.8750 3.3750
vt 0.8750 3.5000
vt 0.7500 3.5000
vt 0.8750 3.3750
vt 1.0000 3.3750
vt 1.0000 3.5000
vt 0.8750 3.5000
vt 1.0000 3.3750
vt 1.1250 3.3750
vt 1.1250 3.5000
vt 1.0000 3.5000
vt 1.1250 3.3750
vt 1.2500 3.3750
vt 1.2500 3.5000
vt 1.1250 3.5000
vt 1.2500 3.3750
vt 1.3750 3.3750
vt 1.3750 3.5000
vt 1.2500 3.5000
vt 1.3750 3.3750
vt 1.5000 3.3750
vt 1.5000 3.5000
vt 1.3750 3.5000
vt 1.5000 3.3750
vt 1.6250 3.3750
vt 1.6250 3.5000
vt 1.5000 3.5000
vt 1.6250 3.3750
vt 1.7500 3.3750
vt 1.7500 3.5000
vt 1.6250 3.5000
vt 1.7500 3.3750
vt 1.8750 3.3750
vt 1.8750 3.5000
vt 1.7500 3.5000
vt 1.8750 3.3750
vt 2.0000 3.3750
vt 2.0000 3.5000
vt 1.8750 3.5000
vt 2.0000 3.3750
vt 2.1250 3.3750
vt 2.1250 3.5000
vt 2.0000 3.5000
vt 2.1250 3.3750
vt 2.2500 3.3750
vt 2.2500 3.5000
vt 2.1250 3.5000
vt 2.2500 3.3750
vt 2.3750 3.3750
vt 2.3750 3.5000
vt 2.2500 3.5000
vt 2.3750 3.3750
vt 2.5000 3.3750
vt 2.5000 3.5000
vt 2.3750 3.5000
vt 2.5000 3.3750
vt 2.6250 3.3750
vt 2.6250 3.5000
vt 2.5000 3.5000
vt 2.6250 3.3750
vt 2.7500 3.3750
vt 2.7500 3.5000
vt 2.6250 3.5000
vt 2.7500 3.3750
vt 2.8750 3.3750
vt 2.8750 3.5000
vt 2.7500 3.5000
vt 2.8750 3.3750
vt 3.0000 3.3750
vt 3.0000 3.5000
vt 2.8750 3.5000
vt 3.0000 3.3750
vt 3.1250 3.3750
vt 3.1250 3.5000
vt 3.0000 3.5000
vt 3.1250 3.3750
vt 3.2500 3.3750
vt 3.2500 3.5000
vt 3.1250 3.5000
vt 3.2500 3.3750
vt 3.3750 3.3750
vt 3.3750 3.5000
vt 3.2500 3.5000
vt 3.3750 3.3750
vt 3.5000 3.3750
vt 3.5000 3.5000
vt 3.3750 3.5000
vt 3.5000 3.3750
vt 3.6250 3.3750
vt 3.6250 3.5000
vt 3.5000 3.5000
vt 3.6250 3.3750
vt 3.7500 3.3750
vt 3.7500 3.5000
vt 3.6250 3.5000
vt 3.7500 3.3750
vt 3.8750 3.3750
vt 3.8750 3.5000
vt 3.7500 3.5000
vt 3.8750 3.3750
vt 4.0000 3.3750
vt 4.0000 3.5000
vt 3.8750 3.5000
vt 0.0000 3.5000
vt 0.1250 3.5000
vt 0.1250 3.6250
vt 0.0000 3.6250
vt 0.1250 3.5000
vt 0.2500 3.5000
vt 0.2500 3.6250
vt 0.1250 3.6250
vt 0.2500 3.5000
vt 0.3750 3.5000
vt 0.3750 3.6250
vt 0.2500 3.6250
vt 0.3750 3.5000
vt 0.5000 3.5000
vt 0.5000 3.6250
vt 0.3750 3.6250
vt 0.5000 3.5000
vt 0.6250 3.5000
vt 0.6250 3.6250
vt 0.5000 3.6250
vt 0.6250 3.5000
vt 0.7500 3.5000
vt 0.7500 3.6250
vt 0.6250 3.6250
vt 0.7500 3.5000
vt 0.8750 3.5000
vt 0.8750 3.6250
vt 0.7500 3.6250
vt 0.8750 3.5000
vt 1.0000 3.5000
vt 1.0000 3.6250
vt 0.8750 3.6250
vt 1.0000 3.5000
vt 1.1250 3.5000
vt 1.1250 3.6250
vt 1.0000 3.6250
vt 1.1250 3.5000
vt 1.2500 3.5000
vt 1.2500 3.6250
vt 1.1250 3.6250
vt 1.2500 3.5000
vt 1.3750 3.5000
vt 1.3750 3.6250
vt 1.2500 3.6250
vt 1.3750 3.5000
vt 1.5000 3.5000
vt 1.5000 3.6250
vt 1.3750 3.6250
vt 1.5000 3.5000
vt 1.6250 3.5000
vt 1.6250 3.6250
vt 1.5000 3.6250
vt 1.6250 3.5000
vt 1.7500 3.5000
vt 1.7500 3.6250
vt 1.6250 3.6250
vt 1.7500 3.5000
vt 1.8750 3.5000
vt 1.8750 3.6250
vt 1.7500 3.6250
vt 1.8750 3.5000
vt 2.0000 3.5000
vt 2.0000 3.6250
vt 1.8750 3.6250
vt 2.0000 3.5000
vt 2.1250 3.5000
vt 2.1250 3.6250
vt 2.0000 3.6250
vt 2.1250 3.5000
vt 2.2500 3.5000
vt 2.2500 3.6250
vt 2.1250 3.6250
vt 2.2500 3.5000
vt 2.3750 3.5000
vt 2.3750 3.6250
vt 2.2500 3.6250
vt 2.3750 3.5000
vt 2.5000 3.5000
vt 2.5000 3.6250
vt 2.3750 3.6250
vt 2.5000 3.5000
vt 2.6250 3.5000
vt 2.6250 3.6250
vt 2.5000 3.6250
vt 2.6250 3.5000
vt 2.7500 3.5000
vt 2.7500 3.6250
vt 2.6250 3.6250
vt 2.7500 3.5000
vt 2.8750 3.5000
vt 2.8750 3.6250
vt 2.7500 3.6250
vt 2.8750 3.5000
vt 3.0000 3.5000
vt 3.0000 3.6250
vt 2.8750 3.6250
vt 3.0000 3.5000
vt 3.1250 3.5000
vt 3.1250 3.6250
vt 3.0000 3.6250
vt 3.1250 3.5000
vt 3.2500 3.5000
vt 3.2500 3.6250
vt 3.1250 3.6250
vt 3.2500 3.5000
vt 3.3750 3.5000
vt 3.3750 3.6250
vt 3.2500 3.6250
vt 3.3750 3.5000
vt 3.5000 3.5000
vt 3.5000 3.6250
vt 3.3750 3.6250
vt 3.5000 3.5000
vt 3.6250 3.5000
vt 3.6250 3.6250
vt 3.5000 3.6250
vt 3.6250 3.5000
vt 3.7500 3.5000
vt 3.7500 3.6250
vt 3.6250 3.6250
vt 3.7500 3.5000
vt 3.8750 3.5000
vt 3.8750 3.6250
vt 3.7500 3.6250
vt 3.8750 3.5000
vt 4.0000 3.5000
vt 4.0000 3.6250
vt 3.8750 3.6250
vt 0.0000 3.6250
vt 0.1250 3.6250
vt 0.1250 3.7500
vt 0.0000 3.7500
vt 0.1250 3.6250
vt 0.2500 3.6250
vt 0.2500 3.7500
vt 0.1250 3.7500
vt 0.2500 3.6250
vt 0.3750 3.6250
vt 0.3750 3.7500
vt 0.2500 3.7500
vt 0.3750 3.6250
vt 0.5000 3.6250
vt 0.5000 3.7500
vt 0.3750 3.7500
vt 0.5000 3.6250
vt 0.6250 3.6250
vt 0.6250 3.7500
vt 0.5000 3.7500
vt 0.6250 3.6250
vt 0.7500 3.6250
vt 0.7500 3.7500
vt 0.6250 3.7500
vt 0.7500 3.6250
vt 0.8750 3.6250
vt 0.8750 3.7500
vt 0.7500 3.7500
vt 0.8750 3.6250
vt 1.0000 3.6250
vt 1.0000 3.7500
vt 0.8750 3.7500
vt 1.0000 3.6250
vt 1.1250 3.6250
vt 1.1250 3.7500
vt 1.0000 3.7500
vt 1.1250 3.6250
vt 1.2500 3.6250
vt 1.2500 3.7500
vt 1.1250 3.7500
vt 1.2500 3.6250
vt 1.3750 3.6250
vt 1.3750 3.7500
vt 1.2500 3.7500
vt 1.3750 3.6250
vt 1.5000 3.6250
vt 1.5000 3.7500
vt 1.3750 3.7500
vt 1.5000 3.6250
vt 1.6250 3.6250
vt 1.6250 3.7500
vt 1.5000 3.7500
vt 1.6250 3.6250
vt 1.7500 3.6250
vt 1.7500 3.7500
vt 1.6250 3.7500
vt 1.7500 3.6250
vt 1.8750 3.6250
vt 1.8750 3.7500
vt 1.7500 3.7500
vt 1.8750 3.6250
vt 2.0000 3.6250
vt 2.0000 3.7500
vt 1.8750 3.7500
vt 2.0000 3.6250
vt 2.1250 3.6250
vt 2.1250 3.7500
vt 2.0000 3.7500
vt 2.1250 3.6250
vt 2.2500 3.6250
vt 2.2500 3.7500
vt 2.1250 3.7500
vt 2.2500 3.6250
vt 2.3750 3.6250
vt 2.3750 3.7500
vt 2.2500 3.7500
vt 2.3750 3.6250
vt 2.5000 3.6250
vt 2.5000 3.7500
vt 2.3750 3.7500
vt 2.5000 3.6250
vt 2.6250 3.6250
vt 2.6250 3.7500
vt 2.5000 3.7500
vt 2.6250 3.6250
vt 2.7500 3.6250
vt 2.7500 3.7500
vt 2.6250 3.7500
vt 2.7500 3.6250
vt 2.8750 3.6250
vt 2.8750 3.7500
vt 2.7500 3.7500
vt 2.8750 3.6250
vt 3.0000 3.6250
vt 3.0000 3.7500
vt 2.8750 3.7500
vt 3.0000 3.6250
vt 3.1250 3.6250
vt 3.1250 3.7500
vt 3.0000 3.7500
vt 3.1250 3.6250
vt 3.2500 3.6250
vt 3.2500 3.7500
vt 3.1250 3.7500
vt 3.2500 3.6250
vt 3.3750 3.6250
vt 3.3750 3.7500
vt 3.2500 3.7500
vt 3.3750 3.6250
vt 3.5000 3.6250
vt 3.5000 3.7500
vt 3.3750 3.7500
vt 3.5000 3.6250
vt 3.6250 3.6250
vt 3.6250 3.7500
vt 3.5000 3.7500
vt 3.6250 3.6250
vt 3.7500 3.6250
vt 3.7500 3.7500
vt 3.6250 3.7500
vt 3.7500 3.6250
vt 3.8750 3.6250
vt 3.8750 3.7500
vt 3.7500 3.7500
vt 3.8750 3.6250
vt 4.0000 3.6250
vt 4.0000 3.7500
vt 3.8750 3.7500
vt 0.0000 3.7500
vt 0.1250 3.7500
vt 0.1250 3.8750
vt 0.0000 3.8750
vt 0.1250 3.7500
vt 0.2500 3.7500
vt 0.2500 3.8750
vt 0.1250 3.8750
vt 0.2500 3.7500
vt 0.3750 3.7500
vt 0.3750 3.8750
vt 0.2500 3.8750
vt 0.3750 3.7500
vt 0.5000 3.7500
vt 0.5000 3.8750
vt 0.3750 3.8750
vt 0.5000 3.7500
vt 0.6250 3.7500
vt 0.6250 3.8750
vt 0.5000 3.8750
vt 0.6250 3.7500
vt 0.7500 3.7500
vt 0.7500 3.8750
vt 0.6250 3.8750
vt 0.7500 3.7500
vt 0.8750 3.7500
vt 0.8750 3.8750
vt 0.7500 3.8750
vt 0.8750 3.7500
vt 1.0000 3.7500
vt 1.0000 3.8750
vt 0.8750 3.8750
vt 1.0000 3.7500
vt 1.1250 3.7500
vt 1.1250 3.8750
vt 1.0000 3.8750
vt 1.1250 3.7500
vt 1.2500 3.7500
vt 1.2500 3.8750
vt 1.1250 3.8750
vt 1.2500 3.7500
vt 1.3750 3.7500
vt 1.3750 3.8750
vt 1.2500 3.8750
vt 1.3750 3.7500
vt 1.5000 3.7500
vt 1.5000 3.8750
vt 1.3750 3.8750
vt 1.5000 3.7500
vt 1.6250 3.7500
vt 1.6250 3.8750
vt 1.5000 3.8750
vt 1.6250 3.7500
vt 1.7500 3.7500
vt 1.7500 3.8750
vt 1.6250 3.8750
vt 1.7500 3.7500
vt 1.8750 3.7500
vt 1.8750 3.8750
vt 1.7500 3.8750
vt 1.8750 3.7500
vt 2.0000 3.7500
vt 2.0000 3.8750
vt 1.8750 3.8750
vt 2.0000 3.7500
vt 2.1250 3.7500
vt 2.1250 3.8750
vt 2.0000 3.8750
vt 2.1250 3.7500
vt 2.2500 3.7500
vt 2.2500 3.8750
vt 2.1250 3.8750
vt 2.2500 3.7500
vt 2.3750 3.7500
vt 2.3750 3.8750
vt 2.2500 3.8750
vt 2.3750 3.7500
vt 2.5000 3.7500
vt 2.5000 3.8750
vt 2.3750 3.8750
vt 2.5000 3.7500
vt 2.6250 3.7500
vt 2.6250 3.8750
vt 2.5000 3.8750
vt 2.6250 3.7500
vt 2.7500 3.7500
vt 2.7500 3.8750
vt 2.6250 3.8750
vt 2.7500 3.7500
vt 2.8750 3.7500
vt 2.8750 3.8750
vt 2.7500 3.8750
vt 2.8750 3.7500
vt 3.0000 3.7500
vt 3.0000 3.8750
vt 2.8750 3.8750
vt 3.0000 3.7500
vt 3.1250 3.7500
vt 3.1250 3.8750
vt 3.0000 3.8750
vt 3.1250 3.7500
vt 3.2500 3.7500
vt 3.2500 3.8750
vt 3.1250 3.8750
vt 3.2500 3.7500
vt 3.3750 3.7500
vt 3.3750 3.8750
vt 3.2500 3.8750
vt 3.3750 3.7500
vt 3.5000 3.7500
vt 3.5000 3.8750
vt 3.3750 3.8750
vt 3.5000 3.7500
vt 3.6250 3.7500
vt 3.6250 3.8750
vt 3.5000 3.8750
vt 3.6250 3.7500
vt 3.7500 3.7500
vt 3.7500 3.8750
vt 3.6250 3.8750
vt 3.7500 3.7500
vt 3.8750 3.7500
vt 3.8750 3.8750
vt 3.7500 3.8750
vt 3.8750 3.7500
vt 4.0000 3.7500
vt 4.0000 3.8750
vt 3.8750 3.8750
vt 0.0000 3.8750
vt 0.1250 3.8750
vt 0.1250 4.0000
vt 0.0000 4.0000
vt 0.1250 3.8750
vt 0.2500 3.8750
vt 0.2500 4.0000
vt 0.1250 4.0000
vt 0.2500 3.8750
vt 0.3750 3.8750
vt 0.3750 4.0000
vt 0.2500 4.0000
vt 0.3750 3.8750
vt 0.5000 3.8750
vt 0.5000 4.0000
vt 0.3750 4.0000
vt 0.5000 3.8750
vt 0.6250 3.8750
vt 0.6250 4.0000
vt 0.5000 4.0000
vt 0.6250 3.8750
vt 0.7500 3.8750
vt 0.7500 4.0000
vt 0.6250 4.0000
vt 0.7500 3.8750
vt 0.8750 3.8750
vt 0.8750 4.0000
vt 0.7500 4.0000
vt 0.8750 3.8750
vt 1.0000 3.8750
vt 1.0000 4.0000
vt 0.8750 4.0000
vt 1.0000 3.8750
vt 1.1250 3.8750
vt 1.1250 4.0000
vt 1.0000 4.0000
vt 1.1250 3.8750
vt 1.2500 3.8750
vt 1.2500 4.0000
vt 1.1250 4.0000
vt 1.2500 3.8750
vt 1.3750 3.8750
vt 1.3750 4.0000
vt 1.2500 4.0000
vt 1.3750 3.8750
vt 1.5000 3.8750
vt 1.5000 4.0000
vt 1.3750 4.0000
vt 1.5000 3.8750
vt 1.6250 3.8750
vt 1.6250 4.0000
vt 1.5000 4.0000
vt 1.6250 3.8750
vt 1.7500 3.8750
vt 1.7500 4.0000
vt 1.6250 4.0000
vt 1.7500 3.8750
vt 1.8750 3.8750
vt 1.8750 4.0000
vt 1.7500 4.0000
vt 1.8750 3.8750
vt 2.0000 3.8750
vt 2.0000 4.0000
vt 1.8750 4.0000
vt 2.0000 3.8750
vt 2.1250 3.8750
vt 2.1250 4.0000
vt 2.0000 4.0000
vt 2.1250 3.8750
vt 2.2500 3.8750
vt 2.2500 4.0000
vt 2.1250 4.0000
vt 2.2500 3.8750
vt 2.3750 3.8750
vt 2.3750 4.0000
vt 2.2500 4.0000
vt 2.3750 3.8750
vt 2.5000 3.8750
vt 2.5000 4.0000
vt 2.3750 4.0000
vt 2.5000 3.8750
vt 2.6250 3.8750
vt 2.6250 4.0000
vt 2.5000 4.0000
vt 2.6250 3.8750
vt 2.7500 3.8750
vt 2.7500 4.0000
vt 2.6250 4.0000
vt 2.7500 3.8750
vt 2.8750 3.8750
vt 2.8750 4.0000
vt 2.7500 4.0000
vt 2.8750 3.8750
vt 3.0000 3.8750
vt 3.0000 4.0000
vt 2.8750 4.0000
vt 3.0000 3.8750
vt 3.1250 3.8750
vt 3.1250 4.0000
vt 3.0000 4.0000
vt 3.1250 3.8750
vt 3.2500 3.8750
vt 3.2500 4.0000
vt 3.1250 4.0000
vt 3.2500 3.8750
vt 3.3750 3.8750
vt 3.3750 4.0000
vt 3.2500 4.0000
vt 3.3750 3.8750
vt 3.5000 3.8750
vt 3.5000 4.0000
vt 3.3750 4.0000
vt 3.5000 3.8750
vt 3.6250 3.8750
vt 3.6250 4.0000
vt 3.5000 4.0000
vt 3.6250 3.8750
vt 3.7500 3.8750
vt 3.7500 4.0000
vt 3.6250 4.0000
vt 3.7500 3.8750
vt 3.8750 3.8750
vt 3.8750 4.0000
vt 3.7500 4.0000
vt 3.8750 3.8750
vt 4.0000 3.8750
vt 4.0000 4.0000
vt 3.8750 4.0000
vn 0.0000 1.0000 0.0000
vn 0.0000 1.0000 0.0000
vn 0.0000 1.0000 0.0000
vn 0.0000 1.0000 0.0000
vn 0.0000 1.0000 0.0000
vn 0.0000 1.0000 0.0000
vn 0.0000 1.0000 0.0000
vn 0.0000 1.0000 0.0000
vn 0.0000 1.0000 0.0000
vn 0.0000 1.0000 0.0000
vn 0.0000 1.0000 0.0000
vn 0.0000 1.0000 0.0000
vn 0.0000 1.0000 0.0000
vn 0.0000 1.0000 0.0000
vn 0.0000 1.0000 0.0000
vn 0.0000 1.0000 0.0000
vn 0.0000 1.0000 0.0000
vn 0.0000 1.0000 0.0000
vn 0.0000 1.0000 0.0000
vn 0.0000 1.0000 0.0000
vn 0.0000 1.0000 0.0000
vn 0.0000 1.0000 0.0000
vn 0.0000 1.0000 0.0000
vn 0.0000 1.0000 0.0000
vn 0.0000 1.0000 0.0000
vn 0.0000 1.0000 0.0000
vn 0.0000 1.0000 0.0000
vn 0.0000 1.0000 0.0000
vn 0.0000 1.0000 0.0000
vn 0.0000 1.0000 0.0000
vn 0.0000 1.0000 0.0000
vn 0.0000 1.0000 0.0000
vn 0.0000 1.0000 0.0000
vn 0.0000 1.0000 0.0000
vn 0.0000 1.0000 0.0000
vn 0.0000 1.0000 0.0000
vn 0.0000 1.0000 0.0000
vn 0.0000 1.0000 0.0000
vn 0.0000 1.0000 0.0000
vn 0.0000 1.0000 0.0000
vn 0.0000 1.0000 0.0000
vn 0.0000 1.0000 0.0000
vn 0.0000 1.0000 0.0000
vn 0.0000 1.0000 0.0000
vn 0.0000 1.0000 0.0000
vn 0.0000 1.0000 0.0000
vn 0.0000 1.0000 0.0000
vn 0.0000 1.0000 0.0000
vn 0.0000 1.0000 0.0000
vn 0.0000 1.0000 0.0000
vn 0.0000 1.0000 0.0000
vn 0.0000 1.0000 0.0000
vn -0.0137 0.9999 -0.0091
vn -0.0869 0.9933 -0.0759
vn -0.0310 0.9877 -0.1535
vn 0.0159 0.9864 -0.1633
vn 0.0371 0.9910 -0.1289
vn 0.0496 0.9962 -0.0718
vn 0.0293 0.9994 -0.0195
vn 0.0000 1.0000 0.0000
vn 0.0000 1.0000 0.0000
vn 0.0000 1.0000 0.0000
vn 0.0000 1.0000 0.0000
vn 0.0000 1.0000 0.0000
vn 0.0000 1.0000 0.0000
vn 0.0000 1.0000 0.0000
vn 0.0000 1.0000 0.0000
vn 0.0000 1.0000 0.0000
vn 0.0000 1.0000 0.0000
vn 0.0000 1.0000 0.0000
vn 0.0000 1.0000 0.0000
vn 0.0000 1.0000 0.0000
vn 0.0000 1.0000 0.0000
vn 0.0000 1.0000 0.0000
vn 0.0000 1.0000 0.0000
vn 0.0000 1.0000 0.0000
vn 0.0000 1.0000 0.0000
vn 0.0000 1.0000 0.0000
vn 0.0000 1.0000 0.0000
vn 0.0000 1.0000 0.0000
vn 0.0000 1.0000 0.0000
vn 0.0000 1.0000 0.0000
vn 0.0000 1.0000 0.0000
vn -0.0722 0.9962 -0.0480
vn -0.1772 0.9650 -0.1932
vn -0.0738 0.9701 -0.2311
vn 0.0115 0.9924 -0.1221
vn 0.0526 0.9968 -0.0598
vn 0.0559 0.9967 -0.0586
vn 0.0565 0.9935 -0.0989
vn 0.0428 0.9897 -0.1368
vn 0.0838 0.9923 -0.0917
vn 0.0273 0.9995 -0.0181
vn 0.0000 1.0000 0.0000
vn 0.0000 1.0000 0.0000
vn 0.0000 1.0000 0.0000
vn 0.0000 1.0000 0.0000
vn 0.0000 1.0000 0.0000
vn 0.0000 1.0000 0.0000
vn 0.0000 1.0000 0.0000
vn 0.0000 1.0000 0.0000
vn 0.0000 1.0000 0.0000
vn 0.0000 1.0000 0.0000
vn 0.0000 1.0000 0.0000
vn 0.0000 1.0000 0.0000
vn 0.0000 1.0000 0.0000
vn 0.0000 1.0000 0.0000
vn 0.0000 1.0000 0.0000
vn 0.0000 1.0000 0.0000
vn 0.0000 1.0000 0.0000
vn 0.0000 1.0000 0.0000
vn 0.0000 1.0000 0.0000
vn 0.0000 1.0000 0.0000
vn 0.0000 1.0000 0.0000
vn -0.0023 1.0000 -0.0015
vn -0.3246 0.9371 -0.1282
vn -0.2218 0.9563 -0.1903
vn 0.0370 0.9925 -0.1168
vn 0.0962 0.9904 -0.0997
vn 0.1515 0.9877 -0.0395
vn 0.0334 0.9994 0.0106
vn 0.0473 0.9984 0.0299
vn 0.0442 0.9970 0.0628
vn 0.1019 0.9943 0.0298
vn 0.0651 0.9979 -0.0070
vn 0.0000 1.0000 0.0000
vn 0.0000 1.0000 0.0000
vn 0.0000 1.0000 0.0000
vn 0.0000 1.0000 0.0000
vn 0.0000 1.0000 0.0000
vn 0.0000 1.0000 0.0000
vn 0.0000 1.0000 0.0000
vn 0.0000 1.0000 0.0000
vn 0.0000 1.0000 0.0000
vn 0.0000 1.0000 0.0000
vn 0.0000 1.0000 0.0000
vn 0.0000 1.0000 0.0000
vn 0.0000 1.0000 0.0000
vn 0.0000 1.0000 0.0000
vn 0.0000 1.0000 0.0000
vn 0.0000 1.0000 0.0000
vn 0.0000 1.0000 0.0000
vn 0.0000 1.0000 0.0000
vn 0.0000 1.0000 0.0000
vn 0.0000 1.0000 0.0000
vn 0.0000 1.0000 0.0000
vn -0.0582 0.9977 -0.0356
vn -0.5318 0.8400 -0.1077
vn -0.0879 0.9833 -0.1592
vn 0.0345 0.9883 -0.1483
vn 0.0653 0.9805 -0.1853
vn 0.4855 0.8742 -0.0024
vn 0.1180 0.9578 0.2619
vn 0.0706 0.9468 0.3141
vn 0.0581 0.9486 0.3112
vn -0.0445 0.9636 0.2636
vn -0.0821 0.9903 0.1123
vn -0.0059 1.0000 0.0039
vn 0.0000 1.0000 0.0000
vn 0.0000 1.0000 0.0000
vn 0.0000 1.0000 0.0000
vn 0.0000 1.0000 0.0000
vn 0.0000 1.0000 0.0000
vn 0.0000 1.0000 0.0000
vn 0.0000 1.0000 0.0000
vn 0.0000 1.0000 0.0000
vn 0.0000 1.0000 0.0000
vn 0.0000 1.0000 0.0000
vn 0.0000 1.0000 0.0000
vn 0.0000 1.0000 0.0000
vn 0.0000 1.0000 0.0000
vn 0.0000 1.0000 0.0000
vn 0.0000 1.0000 0.0000
vn 0.0000 1.0000 0.0000
vn 0.0000 1.0000 0.0000
vn 0.0000 1.0000 0.0000
vn 0.0000 1.0000 0.0000
vn 0.0000 1.0000 0.0000
vn -0.1592 0.9867 -0.0323
vn -0.6123 0.7862 -0.0830
vn -0.0517 0.9885 -0.1423
vn 0.0107 0.9893 -0.1455
vn 0.0201 0.9880 -0.1530
vn 0.5995 0.7800 -0.1795
vn 0.5419 0.8403 -0.0152
vn 0.1095 0.9528 0.2830
vn 0.0585 0.9486 0.3110
vn -0.1112 0.9424 0.3155
vn -0.3899 0.9004 0.1933
vn -0.0774 0.9960 0.0436
vn 0.0000 1.0000 0.0000
vn 0.0000 1.0000 0.0000
vn 0.0000 1.0000 0.0000
vn 0.0000 1.0000 0.0000
vn 0.0000 1.0000 0.0000
vn 0.0000 1.0000 0.0000
vn 0.0000 1.0000 0.0000
vn 0.0000 1.0000 0.0000
vn 0.0000 1.0000 0.0000
vn 0.0000 1.0000 0.0000
vn 0.0000 1.0000 0.0000
vn 0.0000 1.0000 0.0000
vn 0.0000 1.0000 0.0000
vn 0.0000 1.0000 0.0000
vn 0.0000 1.0000 0.0000
vn 0.0000 1.0000 0.0000
vn 0.0000 1.0000 0.0000
vn 0.0000 1.0000 0.0000
vn 0.0000 1.0000 0.0000
vn 0.0000 1.0000 0.0000
vn -0.2260 0.9740 -0.0139
vn -0.6738 0.7366 -0.0581
vn -0.0559 0.9896 -0.1322
vn 0.0009 0.9904 -0.1384
vn 0.0141 0.9899 -0.1410
vn 0.5868 0.8058 -0.0790
vn 0.7749 0.6314 0.0316
vn 0.2739 0.9351 0.2247
vn 0.0585 0.9486 0.3110
vn -0.0492 0.9384 0.3420
vn -0.5813 0.7755 0.2464
vn -0.3029 0.9465 0.1110
vn 0.0000 1.0000 0.0000
vn 0.0000 1.0000 0.0000
vn 0.0000 1.0000 0.0000
vn 0.0000 1.0000 0.0000
vn 0.0000 1.0000 0.0000
vn 0.0000 1.0000 0.0000
vn 0.0000 1.0000 0.0000
vn 0.0000 1.0000 0.0000
vn 0.0000 1.0000 0.0000
vn 0.0000 1.0000 0.0000
vn 0.0000 1.0000 0.0000
vn 0.0000 1.0000 0.0000
vn 0.0000 1.0000 0.0000
vn 0.0000 1.0000 0.0000
vn 0.0000 1.0000 0.0000
vn 0.0000 1.0000 0.0000
vn 0.0000 1.0000 0.0000
vn 0.0000 1.0000 0.0000
vn 0.0000 1.0000 0.0000
vn 0.0000 1.0000 0.0000
vn -0.2470 0.9690 -0.0009
vn -0.7326 0.6794 -0.0409
vn -0.0739 0.9894 -0.1249
vn -0.0023 0.9911 -0.1332
vn 0.0112 0.9908 -0.1345
vn 0.6403 0.7636 -0.0832
vn 0.8232 0.5674 -0.0199
vn 0.5472 0.8252 0.1397
vn 0.0585 0.9486 0.3110
vn 0.0138 0.9479 0.3183
vn -0.6119 0.7404 0.2783
vn -0.6130 0.7730 0.1631
vn -0.0105 0.9999 0.0070
vn 0.0000 1.0000 0.0000
vn 0.0000 1.0000 0.0000
vn 0.0000 1.0000 0.0000
vn 0.0000 1.0000 0.0000
vn 0.0000 1.0000 0.0000
vn 0.0000 1.0000 0.0000
vn 0.0000 1.0000 0.0000
vn 0.0000 1.0000 0.0000
vn 0.0000 1.0000 0.0000
vn 0.0000 1.0000 0.0000
vn 0.0000 1.0000 0.0000
vn 0.0000 1.0000 0.0000
vn 0.0000 1.0000 0.0000
vn 0.0000 1.0000 0.0000
vn 0.0000 1.0000 0.0000
vn 0.0000 1.0000 0.0000
vn 0.0000 1.0000 0.0000
vn 0.0000 1.0000 0.0000
vn 0.0000 1.0000 0.0000
vn -0.2460 0.9693 0.0016
vn -0.7815 0.6229 -0.0346
vn -0.0978 0.9878 -0.1213
vn -0.0022 0.9916 -0.1296
vn 0.0095 0.9916 -0.1294
vn 0.6732 0.7353 -0.0789
vn 0.8103 0.5783 -0.0942
vn 0.6856 0.7135 -0.1445
vn 0.0561 0.9849 -0.1637
vn 0.0081 0.9839 -0.1786
vn -0.5418 0.8357 -0.0898
vn -0.7251 0.6886 0.0021
vn -0.0414 0.9990 0.0136
vn 0.0000 1.0000 0.0000
vn 0.0000 1.0000 0.0000
vn 0.0000 1.0000 0.0000
vn 0.0000 1.0000 0.0000
vn 0.0000 1.0000 0.0000
vn 0.0000 1.0000 0.0000
vn 0.0000 1.0000 0.0000
vn 0.0000 1.0000 0.0000
vn 0.0000 1.0000 0.0000
vn 0.0000 1.0000 0.0000
vn 0.0000 1.0000 0.0000
vn 0.0000 1.0000 0.0000
vn 0.0000 1.0000 0.0000
vn 0.0000 1.0000 0.0000
vn 0.0000 1.0000 0.0000
vn 0.0000 1.0000 0.0000
vn 0.0000 1.0000 0.0000
vn 0.0000 1.0000 0.0000
vn 0.0000 1.0000 0.0000
vn -0.2572 0.9663 -0.0096
vn -0.8171 0.5750 -0.0411
vn -0.1147 0.9856 -0.1243
vn 0.0002 0.9919 -0.1270
vn 0.0115 0.9922 -0.1244
vn 0.7069 0.7045 -0.0626
vn 0.7774 0.6269 -0.0513
vn 0.6768 0.7259 -0.1222
vn 0.0594 0.9747 -0.2155
vn -0.0076 0.9779 -0.2092
vn -0.4026 0.9033 -0.1481
vn -0.6785 0.7335 -0.0401
vn -0.0665 0.9978 0.0031
vn 0.0000 1.0000 0.0000
vn 0.0000 1.0000 0.0000
vn 0.0000 1.0000 0.0000
vn 0.0000 1.0000 0.0000
vn 0.0000 1.0000 0.0000
vn 0.0000 1.0000 0.0000
vn 0.0000 1.0000 0.0000
vn 0.0000 1.0000 0.0000
vn 0.0000 1.0000 0.0000
vn 0.0000 1.0000 0.0000
vn 0.0000 1.0000 0.0000
vn 0.0000 1.0000 0.0000
vn 0.0000 1.0000 0.0000
vn 0.0000 1.0000 0.0000
vn 0.0000 1.0000 0.0000
vn 0.0000 1.0000 0.0000
vn 0.0000 1.0000 0.0000
vn 0.0000 1.0000 0.0000
vn 0.0000 1.0000 0.0000
vn -0.3289 0.9434 -0.0424
vn -0.8374 0.5428 -0.0646
vn -0.1039 0.9853 -0.1359
vn 0.0047 0.9922 -0.1247
vn 0.0215 0.9928 -0.1177
vn 0.7558 0.6541 -0.0310
vn 0.7478 0.6636 -0.0189
vn 0.5925 0.7975 -0.1140
vn 0.0655 0.9762 -0.2069
vn -0.0045 0.9780 -0.2083
vn -0.2971 0.9406 -0.1642
vn -0.5906 0.8050 -0.0567
vn -0.0680 0.9977 -0.0021
vn 0.0000 1.0000 0.0000
vn 0.0000 1.0000 0.0000
vn 0.0000 1.0000 0.0000
vn 0.0000 1.0000 0.0000
vn 0.0000 1.0000 0.0000
vn 0.0000 1.0000 0.0000
vn 0.0000 1.0000 0.0000
vn 0.0000 1.0000 0.0000
vn 0.0000 1.0000 0.0000
vn 0.0000 1.0000 0.0000
vn 0.0000 1.0000 0.0000
vn 0.0000 1.0000 0.0000
vn 0.0000 1.0000 0.0000
vn 0.0000 1.0000 0.0000
vn 0.0000 1.0000 0.0000
vn 0.0000 1.0000 0.0000
vn 0.0000 1.0000 0.0000
vn 0.0000 1.0000 0.0000
vn 0.0000 1.0000 0.0000
vn -0.5210 0.8461 -0.1122
vn -0.8289 0.5464 -0.1196
vn -0.0537 0.9877 -0.1472
vn 0.0119 0.9925 -0.1216
vn 0.0564 0.9933 -0.1008
vn 0.8183 0.5745 0.0169
vn 0.6693 0.7424 0.0294
vn 0.4697 0.8752 -0.1161
vn 0.0556 0.9776 -0.2030
vn -0.0032 0.9781 -0.2079
vn -0.2033 0.9636 -0.1739
vn -0.4671 0.8814 -0.0701
vn -0.0570 0.9984 -0.0052
vn 0.0000 1.0000 0.0000
vn 0.0000 1.0000 0.0000
vn 0.0000 1.0000 0.0000
vn 0.0000 1.0000 0.0000
vn 0.0000 1.0000 0.0000
vn 0.0000 1.0000 0.0000
vn 0.0000 1.0000 0.0000
vn 0.0000 1.0000 0.0000
vn 0.0000 1.0000 0.0000
vn 0.0000 1.0000 0.0000
vn 0.0000 1.0000 0.0000
vn 0.0000 1.0000 0.0000
vn 0.0000 1.0000 0.0000
vn 0.0000 1.0000 0.0000
vn 0.0000 1.0000 0.0000
vn 0.0000 1.0000 0.0000
vn 0.0000 1.0000 0.0000
vn 0.0000 1.0000 0.0000
vn 0.0000 1.0000 0.0000
vn -0.7718 0.6090 -0.1829
vn -0.7206 0.6487 -0.2447
vn 0.0066 0.9908 -0.1354
vn 0.0218 0.9931 -0.1153
vn 0.1893 0.9811 -0.0392
vn 0.8686 0.4899 0.0740
vn 0.4470 0.8894 0.0953
vn 0.3068 0.9443 -0.1194
vn 0.0369 0.9790 -0.2006
vn -0.0025 0.9782 -0.2077
vn -0.1180 0.9766 -0.1797
vn -0.3036 0.9493 -0.0810
vn -0.0381 0.9992 -0.0074
vn 0.0000 1.0000 0.0000
vn 0.0000 1.0000 0.0000
vn 0.0000 1.0000 0.0000
vn 0.0000 1.0000 0.0000
vn 0.0000 1.0000 0.0000
vn 0.0000 1.0000 0.0000
vn 0.0000 1.0000 0.0000
vn 0.0000 1.0000 0.0000
vn 0.0000 1.0000 0.0000
vn 0.0000 1.0000 0.0000
vn 0.0000 1.0000 0.0000
vn 0.0000 1.0000 0.0000
vn 0.0000 1.0000 0.0000
vn 0.0000 1.0000 0.0000
vn -0.0008 1.0000 -0.0005
vn -0.0016 1.0000 -0.0021
vn -0.0014 1.0000 -0.0041
vn -0.0955 0.9931 -0.0685
vn -0.5064 0.7443 -0.4354
vn -0.7368 0.5177 -0.4350
vn -0.3333 0.8813 -0.3350
vn 0.0396 0.9930 -0.1109
vn 0.0348 0.9943 -0.1008
vn 0.5613 0.8173 0.1302
vn 0.8581 0.4961 0.1328
vn 0.1285 0.9911 0.0347
vn 0.1088 0.9868 -0.1203
vn 0.0120 0.9800 -0.1988
vn -0.0022 0.9782 -0.2075
vn -0.0394 0.9823 -0.1833
vn -0.1052 0.9905 -0.0888
vn -0.0133 0.9999 -0.0091
vn 0.0000 1.0000 0.0000
vn 0.0000 1.0000 0.0000
vn 0.0000 1.0000 0.0000
vn 0.0000 1.0000 0.0000
vn 0.0000 1.0000 0.0000
vn -0.0024 1.0000 -0.0016
vn -0.2706 0.9452 -0.1829
vn -0.3176 0.7954 -0.5163
vn -0.1959 0.6553 -0.7295
vn -0.1082 0.5674 -0.8163
vn -0.0606 0.5190 -0.8526
vn -0.0354 0.4920 -0.8699
vn -0.0215 0.4762 -0.8791
vn -0.0132 0.4667 -0.8843
vn -0.0081 0.4611 -0.8873
vn -0.0045 0.4583 -0.8888
vn -0.0017 0.4574 -0.8893
vn -0.0490 0.4677 -0.8825
vn -0.3652 0.5500 -0.7511
vn -0.4283 0.8059 -0.4087
vn 0.0386 0.9945 -0.0969
vn 0.0493 0.9954 -0.0820
vn 0.2755 0.9581 0.0782
vn 0.8041 0.5178 0.2921
vn 0.6105 0.7244 0.3201
vn -0.0330 0.9992 -0.0229
vn -0.1049 0.9876 -0.1166
vn -0.0179 0.9802 -0.1972
vn -0.0022 0.9782 -0.2075
vn 0.0329 0.9821 -0.1854
vn 0.1087 0.9898 -0.0924
vn 0.0164 0.9998 -0.0106
vn 0.0000 1.0000 0.0000
vn 0.0000 1.0000 0.0000
vn 0.0000 1.0000 0.0000
vn 0.0000 1.0000 0.0000
vn -0.4072 0.8723 -0.2706
vn -0.3562 0.6707 -0.6506
vn -0.2680 0.6070 -0.7482
vn -0.3327 0.6886 -0.6444
vn -0.3054 0.8257 -0.4744
vn -0.2277 0.9238 -0.3079
vn -0.1547 0.9698 -0.1886
vn -0.1028 0.9877 -0.1175
vn -0.0683 0.9946 -0.0776
vn -0.0444 0.9975 -0.0555
vn -0.0271 0.9987 -0.0436
vn -0.0136 0.9992 -0.0375
vn -0.0034 0.9994 -0.0347
vn -0.0033 0.9997 -0.0244
vn 0.0295 0.9994 -0.0171
vn 0.0514 0.9983 -0.0275
vn 0.0622 0.9975 -0.0341
vn 0.3789 0.9054 0.1916
vn 0.6646 0.5568 0.4983
vn 0.6712 0.5999 0.4356
vn 0.0883 0.9944 0.0587
vn -0.0982 0.9950 -0.0206
vn -0.3066 0.9457 -0.1078
vn -0.0528 0.9793 -0.1953
vn -0.0023 0.9782 -0.2076
vn 0.0980 0.9775 -0.1870
vn 0.3102 0.9462 -0.0922
vn 0.0509 0.9986 -0.0123
vn 0.0000 1.0000 0.0000
vn 0.0000 1.0000 0.0000
vn 0.0000 1.0000 0.0000
vn -0.3529 0.9058 -0.2345
vn -0.6415 0.6793 -0.3565
vn -0.5094 0.8381 -0.1953
vn -0.2581 0.9619 0.0900
vn -0.2026 0.9749 0.0924
vn -0.1648 0.9850 0.0503
vn -0.1223 0.9921 0.0260
vn -0.0877 0.9960 0.0167
vn -0.0577 0.9981 0.0194
vn -0.0362 0.9989 0.0308
vn -0.0217 0.9987 0.0452
vn -0.0122 0.9982 0.0581
vn -0.0059 0.9977 0.0670
vn 0.0000 0.9974 0.0716
vn 0.0411 0.9948 0.0929
vn 0.1452 0.9710 0.1897
vn 0.3271 0.8420 0.4290
vn 0.4003 0.6047 0.6886
vn 0.3505 0.5313 0.7712
vn 0.5955 0.6422 0.4827
vn 0.1012 0.9926 0.0672
vn 0.0000 1.0000 0.0000
vn -0.1549 0.9878 -0.0177
vn -0.4753 0.8746 -0.0953
vn -0.0936 0.9768 -0.1926
vn -0.0027 0.9782 -0.2078
vn 0.1546 0.9698 -0.1886
vn 0.4785 0.8735 -0.0898
vn 0.0913 0.9957 -0.0146
vn 0.0000 1.0000 0.0000
vn 0.0000 1.0000 0.0000
vn -0.0000 1.0000 -0.0000
vn -0.6669 0.7428 -0.0586
vn -0.5464 0.8368 0.0358
vn -0.0882 0.9574 0.2751
vn -0.1297 0.9243 0.3590
vn -0.1771 0.8880 0.4243
vn 0.1593 0.7808 0.6042
vn 0.1220 0.6174 0.7771
vn 0.0528 0.5278 0.8477
vn 0.0191 0.4870 0.8732
vn 0.0040 0.4704 0.8824
vn -0.0014 0.4650 0.8853
vn -0.0009 0.4638 0.8859
vn -0.0002 0.4635 0.8861
vn 0.0005 0.4636 0.8860
vn 0.0168 0.4682 0.8834
vn 0.0668 0.4903 0.8690
vn 0.2064 0.5590 0.8030
vn 0.4458 0.7082 0.5474
vn 0.2541 0.9523 0.1689
vn 0.0000 1.0000 0.0000
vn 0.0000 1.0000 0.0000
vn 0.0000 1.0000 0.0000
vn -0.2006 0.9796 -0.0137
vn -0.6051 0.7921 -0.0803
vn -0.1427 0.9717 -0.1882
vn -0.0036 0.9781 -0.2082
vn 0.1998 0.9609 -0.1915
vn 0.6077 0.7893 -0.0876
vn 0.1402 0.9900 -0.0182
vn 0.0000 1.0000 0.0000
vn 0.0000 1.0000 0.0000
vn -0.0000 1.0000 0.0000
vn -0.6399 0.7631 0.0903
vn -0.2970 0.9249 0.2373
vn 0.0129 0.9571 0.2896
vn 0.0020 0.9390 0.3440
vn 0.0065 0.8912 0.4536
vn 0.4632 0.7518 0.4693
vn 0.2510 0.8752 0.4136
vn 0.1407 0.9681 0.2074
vn 0.0646 0.9952 0.0742
vn 0.0213 0.9996 0.0172
vn 0.0023 1.0000 0.0015
vn 0.0000 1.0000 0.0000
vn 0.0000 1.0000 0.0000
vn 0.0000 1.0000 0.0000
vn 0.0000 1.0000 0.0000
vn 0.0000 1.0000 0.0000
vn 0.0000 1.0000 0.0000
vn 0.0000 1.0000 0.0000
vn 0.0000 1.0000 0.0000
vn 0.0000 1.0000 0.0000
vn 0.0000 1.0000 0.0000
vn 0.0000 1.0000 0.0000
vn -0.2161 0.9764 0.0030
vn -0.6871 0.7260 -0.0303
vn -0.2178 0.9687 -0.1187
vn -0.0021 0.9883 -0.1523
vn 0.2553 0.9590 -0.1227
vn 0.6876 0.7249 -0.0426
vn 0.1772 0.9842 -0.0070
vn 0.0000 1.0000 0.0000
vn 0.0000 1.0000 0.0000
vn 0.0000 1.0000 0.0000
vn -0.4040 0.9056 0.1290
vn -0.3026 0.9224 0.2402
vn 0.0438 0.9735 0.2245
vn 0.0500 0.9754 0.2149
vn 0.1037 0.9796 0.1722
vn 0.4263 0.9042 0.0271
vn 0.1001 0.9943 -0.0379
vn 0.0000 1.0000 0.0000
vn 0.0000 1.0000 0.0000
vn 0.0000 1.0000 0.0000
vn 0.0000 1.0000 0.0000
vn 0.0000 1.0000 0.0000
vn 0.0000 1.0000 0.0000
vn 0.0000 1.0000 0.0000
vn 0.0000 1.0000 0.0000
vn 0.0000 1.0000 0.0000
vn 0.0000 1.0000 0.0000
vn 0.0000 1.0000 0.0000
vn 0.0000 1.0000 0.0000
vn 0.0000 1.0000 0.0000
vn 0.0000 1.0000 0.0000
vn 0.0000 1.0000 0.0000
vn -0.1074 0.9916 0.0714
vn -0.5226 0.7958 0.3059
vn -0.3109 0.8299 0.4633
vn 0.0042 0.8963 0.4434
vn 0.3251 0.8259 0.4607
vn 0.5179 0.8017 0.2985
vn 0.0947 0.9935 0.0630
vn 0.0000 1.0000 0.0000
vn 0.0000 1.0000 0.0000
vn 0.0000 1.0000 0.0000
vn -0.1270 0.9896 0.0681
vn -0.3078 0.9392 0.1524
vn 0.0068 0.9863 0.1647
vn 0.0299 0.9902 0.1366
vn 0.0294 0.9927 0.1170
vn 0.2120 0.9763 0.0430
vn 0.1697 0.9855 -0.0093
vn 0.0000 1.0000 0.0000
vn 0.0000 1.0000 0.0000
vn 0.0000 1.0000 0.0000
vn 0.0000 1.0000 0.0000
vn 0.0000 1.0000 0.0000
vn 0.0000 1.0000 0.0000
vn 0.0000 1.0000 0.0000
vn 0.0000 1.0000 0.0000
vn 0.0000 1.0000 0.0000
vn 0.0000 1.0000 0.0000
vn 0.0000 1.0000 0.0000
vn 0.0000 1.0000 0.0000
vn 0.0000 1.0000 0.0000
vn 0.0000 1.0000 0.0000
vn 0.0000 1.0000 0.0000
vn 0.0000 1.0000 0.0000
vn -0.1452 0.9847 0.0965
vn -0.2184 0.9200 0.3254
vn 0.0042 0.8914 0.4531
vn 0.2230 0.9217 0.3175
vn 0.1364 0.9865 0.0906
vn 0.0000 1.0000 0.0000
vn 0.0000 1.0000 0.0000
vn 0.0000 1.0000 0.0000
vn 0.0000 1.0000 0.0000
vn -0.0126 0.9999 0.0081
vn -0.2349 0.9709 0.0471
vn -0.0395 0.9968 0.0697
vn 0.0083 0.9985 0.0534
vn 0.0065 0.9990 0.0437
vn 0.0961 0.9951 0.0219
vn 0.1799 0.9837 0.0023
vn 0.0000 1.0000 0.0000
vn 0.0000 1.0000 0.0000
vn 0.0000 1.0000 0.0000
vn 0.0000 1.0000 0.0000
vn 0.0000 1.0000 0.0000
vn 0.0000 1.0000 0.0000
vn 0.0000 1.0000 0.0000
vn 0.0000 1.0000 0.0000
vn 0.0000 1.0000 0.0000
vn 0.0000 1.0000 0.0000
vn 0.0000 1.0000 0.0000
vn 0.0000 1.0000 0.0000
vn 0.0000 1.0000 0.0000
vn 0.0000 1.0000 0.0000
vn 0.0000 1.0000 0.0000
vn 0.0000 1.0000 0.0000
vn 0.0000 1.0000 0.0000
vn 0.0000 1.0000 0.0000
vn 0.0000 1.0000 0.0000
vn 0.0000 1.0000 0.0000
vn 0.0000 1.0000 0.0000
vn 0.0000 1.0000 0.0000
vn 0.0000 1.0000 0.0000
vn 0.0000 1.0000 0.0000
vn 0.0000 1.0000 0.0000
vn -0.0002 1.0000 0.0001
vn -0.1823 0.9832 0.0055
vn -0.0640 0.9979 0.0055
vn 0.0000 1.0000 0.0001
vn 0.0000 1.0000 0.0001
vn 0.0588 0.9982 -0.0075
vn 0.1856 0.9826 -0.0086
vn 0.0019 1.0000 -0.0012
vn 0.0000 1.0000 0.0000
vn 0.0000 1.0000 0.0000
vn 0.0000 1.0000 0.0000
vn 0.0000 1.0000 0.0000
vn 0.0000 1.0000 0.0000
vn 0.0000 1.0000 0.0000
vn 0.0000 1.0000 0.0000
vn 0.0000 1.0000 0.0000
vn 0.0000 1.0000 0.0000
vn 0.0000 1.0000 0.0000
vn 0.0000 1.0000 0.0000
vn 0.0000 1.0000 0.0000
vn 0.0000 1.0000 0.0000
vn 0.0000 1.0000 0.0000
vn 0.0000 1.0000 0.0000
vn 0.0000 1.0000 0.0000
vn 0.0000 1.0000 0.0000
vn 0.0000 1.0000 0.0000
vn 0.0000 1.0000 0.0000
vn 0.0000 1.0000 0.0000
vn 0.0000 1.0000 0.0000
vn 0.0000 1.0000 0.0000
vn 0.0000 1.0000 0.0000
vn 0.0000 1.0000 0.0000
vn 0.0000 1.0000 0.0000
vn -0.1451 0.9892 0.0202
vn -0.1015 0.9946 0.0208
vn -0.0008 1.0000 0.0005
vn 0.0000 1.0000 0.0000
vn 0.0272 0.9995 -0.0135
vn 0.1756 0.9837 -0.0395
vn 0.0439 0.9987 -0.0267
vn 0.0000 1.0000 0.0000
vn 0.0000 1.0000 0.0000
vn 0.0000 1.0000 0.0000
vn 0.0000 1.0000 0.0000
vn 0.0000 1.0000 0.0000
vn 0.0000 1.0000 0.0000
vn 0.0000 1.0000 0.0000
vn 0.0000 1.0000 0.0000
vn 0.0000 1.0000 0.0000
vn 0.0000 1.0000 0.0000
vn 0.0000 1.0000 0.0000
vn 0.0000 1.0000 0.0000
vn 0.0000 1.0000 0.0000
vn 0.0000 1.0000 0.0000
vn 0.0000 1.0000 0.0000
vn 0.0000 1.0000 0.0000
vn 0.0000 1.0000 0.0000
vn 0.0000 1.0000 0.0000
vn 0.0000 1.0000 0.0000
vn 0.0000 1.0000 0.0000
vn 0.0000 1.0000 0.0000
vn 0.0000 1.0000 0.0000
vn 0.0000 1.0000 0.0000
vn 0.0000 1.0000 0.0000
vn 0.0000 1.0000 0.0000
vn -0.0673 0.9972 0.0321
vn -0.1616 0.9859 0.0427
vn -0.0182 0.9998 0.0110
vn 0.0000 1.0000 0.0000
vn 0.0034 1.0000 -0.0023
vn 0.0909 0.9947 -0.0489
vn 0.1252 0.9900 -0.0650
vn 0.0282 0.9994 -0.0188
vn 0.0000 1.0000 0.0000
vn 0.0000 1.0000 0.0000
vn 0.0000 1.0000 0.0000
vn 0.0000 1.0000 0.0000
vn 0.0000 1.0000 0.0000
vn 0.0000 1.0000 0.0000
vn 0.0000 1.0000 0.0000
vn 0.0000 1.0000 0.0000
vn 0.0000 1.0000 0.0000
vn 0.0000 1.0000 0.0000
vn 0.0000 1.0000 0.0000
vn 0.0000 1.0000 0.0000
vn 0.0000 1.0000 0.0000
vn 0.0000 1.0000 0.0000
vn 0.0000 1.0000 0.0000
vn 0.0000 1.0000 0.0000
vn 0.0000 1.0000 0.0000
vn 0.0000 1.0000 0.0000
vn 0.0000 1.0000 0.0000
vn 0.0000 1.0000 0.0000
vn 0.0000 1.0000 0.0000
vn 0.0000 1.0000 0.0000
vn 0.0000 1.0000 0.0000
vn 0.0000 1.0000 0.0000
vn -0.0095 0.9999 0.0063
vn -0.1353 0.9895 0.0513
vn -0.0967 0.9941 0.0492
vn -0.0060 1.0000 0.0040
vn 0.0000 1.0000 0.0000
vn 0.0121 0.9999 -0.0080
vn 0.0889 0.9937 -0.0684
vn 0.0812 0.9913 -0.1038
vn 0.0621 0.9970 -0.0463
vn 0.0038 1.0000 -0.0025
vn 0.0000 1.0000 0.0000
vn 0.0000 1.0000 0.0000
vn 0.0000 1.0000 0.0000
vn 0.0000 1.0000 0.0000
vn 0.0000 1.0000 0.0000
vn 0.0000 1.0000 0.0000
vn 0.0000 1.0000 0.0000
vn 0.0000 1.0000 0.0000
vn 0.0000 1.0000 0.0000
vn 0.0000 1.0000 0.0000
vn 0.0000 1.0000 0.0000
vn 0.0000 1.0000 0.0000
vn 0.0000 1.0000 0.0000
vn 0.0000 1.0000 0.0000
vn 0.0000 1.0000 0.0000
vn 0.0000 1.0000 0.0000
vn 0.0000 1.0000 0.0000
vn 0.0000 1.0000 0.0000
vn 0.0000 1.0000 0.0000
vn 0.0000 1.0000 0.0000
vn 0.0000 1.0000 0.0000
vn 0.0000 1.0000 0.0000
vn 0.0000 1.0000 0.0000
vn -0.0388 0.9989 0.0258
vn -0.1209 0.9898 0.0759
vn -0.0800 0.9952 0.0560
vn -0.0082 1.0000 0.0054
vn 0.0000 1.0000 0.0000
vn 0.0051 1.0000 -0.0034
vn 0.0535 0.9977 -0.0423
vn 0.0662 0.9911 -0.1154
vn 0.0282 0.9898 -0.1395
vn 0.0337 0.9940 -0.1040
vn 0.0231 0.9975 -0.0664
vn 0.0070 0.9989 -0.0465
vn 0.0209 0.9994 -0.0280
vn 0.0106 0.9999 -0.0071
vn 0.0000 1.0000 0.0000
vn 0.0000 1.0000 0.0000
vn 0.0000 1.0000 0.0000
vn 0.0000 1.0000 0.0000
vn 0.0000 1.0000 0.0000
vn 0.0000 1.0000 0.0000
vn 0.0000 1.0000 0.0000
vn 0.0000 1.0000 0.0000
vn 0.0000 1.0000 0.0000
vn 0.0000 1.0000 0.0000
vn 0.0000 1.0000 0.0000
vn 0.0000 1.0000 0.0000
vn 0.0000 1.0000 0.0000
vn 0.0000 1.0000 0.0000
vn 0.0000 1.0000 0.0000
vn 0.0000 1.0000 0.0000
vn 0.0000 1.0000 0.0000
vn 0.0000 1.0000 0.0000
vn 0.0000 1.0000 0.0000
vn -0.0422 0.9987 0.0280
vn -0.0901 0.9915 0.0938
vn -0.0853 0.9926 0.0861
vn -0.0296 0.9993 0.0208
vn -0.0008 1.0000 0.0006
vn 0.0000 1.0000 -0.0000
vn 0.0045 1.0000 -0.0030
vn 0.0246 0.9994 -0.0223
vn 0.0338 0.9976 -0.0611
vn 0.0231 0.9948 -0.0987
vn 0.0070 0.9929 -0.1185
vn 0.0232 0.9906 -0.1349
vn 0.0719 0.9910 -0.1132
vn 0.0601 0.9974 -0.0400
vn 0.0000 1.0000 0.0000
vn 0.0000 1.0000 0.0000
vn 0.0000 1.0000 0.0000
vn 0.0000 1.0000 0.0000
vn 0.0000 1.0000 0.0000
vn 0.0000 1.0000 0.0000
vn 0.0000 1.0000 0.0000
vn 0.0000 1.0000 0.0000
vn 0.0000 1.0000 0.0000
vn 0.0000 1.0000 0.0000
vn 0.0000 1.0000 0.0000
vn 0.0000 1.0000 0.0000
vn 0.0000 1.0000 0.0000
vn 0.0000 1.0000 0.0000
vn 0.0000 1.0000 0.0000
vn 0.0000 1.0000 0.0000
vn 0.0000 1.0000 0.0000
vn 0.0000 1.0000 0.0000
vn 0.0000 1.0000 0.0000
vn -0.0166 0.9998 0.0110
vn -0.0773 0.9943 0.0732
vn -0.0563 0.9905 0.1258
vn -0.0620 0.9942 0.0878
vn -0.0307 0.9991 0.0276
vn -0.0053 1.0000 0.0037
vn -0.0001 1.0000 0.0001
vn 0.0000 1.0000 0.0000
vn 0.0000 1.0000 0.0000
vn 0.0000 1.0000 -0.0000
vn 0.0026 1.0000 -0.0017
vn 0.1039 0.9945 -0.0162
vn 0.1411 0.9899 -0.0144
vn 0.0000 1.0000 0.0000
vn 0.0000 1.0000 0.0000
vn 0.0000 1.0000 0.0000
vn 0.0000 1.0000 0.0000
vn 0.0000 1.0000 0.0000
vn 0.0000 1.0000 0.0000
vn 0.0000 1.0000 0.0000
vn 0.0000 1.0000 0.0000
vn 0.0000 1.0000 0.0000
vn 0.0000 1.0000 0.0000
vn 0.0000 1.0000 0.0000
vn 0.0000 1.0000 0.0000
vn 0.0000 1.0000 0.0000
vn 0.0000 1.0000 0.0000
vn 0.0000 1.0000 0.0000
vn 0.0000 1.0000 0.0000
vn 0.0000 1.0000 0.0000
vn 0.0000 1.0000 0.0000
vn 0.0000 1.0000 0.0000
vn 0.0000 1.0000 0.0000
vn 0.0000 1.0000 0.0000
vn -0.0271 0.9995 0.0180
vn -0.0612 0.9952 0.0766
vn -0.0306 0.9901 0.1367
vn -0.0276 0.9890 0.1453
vn -0.0325 0.9931 0.1131
vn -0.0236 0.9968 0.0762
vn -0.0124 0.9985 0.0524
vn -0.0034 0.9991 0.0419
vn 0.0282 0.9979 0.0583
vn 0.1046 0.9904 0.0900
vn 0.0853 0.9950 0.0520
vn 0.0000 1.0000 0.0000
vn 0.0000 1.0000 0.0000
vn 0.0000 1.0000 0.0000
vn 0.0000 1.0000 0.0000
vn 0.0000 1.0000 0.0000
vn 0.0000 1.0000 0.0000
vn 0.0000 1.0000 0.0000
vn 0.0000 1.0000 0.0000
vn 0.0000 1.0000 0.0000
vn 0.0000 1.0000 0.0000
vn 0.0000 1.0000 0.0000
vn 0.0000 1.0000 0.0000
vn 0.0000 1.0000 0.0000
vn 0.0000 1.0000 0.0000
vn 0.0000 1.0000 0.0000
vn 0.0000 1.0000 0.0000
vn 0.0000 1.0000 0.0000
vn 0.0000 1.0000 0.0000
vn 0.0000 1.0000 0.0000
vn 0.0000 1.0000 0.0000
vn 0.0000 1.0000 0.0000
vn 0.0000 1.0000 0.0000
vn 0.0000 1.0000 0.0000
vn -0.0002 1.0000 0.0001
vn -0.0225 0.9996 0.0153
vn -0.0326 0.9981 0.0518
vn -0.0236 0.9958 0.0890
vn -0.0123 0.9936 0.1126
vn -0.0034 0.9924 0.1229
vn 0.0281 0.9939 0.1067
vn 0.0629 0.9969 0.0465
vn 0.0035 1.0000 0.0023
vn 0.0000 1.0000 0.0000
vn 0.0000 1.0000 0.0000
vn 0.0000 1.0000 0.0000
vn 0.0000 1.0000 0.0000
vn 0.0000 1.0000 0.0000
vn 0.0000 1.0000 0.0000
vn 0.0000 1.0000 0.0000
vn 0.0000 1.0000 0.0000
vn 0.0000 1.0000 0.0000
vn 0.0000 1.0000 0.0000
vn 0.0000 1.0000 0.0000
vn 0.0000 1.0000 0.0000
vn 0.0000 1.0000 0.0000
vn 0.0000 1.0000 0.0000
vn 0.0000 1.0000 0.0000
vn 0.0000 1.0000 0.0000
vn 0.0000 1.0000 0.0000
vn 0.0000 1.0000 0.0000
vn 0.0000 1.0000 0.0000
vn 0.0000 1.0000 0.0000
vn 0.0000 1.0000 0.0000
vn 0.0000 1.0000 0.0000
vn 0.0000 1.0000 0.0000
vn 0.0000 1.0000 0.0000
vn 0.0000 1.0000 0.0000
vn 0.0000 1.0000 0.0000
vn 0.0000 1.0000 0.0000
vn 0.0000 1.0000 0.0000
vn 0.0000 1.0000 0.0000
vn 0.0000 1.0000 0.0000
vn 0.0000 1.0000 0.0000
vn 0.0000 1.0000 0.0000
vn 0.0000 1.0000 0.0000
vn 0.0000 1.0000 0.0000
vn 0.0000 1.0000 0.0000
vn 0.0000 1.0000 0.0000
vn 0.0000 1.0000 0.0000
vn 0.0000 1.0000 0.0000
vn 0.0000 1.0000 0.0000
vn 0.0000 1.0000 0.0000
vn 0.0000 1.0000 0.0000
vn 0.0000 1.0000 0.0000
vn 0.0000 1.0000 0.0000
vn 0.0000 1.0000 0.0000
vn 0.0000 1.0000 0.0000
f 34/4/1 35/3/1 2/2/1 1/1/1
f 35/8/2 36/7/2 3/6/2 2/5/2
f 36/12/3 37/11/3 4/10/3 3/9/3
f 37/16/4 38/15/4 5/14/4 4/13/4
f 38/20/5 39/19/5 6/18/5 5/17/5
f 39/24/6 40/23/6 7/22/6 6/21/6
f 40/28/7 41/27/7 8/26/7 7/25/7
f 41/32/8 42/31/8 9/30/8 8/29/8
f 42/36/9 43/35/9 10/34/9 9/33/9
f 43/40/10 44/39/10 11/38/10 10/37/10
f 44/44/11 45/43/11 12/42/11 11/41/11
f 45/48/12 46/47/12 13/46/12 12/45/12
f 46/52/13 47/51/13 14/50/13 13/49/13
f 47/56/14 48/55/14 15/54/14 14/53/14
f 48/60/15 49/59/15 16/58/15 15/57/15
f 49/64/16 50/63/16 17/62/16 16/61/16
f 50/68/17 51/67/17 18/66/17 17/65/17
f 51/72/18 52/71/18 19/70/18 18/69/18
f 52/76/19 53/75/19 20/74/19 19/73/19
f 53/80/20 54/79/20 21/78/20 20/77/20
f 54/84/21 55/83/21 22/82/21 21/81/21
f 55/88/22 56/87/22 23/86/22 22/85/22
f 56/92/23 57/91/23 24/90/23 23/89/23
f 57/96/24 58/95/24 25/94/24 24/93/24
f 58/100/25 59/99/25 26/98/25 25/97/25
f 59/104/26 60/103/26 27/102/26 26/101/26
f 60/108/27 61/107/27 28/106/27 27/105/27
f 61/112/28 62/111/28 29/110/28 28/109/28
f 62/116/29 63/115/29 30/114/29 29/113/29
f 63/120/30 64/119/30 31/118/30 30/117/30
f 64/124/31 65/123/31 32/122/31 31/121/31
f 65/128/32 66/127/32 33/126/32 32/125/32
f 67/132/33 68/131/33 35/130/33 34/129/33
f 68/136/34 69/135/34 36/134/34 35/133/34
f 69/140/35 70/139/35 37/138/35 36/137/35
f 70/144/36 71/143/36 38/142/36 37/141/36
f 71/148/37 72/147/37 39/146/37 38/145/37
f 72/152/38 73/151/38 40/150/38 39/149/38
f 73/156/39 74/155/39 41/154/39 40/153/39
f 74/160/40 75/159/40 42/158/40 41/157/40
f 75/164/41 76/163/41 43/162/41 42/161/41
f 76/168/42 77/167/42 44/166/42 43/165/42
f 77/172/43 78/171/43 45/170/43 44/169/43
f 78/176/44 79/175/44 46/174/44 45/173/44
f 79/180/45 80/179/45 47/178/45 46/177/45
f 80/184/46 81/183/46 48/182/46 47/181/46
f 81/188/47 82/187/47 49/186/47 48/185/47
f 82/192/48 83/191/48 50/190/48 49/189/48
f 83/196/49 84/195/49 51/194/49 50/193/49
f 84/200/50 85/199/50 52/198/50 51/197/50
f 85/204/51 86/203/51 53/202/51 52/201/51
f 86/208/52 87/207/52 54/206/52 53/205/52
f 87/212/53 88/211/53 55/210/53 54/209/53
f 88/216/54 89/215/54 56/214/54 55/213/54
f 89/220/55 90/219/55 57/218/55 56/217/55
f 90/224/56 91/223/56 58/222/56 57/221/56
f 91/228/57 92/227/57 59/226/57 58/225/57
f 92/232/58 93/231/58 60/230/58 59/229/58
f 93/236/59 94/235/59 61/234/59 60/233/59
f 94/240/60 95/239/60 62/238/60 61/237/60
f 95/244/61 96/243/61 63/242/61 62/241/61
f 96/248/62 97/247/62 64/246/62 63/245/62
f 97/252/63 98/251/63 65/250/63 64/249/63
f 98/256/64 99/255/64 66/254/64 65/253/64
f 100/260/65 101/259/65 68/258/65 67/257/65
f 101/264/66 102/263/66 69/262/66 68/261/66
f 102/268/67 103/267/67 70/266/67 69/265/67
f 103/272/68 104/271/68 71/270/68 70/269/68
f 104/276/69 105/275/69 72/274/69 71/273/69
f 105/280/70 106/279/70 73/278/70 72/277/70
f 106/284/71 107/283/71 74/282/71 73/281/71
f 107/288/72 108/287/72 75/286/72 74/285/72
f 108/292/73 109/291/73 76/290/73 75/289/73
f 109/296/74 110/295/74 77/294/74 76/293/74
f 110/300/75 111/299/75 78/298/75 77/297/75
f 111/304/76 112/303/76 79/302/76 78/301/76
f 112/308/77 113/307/77 80/306/77 79/305/77
f 113/312/78 114/311/78 81/310/78 80/309/78
f 114/316/79 115/315/79 82/314/79 81/313/79
f 115/320/80 116/319/80 83/318/80 82/317/80
f 116/324/81 117/323/81 84/322/81 83/321/81
f 117/328/82 118/327/82 85/326/82 84/325/82
f 118/332/83 119/331/83 86/330/83 85/329/83
f 119/336/84 120/335/84 87/334/84 86/333/84
f 120/340/85 121/339/85 88/338/85 87/337/85
f 121/344/86 122/343/86 89/342/86 88/341/86
f 122/348/87 123/347/87 90/346/87 89/345/87
f 123/352/88 124/351/88 91/350/88 90/349/88
f 124/356/89 125/355/89 92/354/89 91/353/89
f 125/360/90 126/359/90 93/358/90 92/357/90
f 126/364/91 127/363/91 94/362/91 93/361/91
f 127/368/92 128/367/92 95/366/92 94/365/92
f 128/372/93 129/371/93 96/370/93 95/369/93
f 129/376/94 130/375/94 97/374/94 96/373/94
f 130/380/95 131/379/95 98/378/95 97/377/95
f 131/384/96 132/383/96 99/382/96 98/381/96
f 133/388/97 134/387/97 101/386/97 100/385/97
f 134/392/98 135/391/98 102/390/98 101/389/98
f 135/396/99 136/395/99 103/394/99 102/393/99
f 136/400/100 137/399/100 104/398/100 103/397/100
f 137/404/101 138/403/101 105/402/101 104/401/101
f 138/408/102 139/407/102 106/406/102 105/405/102
f 139/412/103 140/411/103 107/410/103 106/409/103
f 140/416/104 141/415/104 108/414/104 107/413/104
f 141/420/105 142/419/105 109/418/105 108/417/105
f 142/424/106 143/423/106 110/422/106 109/421/106
f 143/428/107 144/427/107 111/426/107 110/425/107
f 144/432/108 145/431/108 112/430/108 111/429/108
f 145/436/109 146/435/109 113/434/109 112/433/109
f 146/440/110 147/439/110 114/438/110 113/437/110
f 147/444/111 148/443/111 115/442/111 114/441/111
f 148/448/112 149/447/112 116/446/112 115/445/112
f 149/452/113 150/451/113 117/450/113 116/449/113
f 150/456/114 151/455/114 118/454/114 117/453/114
f 151/460/115 152/459/115 119/458/115 118/457/115
f 152/464/116 153/463/116 120/462/116 119/461/116
f 153/468/117 154/467/117 121/466/117 120/465/117
f 154/472/118 155/471/118 122/470/118 121/469/118
f 155/476/119 156/475/119 123/474/119 122/473/119
f 156/480/120 157/479/120 124/478/120 123/477/120
f 157/484/121 158/483/121 125/482/121 124/481/121
f 158/488/122 159/487/122 126/486/122 125/485/122
f 159/492/123 160/491/123 127/490/123 126/489/123
f 160/496/124 161/495/124 128/494/124 127/493/124
f 161/500/125 162/499/125 129/498/125 128/497/125
f 162/504/126 163/503/126 130/502/126 129/501/126
f 163/508/127 164/507/127 131/506/127 130/505/127
f 164/512/128 165/511/128 132/510/128 131/509/128
f 166/516/129 167/515/129 134/514/129 133/513/129
f 167/520/130 168/519/130 135/518/130 134/517/130
f 168/524/131 169/523/131 136/522/131 135/521/131
f 169/528/132 170/527/132 137/526/132 136/525/132
f 170/532/133 171/531/133 138/530/133 137/529/133
f 171/536/134 172/535/134 139/534/134 138/533/134
f 172/540/135 173/539/135 140/538/135 139/537/135
f 173/544/136 174/543/136 141/542/136 140/541/136
f 174/548/137 175/547/137 142/546/137 141/545/137
f 175/552/138 176/551/138 143/550/138 142/549/138
f 176/556/139 177/555/139 144/554/139 143/553/139
f 177/560/140 178/559/140 145/558/140 144/557/140
f 178/564/141 179/563/141 146/562/141 145/561/141
f 179/568/142 180/567/142 147/566/142 146/565/142
f 180/572/143 181/571/143 148/570/143 147/569/143
f 181/576/144 182/575/144 149/574/144 148/573/144
f 182/580/145 183/579/145 150/578/145 149/577/145
f 183/584/146 184/583/146 151/582/146 150/581/146
f 184/588/147 185/587/147 152/586/147 151/585/147
f 185/592/148 186/591/148 153/590/148 152/589/148
f 186/596/149 187/595/149 154/594/149 153/593/149
f 187/600/150 188/599/150 155/598/150 154/597/150
f 188/604/151 189/603/151 156/602/151 155/601/151
f 189/608/152 190/607/152 157/606/152 156/605/152
f 190/612/153 191/611/153 158/610/153 157/609/153
f 191/616/154 192/615/154 159/614/154 158/613/154
f 192/620/155 193/619/155 160/618/155 159/617/155
f 193/624/156 194/623/156 161/622/156 160/621/156
f 194/628/157 195/627/157 162/626/157 161/625/157
f 195/632/158 196/631/158 163/630/158 162/629/158
f 196/636/159 197/635/159 164/634/159 163/633/159
f 197/640/160 198/639/160 165/638/160 164/637/160
f 199/644/161 200/643/161 167/642/161 166/641/161
f 200/648/162 201/647/162 168/646/162 167/645/162
f 201/652/163 202/651/163 169/650/163 168/649/163
f 202/656/164 203/655/164 170/654/164 169/653/164
f 203/660/165 204/659/165 171/658/165 170/657/165
f 204/664/166 205/663/166 172/662/166 171/661/166
f 205/668/167 206/667/167 173/666/167 172/665/167
f 206/672/168 207/671/168 174/670/168 173/669/168
f 207/676/169 208/675/169 175/674/169 174/673/169
f 208/680/170 209/679/170 176/678/170 175/677/170
f 209/684/171 210/683/171 177/682/171 176/681/171
f 210/688/172 211/687/172 178/686/172 177/685/172
f 211/692/173 212/691/173 179/690/173 178/689/173
f 212/696/174 213/695/174 180/694/174 179/693/174
f 213/700/175 214/699/175 181/698/175 180/697/175
f 214/704/176 215/703/176 182/702/176 181/701/176
f 215/708/177 216/707/177 183/706/177 182/705/177
f 216/712/178 217/711/178 184/710/178 183/709/178
f 217/716/179 218/715/179 185/714/179 184/713/179
f 218/720/180 219/719/180 186/718/180 185/717/180
f 219/724/181 220/723/181 187/722/181 186/721/181
f 220/728/182 221/727/182 188/726/182 187/725/182
f 221/732/183 222/731/183 189/730/183 188/729/183
f 222/736/184 223/735/184 190/734/184 189/733/184
f 223/740/185 224/739/185 191/738/185 190/737/185
f 224/744/186 225/743/186 192/742/186 191/741/186
f 225/748/187 226/747/187 193/746/187 192/745/187
f 226/752/188 227/751/188 194/750/188 193/749/188
f 227/756/189 228/755/189 195/754/189 194/753/189
f 228/760/190 229/759/190 196/758/190 195/757/190
f 229/764/191 230/763/191 197/762/191 196/761/191
f 230/768/192 231/767/192 198/766/192 197/765/192
f 232/772/193 233/771/193 200/770/193 199/769/193
f 233/776/194 234/775/194 201/774/194 200/773/194
f 234/780/195 235/779/195 202/778/195 201/777/195
f 235/784/196 236/783/196 203/782/196 202/781/196
f 236/788/197 237/787/197 204/786/197 203/785/197
f 237/792/198 238/791/198 205/790/198 204/789/198
f 238/796/199 239/795/199 206/794/199 205/793/199
f 239/800/200 240/799/200 207/798/200 206/797/200
f 240/804/201 241/803/201 208/802/201 207/801/201
f 241/808/202 242/807/202 209/806/202 208/805/202
f 242/812/203 243/811/203 210/810/203 209/809/203
f 243/816/204 244/815/204 211/814/204 210/813/204
f 244/820/205 245/819/205 212/818/205 211/817/205
f 245/824/206 246/823/206 213/822/206 212/821/206
f 246/828/207 247/827/207 214/826/207 213/825/207
f 247/832/208 248/831/208 215/830/208 214/829/208
f 248/836/209 249/835/209 216/834/209 215/833/209
f 249/840/210 250/839/210 217/838/210 216/837/210
f 250/844/211 251/843/211 218/842/211 217/841/211
f 251/848/212 252/847/212 219/846/212 218/845/212
f 252/852/213 253/851/213 220/850/213 219/849/213
f 253/856/214 254/855/214 221/854/214 220/853/214
f 254/860/215 255/859/215 222/858/215 221/857/215
f 255/864/216 256/863/216 223/862/216 222/861/216
f 256/868/217 257/867/217 224/866/217 223/865/217
f 257/872/218 258/871/218 225/870/218 224/869/218
f 258/876/219 259/875/219 226/874/219 225/873/219
f 259/880/220 260/879/220 227/878/220 226/877/220
f 260/884/221 261/883/221 228/882/221 227/881/221
f 261/888/222 262/887/222 229/886/222 228/885/222
f 262/892/223 263/891/223 230/890/223 229/889/223
f 263/896/224 264/895/224 231/894/224 230/893/224
f 265/900/225 266/899/225 233/898/225 232/897/225
f 266/904/226 267/903/226 234/902/226 233/901/226
f 267/908/227 268/907/227 235/906/227 234/905/227
f 268/912/228 269/911/228 236/910/228 235/909/228
f 269/916/229 270/915/229 237/914/229 236/913/229
f 270/920/230 271/919/230 238/918/230 237/917/230
f 271/924/231 272/923/231 239/922/231 238/921/231
f 272/928/232 273/927/232 240/926/232 239/925/232
f 273/932/233 274/931/233 241/930/233 240/929/233
f 274/936/234 275/935/234 242/934/234 241/933/234
f 275/940/235 276/939/235 243/938/235 242/937/235
f 276/944/236 277/943/236 244/942/236 243/941/236
f 277/948/237 278/947/237 245/946/237 244/945/237
f 278/952/238 279/951/238 246/950/238 245/949/238
f 279/956/239 280/955/239 247/954/239 246/953/239
f 280/960/240 281/959/240 248/958/240 247/957/240
f 281/964/241 282/963/241 249/962/241 248/961/241
f 282/968/242 283/967/242 250/966/242 249/965/242
f 283/972/243 284/971/243 251/970/243 250/969/243
f 284/976/244 285/975/244 252/974/244 251/973/244
f 285/980/245 286/979/245 253/978/245 252/977/245
f 286/984/246 287/983/246 254/982/246 253/981/246
f 287/988/247 288/987/247 255/986/247 254/985/247
f 288/992/248 289/991/248 256/990/248 255/989/248
f 289/996/249 290/995/249 257/994/249 256/993/249
f 290/1000/250 291/999/250 258/998/250 257/997/250
f 291/1004/251 292/1003/251 259/1002/251 258/1001/251
f 292/1008/252 293/1007/252 260/1006/252 259/1005/252
f 293/1012/253 294/1011/253 261/1010/253 260/1009/253
f 294/1016/254 295/1015/254 262/1014/254 261/1013/254
f 295/1020/255 296/1019/255 263/1018/255 262/1017/255
f 296/1024/256 297/1023/256 264/1022/256 263/1021/256
f 298/1028/257 299/1027/257 266/1026/257 265/1025/257
f 299/1032/258 300/1031/258 267/1030/258 266/1029/258
f 300/1036/259 301/1035/259 268/1034/259 267/1033/259
f 301/1040/260 302/1039/260 269/1038/260 268/1037/260
f 302/1044/261 303/1043/261 270/1042/261 269/1041/261
f 303/1048/262 304/1047/262 271/1046/262 270/1045/262
f 304/1052/263 305/1051/263 272/1050/263 271/1049/263
f 305/1056/264 306/1055/264 273/1054/264 272/1053/264
f 306/1060/265 307/1059/265 274/1058/265 273/1057/265
f 307/1064/266 308/1063/266 275/1062/266 274/1061/266
f 308/1068/267 309/1067/267 276/1066/267 275/1065/267
f 309/1072/268 310/1071/268 277/1070/268 276/1069/268
f 310/1076/269 311/1075/269 278/1074/269 277/1073/269
f 311/1080/270 312/1079/270 279/1078/270 278/1077/270
f 312/1084/271 313/1083/271 280/1082/271 279/1081/271
f 313/1088/272 314/1087/272 281/1086/272 280/1085/272
f 314/1092/273 315/1091/273 282/1090/273 281/1089/273
f 315/1096/274 316/1095/274 283/1094/274 282/1093/274
f 316/1100/275 317/1099/275 284/1098/275 283/1097/275
f 317/1104/276 318/1103/276 285/1102/276 284/1101/276
f 318/1108/277 319/1107/277 286/1106/277 285/1105/277
f 319/1112/278 320/1111/278 287/1110/278 286/1109/278
f 320/1116/279 321/1115/279 288/1114/279 287/1113/279
f 321/1120/280 322/1119/280 289/1118/280 288/1117/280
f 322/1124/281 323/1123/281 290/1122/281 289/1121/281
f 323/1128/282 324/1127/282 291/1126/282 290/1125/282
f 324/1132/283 325/1131/283 292/1130/283 291/1129/283
f 325/1136/284 326/1135/284 293/1134/284 292/1133/284
f 326/1140/285 327/1139/285 294/1138/285 293/1137/285
f 327/1144/286 328/1143/286 295/1142/286 294/1141/286
f 328/1148/287 329/1147/287 296/1146/287 295/1145/287
f 329/1152/288 330/1151/288 297/1150/288 296/1149/288
f 331/1156/289 332/1155/289 299/1154/289 298/1153/289
f 332/1160/290 333/1159/290 300/1158/290 299/1157/290
f 333/1164/291 334/1163/291 301/1162/291 300/1161/291
f 334/1168/292 335/1167/292 302/1166/292 301/1165/292
f 335/1172/293 336/1171/293 303/1170/293 302/1169/293
f 336/1176/294 337/1175/294 304/1174/294 303/1173/294
f 337/1180/295 338/1179/295 305/1178/295 304/1177/295
f 338/1184/296 339/1183/296 306/1182/296 305/1181/296
f 339/1188/297 340/1187/297 307/1186/297 306/1185/297
f 340/1192/298 341/1191/298 308/1190/298 307/1189/298
f 341/1196/299 342/1195/299 309/1194/299 308/1193/299
f 342/1200/300 343/1199/300 310/1198/300 309/1197/300
f 343/1204/301 344/1203/301 311/1202/301 310/1201/301
f 344/1208/302 345/1207/302 312/1206/302 311/1205/302
f 345/1212/303 346/1211/303 313/1210/303 312/1209/303
f 346/1216/304 347/1215/304 314/1214/304 313/1213/304
f 347/1220/305 348/1219/305 315/1218/305 314/1217/305
f 348/1224/306 349/1223/306 316/1222/306 315/1221/306
f 349/1228/307 350/1227/307 317/1226/307 316/1225/307
f 350/1232/308 351/1231/308 318/1230/308 317/1229/308
f 351/1236/309 352/1235/309 319/1234/309 318/1233/309
f 352/1240/310 353/1239/310 320/1238/310 319/1237/310
f 353/1244/311 354/1243/311 321/1242/311 320/1241/311
f 354/1248/312 355/1247/312 322/1246/312 321/1245/312
f 355/1252/313 356/1251/313 323/1250/313 322/1249/313
f 356/1256/314 357/1255/314 324/1254/314 323/1253/314
f 357/1260/315 358/1259/315 325/1258/315 324/1257/315
f 358/1264/316 359/1263/316 326/1262/316 325/1261/316
f 359/1268/317 360/1267/317 327/1266/317 326/1265/317
f 360/1272/318 361/1271/318 328/1270/318 327/1269/318
f 361/1276/319 362/1275/319 329/1274/319 328/1273/319
f 362/1280/320 363/1279/320 330/1278/320 329/1277/320
f 364/1284/321 365/1283/321 332/1282/321 331/1281/321
f 365/1288/322 366/1287/322 333/1286/322 332/1285/322
f 366/1292/323 367/1291/323 334/1290/323 333/1289/323
f 367/1296/324 368/1295/324 335/1294/324 334/1293/324
f 368/1300/325 369/1299/325 336/1298/325 335/1297/325
f 369/1304/326 370/1303/326 337/1302/326 336/1301/326
f 370/1308/327 371/1307/327 338/1306/327 337/1305/327
f 371/1312/328 372/1311/328 339/1310/328 338/1309/328
f 372/1316/329 373/1315/329 340/1314/329 339/1313/329
f 373/1320/330 374/1319/330 341/1318/330 340/1317/330
f 374/1324/331 375/1323/331 342/1322/331 341/1321/331
f 375/1328/332 376/1327/332 343/1326/332 342/1325/332
f 376/1332/333 377/1331/333 344/1330/333 343/1329/333
f 377/1336/334 378/1335/334 345/1334/334 344/1333/334
f 378/1340/335 379/1339/335 346/1338/335 345/1337/335
f 379/1344/336 380/1343/336 347/1342/336 346/1341/336
f 380/1348/337 381/1347/337 348/1346/337 347/1345/337
f 381/1352/338 382/1351/338 349/1350/338 348/1349/338
f 382/1356/339 383/1355/339 350/1354/339 349/1353/339
f 383/1360/340 384/1359/340 351/1358/340 350/1357/340
f 384/1364/341 385/1363/341 352/1362/341 351/1361/341
f 385/1368/342 386/1367/342 353/1366/342 352/1365/342
f 386/1372/343 387/1371/343 354/1370/343 353/1369/343
f 387/1376/344 388/1375/344 355/1374/344 354/1373/344
f 388/1380/345 389/1379/345 356/1378/345 355/1377/345
f 389/1384/346 390/1383/346 357/1382/346 356/1381/346
f 390/1388/347 391/1387/347 358/1386/347 357/1385/347
f 391/1392/348 392/1391/348 359/1390/348 358/1389/348
f 392/1396/349 393/1395/349 360/1394/349 359/1393/349
f 393/1400/350 394/1399/350 361/1398/350 360/1397/350
f 394/1404/351 395/1403/351 362/1402/351 361/1401/351
f 395/1408/352 396/1407/352 363/1406/352 362/1405/352
f 397/1412/353 398/1411/353 365/1410/353 364/1409/353
f 398/1416/354 399/1415/354 366/1414/354 365/1413/354
f 399/1420/355 400/1419/355 367/1418/355 366/1417/355
f 400/1424/356 401/1423/356 368/1422/356 367/1421/356
f 401/1428/357 402/1427/357 369/1426/357 368/1425/357
f 402/1432/358 403/1431/358 370/1430/358 369/1429/358
f 403/1436/359 404/1435/359 371/1434/359 370/1433/359
f 404/1440/360 405/1439/360 372/1438/360 371/1437/360
f 405/1444/361 406/1443/361 373/1442/361 372/1441/361
f 406/1448/362 407/1447/362 374/1446/362 373/1445/362
f 407/1452/363 408/1451/363 375/1450/363 374/1449/363
f 408/1456/364 409/1455/364 376/1454/364 375/1453/364
f 409/1460/365 410/1459/365 377/1458/365 376/1457/365
f 410/1464/366 411/1463/366 378/1462/366 377/1461/366
f 411/1468/367 412/1467/367 379/1466/367 378/1465/367
f 412/1472/368 413/1471/368 380/1470/368 379/1469/368
f 413/1476/369 414/1475/369 381/1474/369 380/1473/369
f 414/1480/370 415/1479/370 382/1478/370 381/1477/370
f 415/1484/371 416/1483/371 383/1482/371 382/1481/371
f 416/1488/372 417/1487/372 384/1486/372 383/1485/372
f 417/1492/373 418/1491/373 385/1490/373 384/1489/373
f 418/1496/374 419/1495/374 386/1494/374 385/1493/374
f 419/1500/375 420/1499/375 387/1498/375 386/1497/375
f 420/1504/376 421/1503/376 388/1502/376 387/1501/376
f 421/1508/377 422/1507/377 389/1506/377 388/1505/377
f 422/1512/378 423/1511/378 390/1510/378 389/1509/378
f 423/1516/379 424/1515/379 391/1514/379 390/1513/379
f 424/1520/380 425/1519/380 392/1518/380 391/1517/380
f 425/1524/381 426/1523/381 393/1522/381 392/1521/381
f 426/1528/382 427/1527/382 394/1526/382 393/1525/382
f 427/1532/383 428/1531/383 395/1530/383 394/1529/383
f 428/1536/384 429/1535/384 396/1534/384 395/1533/384
f 430/1540/385 431/1539/385 398/1538/385 397/1537/385
f 431/1544/386 432/1543/386 399/1542/386 398/1541/386
f 432/1548/387 433/1547/387 400/1546/387 399/1545/387
f 433/1552/388 434/1551/388 401/1550/388 400/1549/388
f 434/1556/389 435/1555/389 402/1554/389 401/1553/389
f 435/1560/390 436/1559/390 403/1558/390 402/1557/390
f 436/1564/391 437/1563/391 404/1562/391 403/1561/391
f 437/1568/392 438/1567/392 405/1566/392 404/1565/392
f 438/1572/393 439/1571/393 406/1570/393 405/1569/393
f 439/1576/394 440/1575/394 407/1574/394 406/1573/394
f 440/1580/395 441/1579/395 408/1578/395 407/1577/395
f 441/1584/396 442/1583/396 409/1582/396 408/1581/396
f 442/1588/397 443/1587/397 410/1586/397 409/1585/397
f 443/1592/398 444/1591/398 411/1590/398 410/1589/398
f 444/1596/399 445/1595/399 412/1594/399 411/1593/399
f 445/1600/400 446/1599/400 413/1598/400 412/1597/400
f 446/1604/401 447/1603/401 414/1602/401 413/1601/401
f 447/1608/402 448/1607/402 415/1606/402 414/1605/402
f 448/1612/403 449/1611/403 416/1610/403 415/1609/403
f 449/1616/404 450/1615/404 417/1614/404 416/1613/404
f 450/1620/405 451/1619/405 418/1618/405 417/1617/405
f 451/1624/406 452/1623/406 419/1622/406 418/1621/406
f 452/1628/407 453/1627/407 420/1626/407 419/1625/407
f 453/1632/408 454/1631/408 421/1630/408 420/1629/408
f 454/1636/409 455/1635/409 422/1634/409 421/1633/409
f 455/1640/410 456/1639/410 423/1638/410 422/1637/410
f 456/1644/411 457/1643/411 424/1642/411 423/1641/411
f 457/1648/412 458/1647/412 425/1646/412 424/1645/412
f 458/1652/413 459/1651/413 426/1650/413 425/1649/413
f 459/1656/414 460/1655/414 427/1654/414 426/1653/414
f 460/1660/415 461/1659/415 428/1658/415 427/1657/415
f 461/1664/416 462/1663/416 429/1662/416 428/1661/416
f 463/1668/417 464/1667/417 431/1666/417 430/1665/417
f 464/1672/418 465/1671/418 432/1670/418 431/1669/418
f 465/1676/419 466/1675/419 433/1674/419 432/1673/419
f 466/1680/420 467/1679/420 434/1678/420 433/1677/420
f 467/1684/421 468/1683/421 435/1682/421 434/1681/421
f 468/1688/422 469/1687/422 436/1686/422 435/1685/422
f 469/1692/423 470/1691/423 437/1690/423 436/1689/423
f 470/1696/424 471/1695/424 438/1694/424 437/1693/424
f 471/1700/425 472/1699/425 439/1698/425 438/1697/425
f 472/1704/426 473/1703/426 440/1702/426 439/1701/426
f 473/1708/427 474/1707/427 441/1706/427 440/1705/427
f 474/1712/428 475/1711/428 442/1710/428 441/1709/428
f 475/1716/429 476/1715/429 443/1714/429 442/1713/429
f 476/1720/430 477/1719/430 444/1718/430 443/1717/430
f 477/1724/431 478/1723/431 445/1722/431 444/1721/431
f 478/1728/432 479/1727/432 446/1726/432 445/1725/432
f 479/1732/433 480/1731/433 447/1730/433 446/1729/433
f 480/1736/434 481/1735/434 448/1734/434 447/1733/434
f 481/1740/435 482/1739/435 449/1738/435 448/1737/435
f 482/1744/436 483/1743/436 450/1742/436 449/1741/436
f 483/1748/437 484/1747/437 451/1746/437 450/1745/437
f 484/1752/438 485/1751/438 452/1750/438 451/1749/438
f 485/1756/439 486/1755/439 453/1754/439 452/1753/439
f 486/1760/440 487/1759/440 454/1758/440 453/1757/440
f 487/1764/441 488/1763/441 455/1762/441 454/1761/441
f 488/1768/442 489/1767/442 456/1766/442 455/1765/442
f 489/1772/443 490/1771/443 457/1770/443 456/1769/443
f 490/1776/444 491/1775/444 458/1774/444 457/1773/444
f 491/1780/445 492/1779/445 459/1778/445 458/1777/445
f 492/1784/446 493/1783/446 460/1782/446 459/1781/446
f 493/1788/447 494/1787/447 461/1786/447 460/1785/447
f 494/1792/448 495/1791/448 462/1790/448 461/1789/448
f 496/1796/449 497/1795/449 464/1794/449 463/1793/449
f 497/1800/450 498/1799/450 465/1798/450 464/1797/450
f 498/1804/451 499/1803/451 466/1802/451 465/1801/451
f 499/1808/452 500/1807/452 467/1806/452 466/1805/452
f 500/1812/453 501/1811/453 468/1810/453 467/1809/453
f 501/1816/454 502/1815/454 469/1814/454 468/1813/454
f 502/1820/455 503/1819/455 470/1818/455 469/1817/455
f 503/1824/456 504/1823/456 471/1822/456 470/1821/456
f 504/1828/457 505/1827/457 472/1826/457 471/1825/457
f 505/1832/458 506/1831/458 473/1830/458 472/1829/458
f 506/1836/459 507/1835/459 474/1834/459 473/1833/459
f 507/1840/460 508/1839/460 475/1838/460 474/1837/460
f 508/1844/461 509/1843/461 476/1842/461 475/1841/461
f 509/1848/462 510/1847/462 477/1846/462 476/1845/462
f 510/1852/463 511/1851/463 478/1850/463 477/1849/463
f 511/1856/464 512/1855/464 479/1854/464 478/1853/464
f 512/1860/465 513/1859/465 480/1858/465 479/1857/465
f 513/1864/466 514/1863/466 481/1862/466 480/1861/466
f 514/1868/467 515/1867/467 482/1866/467 481/1865/467
f 515/1872/468 516/1871/468 483/1870/468 482/1869/468
f 516/1876/469 517/1875/469 484/1874/469 483/1873/469
f 517/1880/470 518/1879/470 485/1878/470 484/1877/470
f 518/1884/471 519/1883/471 486/1882/471 485/1881/471
f 519/1888/472 520/1887/472 487/1886/472 486/1885/472
f 520/1892/473 521/1891/473 488/1890/473 487/1889/473
f 521/1896/474 522/1895/474 489/1894/474 488/1893/474
f 522/1900/475 523/1899/475 490/1898/475 489/1897/475
f 523/1904/476 524/1903/476 491/1902/476 490/1901/476
f 524/1908/477 525/1907/477 492/1906/477 491/1905/477
f 525/1912/478 526/1911/478 493/1910/478 492/1909/478
f 526/1916/479 527/1915/479 494/1914/479 493/1913/479
f 527/1920/480 528/1919/480 495/1918/480 494/1917/480
f 529/1924/481 530/1923/481 497/1922/481 496/1921/481
f 530/1928/482 531/1927/482 498/1926/482 497/1925/482
f 531/1932/483 532/1931/483 499/1930/483 498/1929/483
f 532/1936/484 533/1935/484 500/1934/484 499/1933/484
f 533/1940/485 534/1939/485 501/1938/485 500/1937/485
f 534/1944/486 535/1943/486 502/1942/486 501/1941/486
f 535/1948/487 536/1947/487 503/1946/487 502/1945/487
f 536/1952/488 537/1951/488 504/1950/488 503/1949/488
f 537/1956/489 538/1955/489 505/1954/489 504/1953/489
f 538/1960/490 539/1959/490 506/1958/490 505/1957/490
f 539/1964/491 540/1963/491 507/1962/491 506/1961/491
f 540/1968/492 541/1967/492 508/1966/492 507/1965/492
f 541/1972/493 542/1971/493 509/1970/493 508/1969/493
f 542/1976/494 543/1975/494 510/1974/494 509/1973/494
f 543/1980/495 544/1979/495 511/1978/495 510/1977/495
f 544/1984/496 545/1983/496 512/1982/496 511/1981/496
f 545/1988/497 546/1987/497 513/1986/497 512/1985/497
f 546/1992/498 547/1991/498 514/1990/498 513/1989/498
f 547/1996/499 548/1995/499 515/1994/499 514/1993/499
f 548/2000/500 549/1999/500 516/1998/500 515/1997/500
f 549/2004/501 550/2003/501 517/2002/501 516/2001/501
f 550/2008/502 551/2007/502 518/2006/502 517/2005/502
f 551/2012/503 552/2011/503 519/2010/503 518/2009/503
f 552/2016/504 553/2015/504 520/2014/504 519/2013/504
f 553/2020/505 554/2019/505 521/2018/505 520/2017/505
f 554/2024/506 555/2023/506 522/2022/506 521/2021/506
f 555/2028/507 556/2027/507 523/2026/507 522/2025/507
f 556/2032/508 557/2031/508 524/2030/508 523/2029/508
f 557/2036/509 558/2035/509 525/2034/509 524/2033/509
f 558/2040/510 559/2039/510 526/2038/510 525/2037/510
f 559/2044/511 560/2043/511 527/2042/511 526/2041/511
f 560/2048/512 561/2047/512 528/2046/512 527/2045/512
f 562/2052/513 563/2051/513 530/2050/513 529/2049/513
f 563/2056/514 564/2055/514 531/2054/514 530/2053/514
f 564/2060/515 565/2059/515 532/2058/515 531/2057/515
f 565/2064/516 566/2063/516 533/2062/516 532/2061/516
f 566/2068/517 567/2067/517 534/2066/517 533/2065/517
f 567/2072/518 568/2071/518 535/2070/518 534/2069/518
f 568/2076/519 569/2075/519 536/2074/519 535/2073/519
f 569/2080/520 570/2079/520 537/2078/520 536/2077/520
f 570/2084/521 571/2083/521 538/2082/521 537/2081/521
f 571/2088/522 572/2087/522 539/2086/522 538/2085/522
f 572/2092/523 573/2091/523 540/2090/523 539/2089/523
f 573/2096/524 574/2095/524 541/2094/524 540/2093/524
f 574/2100/525 575/2099/525 542/2098/525 541/2097/525
f 575/2104/526 576/2103/526 543/2102/526 542/2101/526
f 576/2108/527 577/2107/527 544/2106/527 543/2105/527
f 577/2112/528 578/2111/528 545/2110/528 544/2109/528
f 578/2116/529 579/2115/529 546/2114/529 545/2113/529
f 579/2120/530 580/2119/530 547/2118/530 546/2117/530
f 580/2124/531 581/2123/531 548/2122/531 547/2121/531
f 581/2128/532 582/2127/532 549/2126/532 548/2125/532
f 582/2132/533 583/2131/533 550/2130/533 549/2129/533
f 583/2136/534 584/2135/534 551/2134/534 550/2133/534
f 584/2140/535 585/2139/535 552/2138/535 551/2137/535
f 585/2144/536 586/2143/536 553/2142/536 552/2141/536
f 586/2148/537 587/2147/537 554/2146/537 553/2145/537
f 587/2152/538 588/2151/538 555/2150/538 554/2149/538
f 588/2156/539 589/2155/539 556/2154/539 555/2153/539
f 589/2160/540 590/2159/540 557/2158/540 556/2157/540
f 590/2164/541 591/2163/541 558/2162/541 557/2161/541
f 591/2168/542 592/2167/542 559/2166/542 558/2165/542
f 592/2172/543 593/2171/543 560/2170/543 559/2169/543
f 593/2176/544 594/2175/544 561/2174/544 560/2173/544
f 595/2180/545 596/2179/545 563/2178/545 562/2177/545
f 596/2184/546 597/2183/546 564/2182/546 563/2181/546
f 597/2188/547 598/2187/547 565/2186/547 564/2185/547
f 598/2192/548 599/2191/548 566/2190/548 565/2189/548
f 599/2196/549 600/2195/549 567/2194/549 566/2193/549
f 600/2200/550 601/2199/550 568/2198/550 567/2197/550
f 601/2204/551 602/2203/551 569/2202/551 568/2201/551
f 602/2208/552 603/2207/552 570/2206/552 569/2205/552
f 603/2212/553 604/2211/553 571/2210/553 570/2209/553
f 604/2216/554 605/2215/554 572/2214/554 571/2213/554
f 605/2220/555 606/2219/555 573/2218/555 572/2217/555
f 606/2224/556 607/2223/556 574/2222/556 573/2221/556
f 607/2228/557 608/2227/557 575/2226/557 574/2225/557
f 608/2232/558 609/2231/558 576/2230/558 575/2229/558
f 609/2236/559 610/2235/559 577/2234/559 576/2233/559
f 610/2240/560 611/2239/560 578/2238/560 577/2237/560
f 611/2244/561 612/2243/561 579/2242/561 578/2241/561
f 612/2248/562 613/2247/562 580/2246/562 579/2245/562
f 613/2252/563 614/2251/563 581/2250/563 580/2249/563
f 614/2256/564 615/2255/564 582/2254/564 581/2253/564
f 615/2260/565 616/2259/565 583/2258/565 582/2257/565
f 616/2264/566 617/2263/566 584/2262/566 583/2261/566
f 617/2268/567 618/2267/567 585/2266/567 584/2265/567
f 618/2272/568 619/2271/568 586/2270/568 585/2269/568
f 619/2276/569 620/2275/569 587/2274/569 586/2273/569
f 620/2280/570 621/2279/570 588/2278/570 587/2277/570
f 621/2284/571 622/2283/571 589/2282/571 588/2281/571
f 622/2288/572 623/2287/572 590/2286/572 589/2285/572
f 623/2292/573 624/2291/573 591/2290/573 590/2289/573
f 624/2296/574 625/2295/574 592/2294/574 591/2293/574
f 625/2300/575 626/2299/575 593/2298/575 592/2297/575
f 626/2304/576 627/2303/576 594/2302/576 593/2301/576
f 628/2308/577 629/2307/577 596/2306/577 595/2305/577
f 629/2312/578 630/2311/578 597/2310/578 596/2309/578
f 630/2316/579 631/2315/579 598/2314/579 597/2313/579
f 631/2320/580 632/2319/580 599/2318/580 598/2317/580
f 632/2324/581 633/2323/581 600/2322/581 599/2321/581
f 633/2328/582 634/2327/582 601/2326/582 600/2325/582
f 634/2332/583 635/2331/583 602/2330/583 601/2329/583
f 635/2336/584 636/2335/584 603/2334/584 602/2333/584
f 636/2340/585 637/2339/585 604/2338/585 603/2337/585
f 637/2344/586 638/2343/586 605/2342/586 604/2341/586
f 638/2348/587 639/2347/587 606/2346/587 605/2345/587
f 639/2352/588 640/2351/588 607/2350/588 606/2349/588
f 640/2356/589 641/2355/589 608/2354/589 607/2353/589
f 641/2360/590 642/2359/590 609/2358/590 608/2357/590
f 642/2364/591 643/2363/591 610/2362/591 609/2361/591
f 643/2368/592 644/2367/592 611/2366/592 610/2365/592
f 644/2372/593 645/2371/593 612/2370/593 611/2369/593
f 645/2376/594 646/2375/594 613/2374/594 612/2373/594
f 646/2380/595 647/2379/595 614/2378/595 613/2377/595
f 647/2384/596 648/2383/596 615/2382/596 614/2381/596
f 648/2388/597 649/2387/597 616/2386/597 615/2385/597
f 649/2392/598 650/2391/598 617/2390/598 616/2389/598
f 650/2396/599 651/2395/599 618/2394/599 617/2393/599
f 651/2400/600 652/2399/600 619/2398/600 618/2397/600
f 652/2404/601 653/2403/601 620/2402/601 619/2401/601
f 653/2408/602 654/2407/602 621/2406/602 620/2405/602
f 654/2412/603 655/2411/603 622/2410/603 621/2409/603
f 655/2416/604 656/2415/604 623/2414/604 622/2413/604
f 656/2420/605 657/2419/605 624/2418/605 623/2417/605
f 657/2424/606 658/2423/606 625/2422/606 624/2421/606
f 658/2428/607 659/2427/607 626/2426/607 625/2425/607
f 659/2432/608 660/2431/608 627/2430/608 626/2429/608
f 661/2436/609 662/2435/609 629/2434/609 628/2433/609
f 662/2440/610 663/2439/610 630/2438/610 629/2437/610
f 663/2444/611 664/2443/611 631/2442/611 630/2441/611
f 664/2448/612 665/2447/612 632/2446/612 631/2445/612
f 665/2452/613 666/2451/613 633/2450/613 632/2449/613
f 666/2456/614 667/2455/614 634/2454/614 633/2453/614
f 667/2460/615 668/2459/615 635/2458/615 634/2457/615
f 668/2464/616 669/2463/616 636/2462/616 635/2461/616
f 669/2468/617 670/2467/617 637/2466/617 636/2465/617
f 670/2472/618 671/2471/618 638/2470/618 637/2469/618
f 671/2476/619 672/2475/619 639/2474/619 638/2473/619
f 672/2480/620 673/2479/620 640/2478/620 639/2477/620
f 673/2484/621 674/2483/621 641/2482/621 640/2481/621
f 674/2488/622 675/2487/622 642/2486/622 641/2485/622
f 675/2492/623 676/2491/623 643/2490/623 642/2489/623
f 676/2496/624 677/2495/624 644/2494/624 643/2493/624
f 677/2500/625 678/2499/625 645/2498/625 644/2497/625
f 678/2504/626 679/2503/626 646/2502/626 645/2501/626
f 679/2508/627 680/2507/627 647/2506/627 646/2505/627
f 680/2512/628 681/2511/628 648/2510/628 647/2509/628
f 681/2516/629 682/2515/629 649/2514/629 648/2513/629
f 682/2520/630 683/2519/630 650/2518/630 649/2517/630
f 683/2524/631 684/2523/631 651/2522/631 650/2521/631
f 684/2528/632 685/2527/632 652/2526/632 651/2525/632
f 685/2532/633 686/2531/633 653/2530/633 652/2529/633
f 686/2536/634 687/2535/634 654/2534/634 653/2533/634
f 687/2540/635 688/2539/635 655/2538/635 654/2537/635
f 688/2544/636 689/2543/636 656/2542/636 655/2541/636
f 689/2548/637 690/2547/637 657/2546/637 656/2545/637
f 690/2552/638 691/2551/638 658/2550/638 657/2549/638
f 691/2556/639 692/2555/639 659/2554/639 658/2553/639
f 692/2560/640 693/2559/640 660/2558/640 659/2557/640
f 694/2564/641 695/2563/641 662/2562/641 661/2561/641
f 695/2568/642 696/2567/642 663/2566/642 662/2565/642
f 696/2572/643 697/2571/643 664/2570/643 663/2569/643
f 697/2576/644 698/2575/644 665/2574/644 664/2573/644
f 698/2580/645 699/2579/645 666/2578/645 665/2577/645
f 699/2584/646 700/2583/646 667/2582/646 666/2581/646
f 700/2588/647 701/2587/647 668/2586/647 667/2585/647
f 701/2592/648 702/2591/648 669/2590/648 668/2589/648
f 702/2596/649 703/2595/649 670/2594/649 669/2593/649
f 703/2600/650 704/2599/650 671/2598/650 670/2597/650
f 704/2604/651 705/2603/651 672/2602/651 671/2601/651
f 705/2608/652 706/2607/652 673/2606/652 672/2605/652
f 706/2612/653 707/2611/653 674/2610/653 673/2609/653
f 707/2616/654 708/2615/654 675/2614/654 674/2613/654
f 708/2620/655 709/2619/655 676/2618/655 675/2617/655
f 709/2624/656 710/2623/656 677/2622/656 676/2621/656
f 710/2628/657 711/2627/657 678/2626/657 677/2625/657
f 711/2632/658 712/2631/658 679/2630/658 678/2629/658
f 712/2636/659 713/2635/659 680/2634/659 679/2633/659
f 713/2640/660 714/2639/660 681/2638/660 680/2637/660
f 714/2644/661 715/2643/661 682/2642/661 681/2641/661
f 715/2648/662 716/2647/662 683/2646/662 682/2645/662
f 716/2652/663 717/2651/663 684/2650/663 683/2649/663
f 717/2656/664 718/2655/664 685/2654/664 684/2653/664
f 718/2660/665 719/2659/665 686/2658/665 685/2657/665
f 719/2664/666 720/2663/666 687/2662/666 686/2661/666
f 720/2668/667 721/2667/667 688/2666/667 687/2665/667
f 721/2672/668 722/2671/668 689/2670/668 688/2669/668
f 722/2676/669 723/2675/669 690/2674/669 689/2673/669
f 723/2680/670 724/2679/670 691/2678/670 690/2677/670
f 724/2684/671 725/2683/671 692/2682/671 691/2681/671
f 725/2688/672 726/2687/672 693/2686/672 692/2685/672
f 727/2692/673 728/2691/673 695/2690/673 694/2689/673
f 728/2696/674 729/2695/674 696/2694/674 695/2693/674
f 729/2700/675 730/2699/675 697/2698/675 696/2697/675
f 730/2704/676 731/2703/676 698/2702/676 697/2701/676
f 731/2708/677 732/2707/677 699/2706/677 698/2705/677
f 732/2712/678 733/2711/678 700/2710/678 699/2709/678
f 733/2716/679 734/2715/679 701/2714/679 700/2713/679
f 734/2720/680 735/2719/680 702/2718/680 701/2717/680
f 735/2724/681 736/2723/681 703/2722/681 702/2721/681
f 736/2728/682 737/2727/682 704/2726/682 703/2725/682
f 737/2732/683 738/2731/683 705/2730/683 704/2729/683
f 738/2736/684 739/2735/684 706/2734/684 705/2733/684
f 739/2740/685 740/2739/685 707/2738/685 706/2737/685
f 740/2744/686 741/2743/686 708/2742/686 707/2741/686
f 741/2748/687 742/2747/687 709/2746/687 708/2745/687
f 742/2752/688 743/2751/688 710/2750/688 709/2749/688
f 743/2756/689 744/2755/689 711/2754/689 710/2753/689
f 744/2760/690 745/2759/690 712/2758/690 711/2757/690
f 745/2764/691 746/2763/691 713/2762/691 712/2761/691
f 746/2768/692 747/2767/692 714/2766/692 713/2765/692
f 747/2772/693 748/2771/693 715/2770/693 714/2769/693
f 748/2776/694 749/2775/694 716/2774/694 715/2773/694
f 749/2780/695 750/2779/695 717/2778/695 716/2777/695
f 750/2784/696 751/2783/696 718/2782/696 717/2781/696
f 751/2788/697 752/2787/697 719/2786/697 718/2785/697
f 752/2792/698 753/2791/698 720/2790/698 719/2789/698
f 753/2796/699 754/2795/699 721/2794/699 720/2793/699
f 754/2800/700 755/2799/700 722/2798/700 721/2797/700
f 755/2804/701 756/2803/701 723/2802/701 722/2801/701
f 756/2808/702 757/2807/702 724/2806/702 723/2805/702
f 757/2812/703 758/2811/703 725/2810/703 724/2809/703
f 758/2816/704 759/2815/704 726/2814/704 725/2813/704
f 760/2820/705 761/2819/705 728/2818/705 727/2817/705
f 761/2824/706 762/2823/706 729/2822/706 728/2821/706
f 762/2828/707 763/2827/707 730/2826/707 729/2825/707
f 763/2832/708 764/2831/708 731/2830/708 730/2829/708
f 764/2836/709 765/2835/709 732/2834/709 731/2833/709
f 765/2840/710 766/2839/710 733/2838/710 732/2837/710
f 766/2844/711 767/2843/711 734/2842/711 733/2841/711
f 767/2848/712 768/2847/712 735/2846/712 734/2845/712
f 768/2852/713 769/2851/713 736/2850/713 735/2849/713
f 769/2856/714 770/2855/714 737/2854/714 736/2853/714
f 770/2860/715 771/2859/715 738/2858/715 737/2857/715
f 771/2864/716 772/2863/716 739/2862/716 738/2861/716
f 772/2868/717 773/2867/717 740/2866/717 739/2865/717
f 773/2872/718 774/2871/718 741/2870/718 740/2869/718
f 774/2876/719 775/2875/719 742/2874/719 741/2873/719
f 775/2880/720 776/2879/720 743/2878/720 742/2877/720
f 776/2884/721 777/2883/721 744/2882/721 743/2881/721
f 777/2888/722 778/2887/722 745/2886/722 744/2885/722
f 778/2892/723 779/2891/723 746/2890/723 745/2889/723
f 779/2896/724 780/2895/724 747/2894/724 746/2893/724
f 780/2900/725 781/2899/725 748/2898/725 747/2897/725
f 781/2904/726 782/2903/726 749/2902/726 748/2901/726
f 782/2908/727 783/2907/727 750/2906/727 749/2905/727
f 783/2912/728 784/2911/728 751/2910/728 750/2909/728
f 784/2916/729 785/2915/729 752/2914/729 751/2913/729
f 785/2920/730 786/2919/730 753/2918/730 752/2917/730
f 786/2924/731 787/2923/731 754/2922/731 753/2921/731
f 787/2928/732 788/2927/732 755/2926/732 754/2925/732
f 788/2932/733 789/2931/733 756/2930/733 755/2929/733
f 789/2936/734 790/2935/734 757/2934/734 756/2933/734
f 790/2940/735 791/2939/735 758/2938/735 757/2937/735
f 791/2944/736 792/2943/736 759/2942/736 758/2941/736
f 793/2948/737 794/2947/737 761/2946/737 760/2945/737
f 794/2952/738 795/2951/738 762/2950/738 761/2949/738
f 795/2956/739 796/2955/739 763/2954/739 762/2953/739
f 796/2960/740 797/2959/740 764/2958/740 763/2957/740
f 797/2964/741 798/2963/741 765/2962/741 764/2961/741
f 798/2968/742 799/2967/742 766/2966/742 765/2965/742
f 799/2972/743 800/2971/743 767/2970/743 766/2969/743
f 800/2976/744 801/2975/744 768/2974/744 767/2973/744
f 801/2980/745 802/2979/745 769/2978/745 768/2977/745
f 802/2984/746 803/2983/746 770/2982/746 769/2981/746
f 803/2988/747 804/2987/747 771/2986/747 770/2985/747
f 804/2992/748 805/2991/748 772/2990/748 771/2989/748
f 805/2996/749 806/2995/749 773/2994/749 772/2993/749
f 806/3000/750 807/2999/750 774/2998/750 773/2997/750
f 807/3004/751 808/3003/751 775/3002/751 774/3001/751
f 808/3008/752 809/3007/752 776/3006/752 775/3005/752
f 809/3012/753 810/3011/753 777/3010/753 776/3009/753
f 810/3016/754 811/3015/754 778/3014/754 777/3013/754
f 811/3020/755 812/3019/755 779/3018/755 778/3017/755
f 812/3024/756 813/3023/756 780/3022/756 779/3021/756
f 813/3028/757 814/3027/757 781/3026/757 780/3025/757
f 814/3032/758 815/3031/758 782/3030/758 781/3029/758
f 815/3036/759 816/3035/759 783/3034/759 782/3033/759
f 816/3040/760 817/3039/760 784/3038/760 783/3037/760
f 817/3044/761 818/3043/761 785/3042/761 784/3041/761
f 818/3048/762 819/3047/762 786/3046/762 785/3045/762
f 819/3052/763 820/3051/763 787/3050/763 786/3049/763
f 820/3056/764 821/3055/764 788/3054/764 787/3053/764
f 821/3060/765 822/3059/765 789/3058/765 788/3057/765
f 822/3064/766 823/3063/766 790/3062/766 789/3061/766
f 823/3068/767 824/3067/767 791/3066/767 790/3065/767
f 824/3072/768 825/3071/768 792/3070/768 791/3069/768
f 826/3076/769 827/3075/769 794/3074/769 793/3073/769
f 827/3080/770 828/3079/770 795/3078/770 794/3077/770
f 828/3084/771 829/3083/771 796/3082/771 795/3081/771
f 829/3088/772 830/3087/772 797/3086/772 796/3085/772
f 830/3092/773 831/3091/773 798/3090/773 797/3089/773
f 831/3096/774 832/3095/774 799/3094/774 798/3093/774
f 832/3100/775 833/3099/775 800/3098/775 799/3097/775
f 833/3104/776 834/3103/776 801/3102/776 800/3101/776
f 834/3108/777 835/3107/777 802/3106/777 801/3105/777
f 835/3112/778 836/3111/778 803/3110/778 802/3109/778
f 836/3116/779 837/3115/779 804/3114/779 803/3113/779
f 837/3120/780 838/3119/780 805/3118/780 804/3117/780
f 838/3124/781 839/3123/781 806/3122/781 805/3121/781
f 839/3128/782 840/3127/782 807/3126/782 806/3125/782
f 840/3132/783 841/3131/783 808/3130/783 807/3129/783
f 841/3136/784 842/3135/784 809/3134/784 808/3133/784
f 842/3140/785 843/3139/785 810/3138/785 809/3137/785
f 843/3144/786 844/3143/786 811/3142/786 810/3141/786
f 844/3148/787 845/3147/787 812/3146/787 811/3145/787
f 845/3152/788 846/3151/788 813/3150/788 812/3149/788
f 846/3156/789 847/3155/789 814/3154/789 813/3153/789
f 847/3160/790 848/3159/790 815/3158/790 814/3157/790
f 848/3164/791 849/3163/791 816/3162/791 815/3161/791
f 849/3168/792 850/3167/792 817/3166/792 816/3165/792
f 850/3172/793 851/3171/793 818/3170/793 817/3169/793
f 851/3176/794 852/3175/794 819/3174/794 818/3173/794
f 852/3180/795 853/3179/795 820/3178/795 819/3177/795
f 853/3184/796 854/3183/796 821/3182/796 820/3181/796
f 854/3188/797 855/3187/797 822/3186/797 821/3185/797
f 855/3192/798 856/3191/798 823/3190/798 822/3189/798
f 856/3196/799 857/3195/799 824/3194/799 823/3193/799
f 857/3200/800 858/3199/800 825/3198/800 824/3197/800
f 859/3204/801 860/3203/801 827/3202/801 826/3201/801
f 860/3208/802 861/3207/802 828/3206/802 827/3205/802
f 861/3212/803 862/3211/803 829/3210/803 828/3209/803
f 862/3216/804 863/3215/804 830/3214/804 829/3213/804
f 863/3220/805 864/3219/805 831/3218/805 830/3217/805
f 864/3224/806 865/3223/806 832/3222/806 831/3221/806
f 865/3228/807 866/3227/807 833/3226/807 832/3225/807
f 866/3232/808 867/3231/808 834/3230/808 833/3229/808
f 867/3236/809 868/3235/809 835/3234/809 834/3233/809
f 868/3240/810 869/3239/810 836/3238/810 835/3237/810
f 869/3244/811 870/3243/811 837/3242/811 836/3241/811
f 870/3248/812 871/3247/812 838/3246/812 837/3245/812
f 871/3252/813 872/3251/813 839/3250/813 838/3249/813
f 872/3256/814 873/3255/814 840/3254/814 839/3253/814
f 873/3260/815 874/3259/815 841/3258/815 840/3257/815
f 874/3264/816 875/3263/816 842/3262/816 841/3261/816
f 875/3268/817 876/3267/817 843/3266/817 842/3265/817
f 876/3272/818 877/3271/818 844/3270/818 843/3269/818
f 877/3276/819 878/3275/819 845/3274/819 844/3273/819
f 878/3280/820 879/3279/820 846/3278/820 845/3277/820
f 879/3284/821 880/3283/821 847/3282/821 846/3281/821
f 880/3288/822 881/3287/822 848/3286/822 847/3285/822
f 881/3292/823 882/3291/823 849/3290/823 848/3289/823
f 882/3296/824 883/3295/824 850/3294/824 849/3293/824
f 883/3300/825 884/3299/825 851/3298/825 850/3297/825
f 884/3304/826 885/3303/826 852/3302/826 851/3301/826
f 885/3308/827 886/3307/827 853/3306/827 852/3305/827
f 886/3312/828 887/3311/828 854/3310/828 853/3309/828
f 887/3316/829 888/3315/829 855/3314/829 854/3313/829
f 888/3320/830 889/3319/830 856/3318/830 855/3317/830
f 889/3324/831 890/3323/831 857/3322/831 856/3321/831
f 890/3328/832 891/3327/832 858/3326/832 857/3325/832
f 892/3332/833 893/3331/833 860/3330/833 859/3329/833
f 893/3336/834 894/3335/834 861/3334/834 860/3333/834
f 894/3340/835 895/3339/835 862/3338/835 861/3337/835
f 895/3344/836 896/3343/836 863/3342/836 862/3341/836
f 896/3348/837 897/3347/837 864/3346/837 863/3345/837
f 897/3352/838 898/3351/838 865/3350/838 864/3349/838
f 898/3356/839 899/3355/839 866/3354/839 865/3353/839
f 899/3360/840 900/3359/840 867/3358/840 866/3357/840
f 900/3364/841 901/3363/841 868/3362/841 867/3361/841
f 901/3368/842 902/3367/842 869/3366/842 868/3365/842
f 902/3372/843 903/3371/843 870/3370/843 869/3369/843
f 903/3376/844 904/3375/844 871/3374/844 870/3373/844
f 904/3380/845 905/3379/845 872/3378/845 871/3377/845
f 905/3384/846 906/3383/846 873/3382/846 872/3381/846
f 906/3388/847 907/3387/847 874/3386/847 873/3385/847
f 907/3392/848 908/3391/848 875/3390/848 874/3389/848
f 908/3396/849 909/3395/849 876/3394/849 875/3393/849
f 909/3400/850 910/3399/850 877/3398/850 876/3397/850
f 910/3404/851 911/3403/851 878/3402/851 877/3401/851
f 911/3408/852 912/3407/852 879/3406/852 878/3405/852
f 912/3412/853 913/3411/853 880/3410/853 879/3409/853
f 913/3416/854 914/3415/854 881/3414/854 880/3413/854
f 914/3420/855 915/3419/855 882/3418/855 881/3417/855
f 915/3424/856 916/3423/856 883/3422/856 882/3421/856
f 916/3428/857 917/3427/857 884/3426/857 883/3425/857
f 917/3432/858 918/3431/858 885/3430/858 884/3429/858
f 918/3436/859 919/3435/859 886/3434/859 885/3433/859
f 919/3440/860 920/3439/860 887/3438/860 886/3437/860
f 920/3444/861 921/3443/861 888/3442/861 887/3441/861
f 921/3448/862 922/3447/862 889/3446/862 888/3445/862
f 922/3452/863 923/3451/863 890/3450/863 889/3449/863
f 923/3456/864 924/3455/864 891/3454/864 890/3453/864
f 925/3460/865 926/3459/865 893/3458/865 892/3457/865
f 926/3464/866 927/3463/866 894/3462/866 893/3461/866
f 927/3468/867 928/3467/867 895/3466/867 894/3465/867
f 928/3472/868 929/3471/868 896/3470/868 895/3469/868
f 929/3476/869 930/3475/869 897/3474/869 896/3473/869
f 930/3480/870 931/3479/870 898/3478/870 897/3477/870
f 931/3484/871 932/3483/871 899/3482/871 898/3481/871
f 932/3488/872 933/3487/872 900/3486/872 899/3485/872
f 933/3492/873 934/3491/873 901/3490/873 900/3489/873
f 934/3496/874 935/3495/874 902/3494/874 901/3493/874
f 935/3500/875 936/3499/875 903/3498/875 902/3497/875
f 936/3504/876 937/3503/876 904/3502/876 903/3501/876
f 937/3508/877 938/3507/877 905/3506/877 904/3505/877
f 938/3512/878 939/3511/878 906/3510/878 905/3509/878
f 939/3516/879 940/3515/879 907/3514/879 906/3513/879
f 940/3520/880 941/3519/880 908/3518/880 907/3517/880
f 941/3524/881 942/3523/881 909/3522/881 908/3521/881
f 942/3528/882 943/3527/882 910/3526/882 909/3525/882
f 943/3532/883 944/3531/883 911/3530/883 910/3529/883
f 944/3536/884 945/3535/884 912/3534/884 911/3533/884
f 945/3540/885 946/3539/885 913/3538/885 912/3537/885
f 946/3544/886 947/3543/886 914/3542/886 913/3541/886
f 947/3548/887 948/3547/887 915/3546/887 914/3545/887
f 948/3552/888 949/3551/888 916/3550/888 915/3549/888
f 949/3556/889 950/3555/889 917/3554/889 916/3553/889
f 950/3560/890 951/3559/890 918/3558/890 917/3557/890
f 951/3564/891 952/3563/891 919/3562/891 918/3561/891
f 952/3568/892 953/3567/892 920/3566/892 919/3565/892
f 953/3572/893 954/3571/893 921/3570/893 920/3569/893
f 954/3576/894 955/3575/894 922/3574/894 921/3573/894
f 955/3580/895 956/3579/895 923/3578/895 922/3577/895
f 956/3584/896 957/3583/896 924/3582/896 923/3581/896
f 958/3588/897 959/3587/897 926/3586/897 925/3585/897
f 959/3592/898 960/3591/898 927/3590/898 926/3589/898
f 960/3596/899 961/3595/899 928/3594/899 927/3593/899
f 961/3600/900 962/3599/900 929/3598/900 928/3597/900
f 962/3604/901 963/3603/901 930/3602/901 929/3601/901
f 963/3608/902 964/3607/902 931/3606/902 930/3605/902
f 964/3612/903 965/3611/903 932/3610/903 931/3609/903
f 965/3616/904 966/3615/904 933/3614/904 932/3613/904
f 966/3620/905 967/3619/905 934/3618/905 933/3617/905
f 967/3624/906 968/3623/906 935/3622/906 934/3621/906
f 968/3628/907 969/3627/907 936/3626/907 935/3625/907
f 969/3632/908 970/3631/908 937/3630/908 936/3629/908
f 970/3636/909 971/3635/909 938/3634/909 937/3633/909
f 971/3640/910 972/3639/910 939/3638/910 938/3637/910
f 972/3644/911 973/3643/911 940/3642/911 939/3641/911
f 973/3648/912 974/3647/912 941/3646/912 940/3645/912
f 974/3652/913 975/3651/913 942/3650/913 941/3649/913
f 975/3656/914 976/3655/914 943/3654/914 942/3653/914
f 976/3660/915 977/3659/915 944/3658/915 943/3657/915
f 977/3664/916 978/3663/916 945/3662/916 944/3661/916
f 978/3668/917 979/3667/917 946/3666/917 945/3665/917
f 979/3672/918 980/3671/918 947/3670/918 946/3669/918
f 980/3676/919 981/3675/919 948/3674/919 947/3673/919
f 981/3680/920 982/3679/920 949/3678/920 948/3677/920
f 982/3684/921 983/3683/921 950/3682/921 949/3681/921
f 983/3688/922 984/3687/922 951/3686/922 950/3685/922
f 984/3692/923 985/3691/923 952/3690/923 951/3689/923
f 985/3696/924 986/3695/924 953/3694/924 952/3693/924
f 986/3700/925 987/3699/925 954/3698/925 953/3697/925
f 987/3704/926 988/3703/926 955/3702/926 954/3701/926
f 988/3708/927 989/3707/927 956/3706/927 955/3705/927
f 989/3712/928 990/3711/928 957/3710/928 956/3709/928
f 991/3716/929 992/3715/929 959/3714/929 958/3713/929
f 992/3720/930 993/3719/930 960/3718/930 959/3717/930
f 993/3724/931 994/3723/931 961/3722/931 960/3721/931
f 994/3728/932 995/3727/932 962/3726/932 961/3725/932
f 995/3732/933 996/3731/933 963/3730/933 962/3729/933
f 996/3736/934 997/3735/934 964/3734/934 963/3733/934
f 997/3740/935 998/3739/935 965/3738/935 964/3737/935
f 998/3744/936 999/3743/936 966/3742/936 965/3741/936
f 999/3748/937 1000/3747/937 967/3746/937 966/3745/937
f 1000/3752/938 1001/3751/938 968/3750/938 967/3749/938
f 1001/3756/939 1002/3755/939 969/3754/939 968/3753/939
f 1002/3760/940 1003/3759/940 970/3758/940 969/3757/940
f 1003/3764/941 1004/3763/941 971/3762/941 970/3761/941
f 1004/3768/942 1005/3767/942 972/3766/942 971/3765/942
f 1005/3772/943 1006/3771/943 973/3770/943 972/3769/943
f 1006/3776/944 1007/3775/944 974/3774/944 973/3773/944
f 1007/3780/945 1008/3779/945 975/3778/945 974/3777/945
f 1008/3784/946 1009/3783/946 976/3782/946 975/3781/946
f 1009/3788/947 1010/3787/947 977/3786/947 976/3785/947
f 1010/3792/948 1011/3791/948 978/3790/948 977/3789/948
f 1011/3796/949 1012/3795/949 979/3794/949 978/3793/949
f 1012/3800/950 1013/3799/950 980/3798/950 979/3797/950
f 1013/3804/951 1014/3803/951 981/3802/951 980/3801/951
f 1014/3808/952 1015/3807/952 982/3806/952 981/3805/952
f 1015/3812/953 1016/3811/953 983/3810/953 982/3809/953
f 1016/3816/954 1017/3815/954 984/3814/954 983/3813/954
f 1017/3820/955 1018/3819/955 985/3818/955 984/3817/955
f 1018/3824/956 1019/3823/956 986/3822/956 985/3821/956
f 1019/3828/957 1020/3827/957 987/3826/957 986/3825/957
f 1020/3832/958 1021/3831/958 988/3830/958 987/3829/958
f 1021/3836/959 1022/3835/959 989/3834/959 988/3833/959
f 1022/3840/960 1023/3839/960 990/3838/960 989/3837/960
f 1024/3844/961 1025/3843/961 992/3842/961 991/3841/961
f 1025/3848/962 1026/3847/962 993/3846/962 992/3845/962
f 1026/3852/963 1027/3851/963 994/3850/963 993/3849/963
f 1027/3856/964 1028/3855/964 995/3854/964 994/3853/964
f 1028/3860/965 1029/3859/965 996/3858/965 995/3857/965
f 1029/3864/966 1030/3863/966 997/3862/966 996/3861/966
f 1030/3868/967 1031/3867/967 998/3866/967 997/3865/967
f 1031/3872/968 1032/3871/968 999/3870/968 998/3869/968
f 1032/3876/969 1033/3875/969 1000/3874/969 999/3873/969
f 1033/3880/970 1034/3879/970 1001/3878/970 1000/3877/970
f 1034/3884/971 1035/3883/971 1002/3882/971 1001/3881/971
f 1035/3888/972 1036/3887/972 1003/3886/972 1002/3885/972
f 1036/3892/973 1037/3891/973 1004/3890/973 1003/3889/973
f 1037/3896/974 1038/3895/974 1005/3894/974 1004/3893/974
f 1038/3900/975 1039/3899/975 1006/3898/975 1005/3897/975
f 1039/3904/976 1040/3903/976 1007/3902/976 1006/3901/976
f 1040/3908/977 1041/3907/977 1008/3906/977 1007/3905/977
f 1041/3912/978 1042/3911/978 1009/3910/978 1008/3909/978
f 1042/3916/979 1043/3915/979 1010/3914/979 1009/3913/979
f 1043/3920/980 1044/3919/980 1011/3918/980 1010/3917/980
f 1044/3924/981 1045/3923/981 1012/3922/981 1011/3921/981
f 1045/3928/982 1046/3927/982 1013/3926/982 1012/3925/982
f 1046/3932/983 1047/3931/983 1014/3930/983 1013/3929/983
f 1047/3936/984 1048/3935/984 1015/3934/984 1014/3933/984
f 1048/3940/985 1049/3939/985 1016/3938/985 1015/3937/985
f 1049/3944/986 1050/3943/986 1017/3942/986 1016/3941/986
f 1050/3948/987 1051/3947/987 1018/3946/987 1017/3945/987
f 1051/3952/988 1052/3951/988 1019/3950/988 1018/3949/988
f 1052/3956/989 1053/3955/989 1020/3954/989 1019/3953/989
f 1053/3960/990 1054/3959/990 1021/3958/990 1020/3957/990
f 1054/3964/991 1055/3963/991 1022/3962/991 1021/3961/991
f 1055/3968/992 1056/3967/992 1023/3966/992 1022/3965/992
f 1057/3972/993 1058/3971/993 1025/3970/993 1024/3969/993
f 1058/3976/994 1059/3975/994 1026/3974/994 1025/3973/994
f 1059/3980/995 1060/3979/995 1027/3978/995 1026/3977/995
f 1060/3984/996 1061/3983/996 1028/3982/996 1027/3981/996
f 1061/3988/997 1062/3987/997 1029/3986/997 1028/3985/997
f 1062/3992/998 1063/3991/998 1030/3990/998 1029/3989/998
f 1063/3996/999 1064/3995/999 1031/3994/999 1030/3993/999
f 1064/4000/1000 1065/3999/1000 1032/3998/1000 1031/3997/1000
f 1065/4004/1001 1066/4003/1001 1033/4002/1001 1032/4001/1001
f 1066/4008/1002 1067/4007/1002 1034/4006/1002 1033/4005/1002
f 1067/4012/1003 1068/4011/1003 1035/4010/1003 1034/4009/1003
f 1068/4016/1004 1069/4015/1004 1036/4014/1004 1035/4013/1004
f 1069/4020/1005 1070/4019/1005 1037/4018/1005 1036/4017/1005
f 1070/4024/1006 1071/4023/1006 1038/4022/1006 1037/4021/1006
f 1071/4028/1007 1072/4027/1007 1039/4026/1007 1038/4025/1007
f 1072/4032/1008 1073/4031/1008 1040/4030/1008 1039/4029/1008
f 1073/4036/1009 1074/4035/1009 1041/4034/1009 1040/4033/1009
f 1074/4040/1010 1075/4039/1010 1042/4038/1010 1041/4037/1010
f 1075/4044/1011 1076/4043/1011 1043/4042/1011 1042/4041/1011
f 1076/4048/1012 1077/4047/1012 1044/4046/1012 1043/4045/1012
f 1077/4052/1013 1078/4051/1013 1045/4050/1013 1044/4049/1013
f 1078/4056/1014 1079/4055/1014 1046/4054/1014 1045/4053/1014
f 1079/4060/1015 1080/4059/1015 1047/4058/1015 1046/4057/1015
f 1080/4064/1016 1081/4063/1016 1048/4062/1016 1047/4061/1016
f 1081/4068/1017 1082/4067/1017 1049/4066/1017 1048/4065/1017
f 1082/4072/1018 1083/4071/1018 1050/4070/1018 1049/4069/1018
f 1083/4076/1019 1084/4075/1019 1051/4074/1019 1050/4073/1019
f 1084/4080/1020 1085/4079/1020 1052/4078/1020 1051/4077/1020
f 1085/4084/1021 1086/4083/1021 1053/4082/1021 1052/4081/1021
f 1086/4088/1022 1087/4087/1022 1054/4086/1022 1053/4085/1022
f 1087/4092/1023 1088/4091/1023 1055/4090/1023 1054/4089/1023
f 1088/4096/1024 1089/4095/1024 1056/4094/1024 1055/4093/1024
